hhid,persid,main_journey_mode,mode_group,distance_group,income_level,hhsize_binned,bike_ownership,car_ownership,region_binned,age_binned,employment_binned
Y24H5740109,Y24H5740109P03,School Bus,Public,0–50,"$2,000-$2,499 ($104,000-$129,999)",5+,Sufficient bikes,True,Outer,10->19,Student
Y24H5740109,Y24H5740109P04,School Bus,Public,0–50,"$2,000-$2,499 ($104,000-$129,999)",5+,Sufficient bikes,True,Outer,10->19,Student
Y24H5740109,Y24H5740109P05,Walking,Active,0–50,"$2,000-$2,499 ($104,000-$129,999)",5+,Sufficient bikes,True,Outer,10->19,Student
Y24H5740131,Y24H5740131P03,School Bus,Public,0–50,"$4,000-$4,499 ($208,000-$233,999)",3-4,Sufficient bikes,True,Outer,10->19,Student
Y24H5740131,Y24H5740131P04,Vehicle Passenger,Private,0–50,"$4,000-$4,499 ($208,000-$233,999)",3-4,Sufficient bikes,True,Outer,10->19,Student
Y24H5740337,Y24H5740337P01,Vehicle Driver,Private,0–50,"$650-$799 ($33,800-$41,599)",2,Insufficient bikes,True,Inner,20->29,Full time
Y24H5740337,Y24H5740337P02,Train,Public,0–50,"$650-$799 ($33,800-$41,599)",2,Insufficient bikes,True,Inner,10->19,Student
Y24H5740340,Y24H5740340P02,Walking,Active,0–50,"$800-$999 ($41,600-$51,999)",2,Sufficient bikes,True,Inner,10->19,Student
Y24H5740501,Y24H5740501P03,Walking,Active,0–50,"$2,000-$2,499 ($104,000-$129,999)",3-4,Insufficient bikes,True,Outer,0->9,Student
Y24H5740501,Y24H5740501P04,Walking,Active,0–50,"$2,000-$2,499 ($104,000-$129,999)",3-4,Insufficient bikes,True,Outer,0->9,Student
Y24H5740505,Y24H5740505P03,Public Bus,Public,0–50,"$1-$149 ($1-$7,799)",3-4,Insufficient bikes,True,Outer,0->9,Not in labour force/Retired
Y24H5740519,Y24H5740519P03,Walking,Active,0–50,"$650-$799 ($33,800-$41,599)",3-4,No bikes,True,Outer,10->19,Student
Y24H5740522,Y24H5740522P03,Vehicle Passenger,Private,0–50,"$4,000-$4,499 ($208,000-$233,999)",3-4,No bikes,True,Outer,10->19,Student
Y24H5740525,Y24H5740525P03,Walking,Active,0–50,"$1,000-$1,249 ($52,000-$64,999)",5+,Insufficient bikes,True,Outer,0->9,Student
Y24H5740525,Y24H5740525P04,Walking,Active,0–50,"$1,000-$1,249 ($52,000-$64,999)",5+,Insufficient bikes,True,Outer,0->9,Student
Y24H5740529,Y24H5740529P03,Vehicle Passenger,Private,0–50,"$2,500-$2,999 ($130,000-$155,999)",3-4,No bikes,True,Outer,0->9,Student
Y24H5740530,Y24H5740530P03,Vehicle Passenger,Private,0–50,"$5,000-$5,999 ($260,000-$311,999)",3-4,No bikes,True,Outer,10->19,Student
Y24H5740533,Y24H5740533P03,Vehicle Passenger,Private,0–50,"$400-$499 ($20,800-$25,999)",3-4,Insufficient bikes,True,Outer,0->9,Not in labour force/Retired
Y24H5750204,Y24H5750204P02,Vehicle Passenger,Private,0–50,"$400-$499 ($20,800-$25,999)",2,No bikes,True,Middle,10->19,Student
Y24H5750216,Y24H5750216P03,Vehicle Passenger,Private,0–50,"$3,500-$3,999 ($182,000-$207,999)",3-4,No bikes,True,Middle,10->19,Student
Y24H5750233,Y24H5750233P03,Train,Public,0–50,"$300-$399 ($15,600-$20,799)",3-4,No bikes,True,Middle,20->29,Student
Y24H5750324,Y24H5750324P03,Walking,Active,0–50,"$1,500-$1,749 ($78,000-$90,999)",3-4,No bikes,True,Middle,0->9,Student
Y24H5750333,Y24H5750333P03,Train,Public,0–50,"$8,000 or more ($416,000 or more)",3-4,Insufficient bikes,True,Middle,20->29,Student
Y24H5750333,Y24H5750333P04,Tram,Public,0–50,"$8,000 or more ($416,000 or more)",3-4,Insufficient bikes,True,Middle,10->19,Student
Y24H5750401,Y24H5750401P04,Vehicle Passenger,Private,0–50,"$4,000-$4,499 ($208,000-$233,999)",3-4,No bikes,True,Outer,20->29,Student
Y24H5750403,Y24H5750403P04,Public Bus,Public,0–50,"$1,500-$1,749 ($78,000-$90,999)",5+,No bikes,True,Outer,10->19,Student
Y24H5750403,Y24H5750403P05,Public Bus,Public,0–50,"$1,500-$1,749 ($78,000-$90,999)",5+,No bikes,True,Outer,10->19,Student
Y24H5750415,Y24H5750415P03,Vehicle Passenger,Private,0–50,"$2,500-$2,999 ($130,000-$155,999)",3-4,Insufficient bikes,True,Outer,0->9,Student
Y24H5750418,Y24H5750418P05,Vehicle Passenger,Private,0–50,"$3,000-$3,499 ($156,000-$181,999)",5+,Insufficient bikes,True,Outer,10->19,Student
Y24H5750420,Y24H5750420P01,Vehicle Driver,Private,0–50,"$2,500-$2,999 ($130,000-$155,999)",1,Sufficient bikes,True,Outer,40->49,Full time
Y24H5750430,Y24H5750430P03,Vehicle Passenger,Private,0–50,"$1,250-$1,499 ($65,000-$77,999)",5+,No bikes,True,Outer,0->9,Student
Y24H5750430,Y24H5750430P04,Vehicle Passenger,Private,0–50,"$1,250-$1,499 ($65,000-$77,999)",5+,No bikes,True,Outer,0->9,Not in labour force/Retired
Y24H5750436,Y24H5750436P04,Vehicle Passenger,Private,0–50,"$300-$399 ($15,600-$20,799)",5+,Insufficient bikes,True,Outer,0->9,Student
Y24H5760231,Y24H5760231P03,Vehicle Passenger,Private,0–50,"$4,000-$4,499 ($208,000-$233,999)",3-4,No bikes,True,Outer,20->29,Student
Y24H5760232,Y24H5760232P03,Vehicle Passenger,Private,0–50,"$3,000-$3,499 ($156,000-$181,999)",3-4,Sufficient bikes,True,Outer,0->9,Student
Y24H5760310,Y24H5760310P02,Walking,Active,0–50,0,3-4,Insufficient bikes,True,Middle,0->9,Student
Y24H5760329,Y24H5760329P03,Vehicle Driver,Private,0–50,"$1,750-$1,999 ($91,000-$103,999)",3-4,Insufficient bikes,True,Middle,10->19,Student
Y24H5760329,Y24H5760329P04,Vehicle Passenger,Private,0–50,"$1,750-$1,999 ($91,000-$103,999)",3-4,Insufficient bikes,True,Middle,10->19,Student
Y24H5760331,Y24H5760331P03,Vehicle Passenger,Private,0–50,"$6,000-$7,999 ($312,000-$415,999)",3-4,Insufficient bikes,True,Middle,0->9,Student
Y24H5760331,Y24H5760331P03,Vehicle Passenger,Private,0–50,"$6,000-$7,999 ($312,000-$415,999)",3-4,Insufficient bikes,True,Middle,0->9,Student
Y24H5760424,Y24H5760424P03,Vehicle Passenger,Private,0–50,"$1,750-$1,999 ($91,000-$103,999)",3-4,Insufficient bikes,True,Middle,0->9,Student
Y24H5760511,Y24H5760511P05,Vehicle Passenger,Private,0–50,"$6,000-$7,999 ($312,000-$415,999)",5+,Insufficient bikes,True,Outer,10->19,Student
Y24H5760511,Y24H5760511P05,Vehicle Passenger,Private,0–50,"$6,000-$7,999 ($312,000-$415,999)",5+,Insufficient bikes,True,Outer,10->19,Student
Y24H5760511,Y24H5760511P06,Vehicle Passenger,Private,0–50,"$6,000-$7,999 ($312,000-$415,999)",5+,Insufficient bikes,True,Outer,0->9,Student
Y24H5760523,Y24H5760523P03,Vehicle Passenger,Private,0–50,"$3,000-$3,499 ($156,000-$181,999)",5+,No bikes,True,Outer,10->19,Student
Y24H5760523,Y24H5760523P04,Vehicle Passenger,Private,0–50,"$3,000-$3,499 ($156,000-$181,999)",5+,No bikes,True,Outer,10->19,Student
Y24H5760523,Y24H5760523P05,Vehicle Passenger,Private,0–50,"$3,000-$3,499 ($156,000-$181,999)",5+,No bikes,True,Outer,0->9,Student
Y24H5760525,Y24H5760525P03,Vehicle Passenger,Private,0–50,"$2,500-$2,999 ($130,000-$155,999)",3-4,No bikes,True,Outer,10->19,Student
Y24H5760533,Y24H5760533P03,Vehicle Passenger,Private,0–50,"$3,000-$3,499 ($156,000-$181,999)",3-4,Insufficient bikes,True,Outer,0->9,Student
Y24H5760533,Y24H5760533P04,Vehicle Passenger,Private,0–50,"$3,000-$3,499 ($156,000-$181,999)",3-4,Insufficient bikes,True,Outer,0->9,Student
Y24H5760537,Y24H5760537P03,Walking,Active,0–50,"$4,000-$4,499 ($208,000-$233,999)",5+,Insufficient bikes,True,Outer,10->19,Student
Y24H5760537,Y24H5760537P04,Vehicle Passenger,Private,0–50,"$4,000-$4,499 ($208,000-$233,999)",5+,Insufficient bikes,True,Outer,0->9,Student
Y24H5770201,Y24H5770201P03,Vehicle Passenger,Private,0–50,"$4,500-$4,999 ($234,000-$259,999)",3-4,Insufficient bikes,True,Outer,10->19,Student
Y24H5770201,Y24H5770201P04,Vehicle Passenger,Private,0–50,"$4,500-$4,999 ($234,000-$259,999)",3-4,Insufficient bikes,True,Outer,0->9,Student
Y24H5770212,Y24H5770212P03,Vehicle Passenger,Private,0–50,"$1,500-$1,749 ($78,000-$90,999)",3-4,Sufficient bikes,True,Outer,0->9,Student
Y24H5770240,Y24H5770240P03,Vehicle Passenger,Private,0–50,"$1,750-$1,999 ($91,000-$103,999)",3-4,Insufficient bikes,True,Outer,0->9,Student
Y24H5770322,Y24H5770322P03,Tram,Public,0–50,"$3,500-$3,999 ($182,000-$207,999)",3-4,Sufficient bikes,True,Inner,20->29,Student
Y24H5770517,Y24H5770517P03,Walking,Active,0–50,"$3,000-$3,499 ($156,000-$181,999)",3-4,Sufficient bikes,True,Middle,0->9,Student
Y24H5780104,Y24H5780104P03,Vehicle Driver,Private,0–50,"$2,000-$2,499 ($104,000-$129,999)",3-4,No bikes,True,Outer,20->29,Student
Y24H5780108,Y24H5780108P03,Vehicle Passenger,Private,0–50,"$1,250-$1,499 ($65,000-$77,999)",3-4,Insufficient bikes,True,Outer,10->19,Student
Y24H5780108,Y24H5780108P04,Vehicle Passenger,Private,0–50,"$1,250-$1,499 ($65,000-$77,999)",3-4,Insufficient bikes,True,Outer,0->9,Student
Y24H5780122,Y24H5780122P03,Vehicle Driver,Private,0–50,"$4,500-$4,999 ($234,000-$259,999)",3-4,No bikes,True,Outer,10->19,Student
Y24H5780140,Y24H5780140P03,Vehicle Passenger,Private,0–50,"$1,750-$1,999 ($91,000-$103,999)",3-4,No bikes,True,Outer,10->19,Student
Y24H5780140,Y24H5780140P04,Vehicle Passenger,Private,0–50,"$1,750-$1,999 ($91,000-$103,999)",3-4,No bikes,True,Outer,0->9,Student
Y24H5780204,Y24H5780204P03,Vehicle Passenger,Private,0–50,"$6,000-$7,999 ($312,000-$415,999)",3-4,Sufficient bikes,True,Middle,0->9,Student
Y24H5780204,Y24H5780204P04,Vehicle Passenger,Private,0–50,"$6,000-$7,999 ($312,000-$415,999)",3-4,Sufficient bikes,True,Middle,0->9,Student
Y24H5780303,Y24H5780303P02,Vehicle Passenger,Private,0–50,"$1,500-$1,749 ($78,000-$90,999)",3-4,Insufficient bikes,True,Inner,0->9,Student
Y24H5780308,Y24H5780308P03,School Bus,Public,0–50,"$6,000-$7,999 ($312,000-$415,999)",3-4,Sufficient bikes,True,Inner,10->19,Student
Y24H5780308,Y24H5780308P04,School Bus,Public,0–50,"$6,000-$7,999 ($312,000-$415,999)",3-4,Sufficient bikes,True,Inner,10->19,Student
Y24H5780318,Y24H5780318P04,School Bus,Public,0–50,"$3,500-$3,999 ($182,000-$207,999)",5+,No bikes,True,Inner,10->19,Student
Y24H5780318,Y24H5780318P05,School Bus,Public,0–50,"$3,500-$3,999 ($182,000-$207,999)",5+,No bikes,True,Inner,10->19,Student
Y24H5780324,Y24H5780324P03,Vehicle Passenger,Private,0–50,"$6,000-$7,999 ($312,000-$415,999)",5+,Insufficient bikes,True,Inner,10->19,Student
Y24H5780324,Y24H5780324P04,Vehicle Passenger,Private,0–50,"$6,000-$7,999 ($312,000-$415,999)",5+,Insufficient bikes,True,Inner,10->19,Student
Y24H5780324,Y24H5780324P05,Vehicle Passenger,Private,0–50,"$6,000-$7,999 ($312,000-$415,999)",5+,Insufficient bikes,True,Inner,0->9,Student
Y24H5780330,Y24H5780330P03,Vehicle Passenger,Private,0–50,"$3,000-$3,499 ($156,000-$181,999)",3-4,Sufficient bikes,True,Inner,10->19,Student
Y24H5780330,Y24H5780330P04,Vehicle Passenger,Private,0–50,"$3,000-$3,499 ($156,000-$181,999)",3-4,Sufficient bikes,True,Inner,10->19,Student
Y24H5780405,Y24H5780405P03,Vehicle Passenger,Private,0–50,"$4,500-$4,999 ($234,000-$259,999)",3-4,Sufficient bikes,True,Inner,0->9,Student
Y24H5780416,Y24H5780416P04,Walking,Active,0–50,"$2,000-$2,499 ($104,000-$129,999)",3-4,Sufficient bikes,True,Inner,10->19,Student
Y24H5780417,Y24H5780417P03,Walking,Active,0–50,"$5,000-$5,999 ($260,000-$311,999)",3-4,Sufficient bikes,True,Inner,10->19,Student
Y24H5780417,Y24H5780417P04,Walking,Active,0–50,"$5,000-$5,999 ($260,000-$311,999)",3-4,Sufficient bikes,True,Inner,10->19,Student
Y24H5780436,Y24H5780436P01,Train,Public,0–50,"$1-$149 ($1-$7,799)",2,No bikes,True,Inner,30->39,Student
Y24H5780436,Y24H5780436P02,Vehicle Driver,Private,0–50,"$1-$149 ($1-$7,799)",2,No bikes,True,Inner,20->29,Student
Y24H5790103,Y24H5790103P03,Vehicle Passenger,Private,0–50,"$4,000-$4,499 ($208,000-$233,999)",3-4,Sufficient bikes,True,Outer,10->19,Student
Y24H5790124,Y24H5790124P03,Vehicle Passenger,Private,0–50,"$800-$999 ($41,600-$51,999)",3-4,No bikes,True,Outer,10->19,Student
Y24H5790124,Y24H5790124P04,Vehicle Passenger,Private,0–50,"$800-$999 ($41,600-$51,999)",3-4,No bikes,True,Outer,0->9,Student
Y24H5790125,Y24H5790125P04,Vehicle Passenger,Private,0–50,"$6,000-$7,999 ($312,000-$415,999)",3-4,Insufficient bikes,True,Outer,0->9,Student
Y24H5790208,Y24H5790208P03,Vehicle Passenger,Private,0–50,"$1,750-$1,999 ($91,000-$103,999)",3-4,Insufficient bikes,True,Middle,0->9,Student
Y24H5790212,Y24H5790212P04,Train,Public,0–50,"$4,000-$4,499 ($208,000-$233,999)",3-4,Insufficient bikes,True,Middle,10->19,Student
Y24H5790215,Y24H5790215P03,Vehicle Passenger,Private,0–50,"$5,000-$5,999 ($260,000-$311,999)",3-4,Insufficient bikes,True,Middle,0->9,Student
Y24H5790217,Y24H5790217P03,Vehicle Passenger,Private,0–50,"$3,000-$3,499 ($156,000-$181,999)",5+,Insufficient bikes,True,Middle,0->9,Student
Y24H5790217,Y24H5790217P04,Vehicle Passenger,Private,0–50,"$3,000-$3,499 ($156,000-$181,999)",5+,Insufficient bikes,True,Middle,0->9,Student
Y24H5790218,Y24H5790218P04,Bicycle,Active,0–50,"$3,000-$3,499 ($156,000-$181,999)",3-4,Insufficient bikes,True,Middle,10->19,Student
Y24H5790223,Y24H5790223P06,Vehicle Passenger,Private,0–50,"$2,500-$2,999 ($130,000-$155,999)",5+,Insufficient bikes,True,Middle,0->9,Student
Y24H5790230,Y24H5790230P04,Vehicle Passenger,Private,0–50,"$3,000-$3,499 ($156,000-$181,999)",3-4,No bikes,True,Middle,10->19,Student
Y24H5790237,Y24H5790237P03,Walking,Active,0–50,"$3,000-$3,499 ($156,000-$181,999)",3-4,Sufficient bikes,True,Middle,10->19,Student
Y24H5790237,Y24H5790237P04,Vehicle Passenger,Private,0–50,"$3,000-$3,499 ($156,000-$181,999)",3-4,Sufficient bikes,True,Middle,10->19,Student
Y24H5790240,Y24H5790240P05,Vehicle Passenger,Private,0–50,"$4,500-$4,999 ($234,000-$259,999)",5+,Insufficient bikes,True,Middle,10->19,Student
Y24H5790240,Y24H5790240P06,Vehicle Passenger,Private,0–50,"$4,500-$4,999 ($234,000-$259,999)",5+,Insufficient bikes,True,Middle,10->19,Student
Y24H5790240,Y24H5790240P07,Vehicle Passenger,Private,0–50,"$4,500-$4,999 ($234,000-$259,999)",5+,Insufficient bikes,True,Middle,10->19,Student
Y24H5790316,Y24H5790316P04,Vehicle Passenger,Private,0–50,"$6,000-$7,999 ($312,000-$415,999)",5+,Insufficient bikes,True,Inner,10->19,Student
Y24H5790316,Y24H5790316P05,Vehicle Passenger,Private,0–50,"$6,000-$7,999 ($312,000-$415,999)",5+,Insufficient bikes,True,Inner,10->19,Student
Y24H5800202,Y24H5800202P04,Vehicle Driver,Private,0–50,"$3,500-$3,999 ($182,000-$207,999)",3-4,Insufficient bikes,True,Inner,20->29,Student
Y24H5800210,Y24H5800210P04,Train,Public,0–50,"$5,000-$5,999 ($260,000-$311,999)",3-4,Insufficient bikes,True,Inner,10->19,Student
Y24H5800215,Y24H5800215P03,Vehicle Passenger,Private,0–50,"$3,500-$3,999 ($182,000-$207,999)",5+,Insufficient bikes,True,Inner,20->29,Student
Y24H5800215,Y24H5800215P04,Vehicle Passenger,Private,0–50,"$3,500-$3,999 ($182,000-$207,999)",5+,Insufficient bikes,True,Inner,10->19,Student
Y24H5800215,Y24H5800215P05,Vehicle Passenger,Private,0–50,"$3,500-$3,999 ($182,000-$207,999)",5+,Insufficient bikes,True,Inner,10->19,Student
Y24H5800217,Y24H5800217P05,Train,Public,0–50,"$4,500-$4,999 ($234,000-$259,999)",5+,Sufficient bikes,True,Inner,10->19,Student
Y24H5800218,Y24H5800218P04,Vehicle Passenger,Private,0–50,"$1,250-$1,499 ($65,000-$77,999)",3-4,No bikes,True,Inner,10->19,Student
Y24H5800219,Y24H5800219P03,Walking,Active,0–50,"$2,000-$2,499 ($104,000-$129,999)",5+,Insufficient bikes,True,Inner,10->19,Student
Y24H5800219,Y24H5800219P04,Walking,Active,0–50,"$2,000-$2,499 ($104,000-$129,999)",5+,Insufficient bikes,True,Inner,0->9,Student
Y24H5800231,Y24H5800231P05,Vehicle Passenger,Private,0–50,"$4,500-$4,999 ($234,000-$259,999)",5+,Insufficient bikes,True,Middle,10->19,Student
Y24H5800237,Y24H5800237P03,Vehicle Driver,Private,0–50,"$6,000-$7,999 ($312,000-$415,999)",3-4,No bikes,True,Middle,20->29,Student
Y24H5800237,Y24H5800237P04,Vehicle Driver,Private,0–50,"$6,000-$7,999 ($312,000-$415,999)",3-4,No bikes,True,Middle,20->29,Student
Y24H5800239,Y24H5800239P03,Vehicle Passenger,Private,0–50,"$500-$649 ($26,000-$33,799)",3-4,Insufficient bikes,True,Middle,10->19,Student
Y24H5800239,Y24H5800239P04,Vehicle Passenger,Private,0–50,"$500-$649 ($26,000-$33,799)",3-4,Insufficient bikes,True,Middle,10->19,Student
Y24H5800338,Y24H5800338P03,Walking,Active,0–50,"$400-$499 ($20,800-$25,999)",3-4,No bikes,False,Inner,20->29,Part time
Y24H5800339,Y24H5800339P01,Tram,Public,0–50,0,2,No bikes,False,Inner,20->29,Student
Y24H5800339,Y24H5800339P02,Train,Public,0–50,0,2,No bikes,False,Inner,20->29,Student
Y24H5800439,Y24H5800439P04,Vehicle Passenger,Private,0–50,"$6,000-$7,999 ($312,000-$415,999)",5+,No bikes,True,Middle,10->19,Student
Y24H5800439,Y24H5800439P05,Vehicle Passenger,Private,0–50,"$6,000-$7,999 ($312,000-$415,999)",5+,No bikes,True,Middle,10->19,Student
Y24H5800540,Y24H5800540P03,Public Bus,Public,0–50,"$300-$399 ($15,600-$20,799)",5+,Insufficient bikes,True,Outer,10->19,Student
Y24H5800540,Y24H5800540P04,Public Bus,Public,0–50,"$300-$399 ($15,600-$20,799)",5+,Insufficient bikes,True,Outer,0->9,Student
Y24H5800540,Y24H5800540P05,Public Bus,Public,0–50,"$300-$399 ($15,600-$20,799)",5+,Insufficient bikes,True,Outer,0->9,Student
Y24H5810101,Y24H5810101P05,Vehicle Passenger,Private,0–50,"$4,000-$4,499 ($208,000-$233,999)",5+,Insufficient bikes,True,Outer,10->19,Student
Y24H5810102,Y24H5810102P04,Train,Public,0–50,"$2,000-$2,499 ($104,000-$129,999)",5+,Insufficient bikes,True,Outer,20->29,Student
Y24H5810102,Y24H5810102P05,Vehicle Passenger,Private,0–50,"$2,000-$2,499 ($104,000-$129,999)",5+,Insufficient bikes,True,Outer,10->19,Student
Y24H5810115,Y24H5810115P04,Vehicle Passenger,Private,0–50,"$5,000-$5,999 ($260,000-$311,999)",5+,Insufficient bikes,True,Outer,20->29,Student
Y24H5810115,Y24H5810115P05,Vehicle Passenger,Private,0–50,"$5,000-$5,999 ($260,000-$311,999)",5+,Insufficient bikes,True,Outer,10->19,Student
Y24H5810123,Y24H5810123P03,Vehicle Passenger,Private,0–50,"$3,000-$3,499 ($156,000-$181,999)",3-4,Sufficient bikes,True,Outer,10->19,Student
Y24H5810126,Y24H5810126P03,Vehicle Passenger,Private,0–50,"$3,500-$3,999 ($182,000-$207,999)",3-4,Insufficient bikes,True,Outer,10->19,Student
Y24H5810126,Y24H5810126P04,Vehicle Passenger,Private,0–50,"$3,500-$3,999 ($182,000-$207,999)",3-4,Insufficient bikes,True,Outer,10->19,Student
Y24H5810129,Y24H5810129P03,Vehicle Passenger,Private,0–50,"$2,500-$2,999 ($130,000-$155,999)",3-4,Insufficient bikes,True,Outer,0->9,Student
Y24H5810129,Y24H5810129P04,Vehicle Passenger,Private,0–50,"$2,500-$2,999 ($130,000-$155,999)",3-4,Insufficient bikes,True,Outer,0->9,Student
Y24H5810140,Y24H5810140P04,Vehicle Passenger,Private,0–50,"$3,000-$3,499 ($156,000-$181,999)",5+,Insufficient bikes,True,Outer,10->19,Student
Y24H5810140,Y24H5810140P05,Vehicle Passenger,Private,0–50,"$3,000-$3,499 ($156,000-$181,999)",5+,Insufficient bikes,True,Outer,0->9,Student
Y24H5810205,Y24H5810205P05,Vehicle Passenger,Private,0–50,"$3,000-$3,499 ($156,000-$181,999)",5+,Insufficient bikes,True,Middle,10->19,Student
Y24H5810209,Y24H5810209P05,Vehicle Passenger,Private,0–50,"$3,000-$3,499 ($156,000-$181,999)",5+,Insufficient bikes,True,Middle,10->19,Student
Y24H5810215,Y24H5810215P04,Vehicle Passenger,Private,0–50,"$500-$649 ($26,000-$33,799)",3-4,Sufficient bikes,True,Middle,10->19,Student
Y24H5810508,Y24H5810508P03,Vehicle Passenger,Private,0–50,"$5,000-$5,999 ($260,000-$311,999)",3-4,Sufficient bikes,True,Outer,10->19,Student
Y24H5810529,Y24H5810529P03,Walking,Active,0–50,"$3,000-$3,499 ($156,000-$181,999)",3-4,Sufficient bikes,True,Outer,10->19,Student
Y24H5810529,Y24H5810529P04,Walking,Active,0–50,"$3,000-$3,499 ($156,000-$181,999)",3-4,Sufficient bikes,True,Outer,10->19,Student
Y24H5820108,Y24H5820108P04,Vehicle Driver,Private,0–50,"$2,000-$2,499 ($104,000-$129,999)",3-4,No bikes,True,Outer,10->19,Student
Y24H5820330,Y24H5820330P03,Vehicle Passenger,Private,0–50,"$5,000-$5,999 ($260,000-$311,999)",3-4,Sufficient bikes,True,Inner,0->9,Student
Y24H5820408,Y24H5820408P03,Vehicle Passenger,Private,0–50,"$2,500-$2,999 ($130,000-$155,999)",3-4,Insufficient bikes,True,Outer,0->9,Student
Y24H5820437,Y24H5820437P03,Train,Public,50–100,"$4,000-$4,499 ($208,000-$233,999)",3-4,No bikes,True,Outer,20->29,Student
Y24H5820437,Y24H5820437P04,Vehicle Passenger,Private,0–50,"$4,000-$4,499 ($208,000-$233,999)",3-4,No bikes,True,Outer,10->19,Student
Y24H5820525,Y24H5820525P04,Train,Public,0–50,"$6,000-$7,999 ($312,000-$415,999)",5+,Insufficient bikes,True,Outer,20->29,Student
Y24H5830108,Y24H5830108P03,Vehicle Passenger,Private,0–50,"$3,000-$3,499 ($156,000-$181,999)",3-4,Sufficient bikes,True,Middle,10->19,Student
Y24H5840211,Y24H5840211P02,Vehicle Passenger,Private,0–50,"$2,500-$2,999 ($130,000-$155,999)",2,Sufficient bikes,True,Middle,10->19,Student
Y24H5840302,Y24H5840302P02,Train,Public,0–50,"$2,500-$2,999 ($130,000-$155,999)",2,No bikes,True,Inner,10->19,Student
Y24H5840319,Y24H5840319P03,Vehicle Passenger,Private,0–50,"$3,500-$3,999 ($182,000-$207,999)",3-4,Sufficient bikes,True,Inner,10->19,Student
Y24H5840319,Y24H5840319P04,Vehicle Passenger,Private,0–50,"$3,500-$3,999 ($182,000-$207,999)",3-4,Sufficient bikes,True,Inner,0->9,Student
Y24H5840333,Y24H5840333P02,Vehicle Passenger,Private,0–50,"$1,500-$1,749 ($78,000-$90,999)",2,Sufficient bikes,True,Inner,0->9,Student
Y24H5840402,Y24H5840402P03,Vehicle Passenger,Private,0–50,"$3,500-$3,999 ($182,000-$207,999)",3-4,Sufficient bikes,True,Outer,10->19,Student
Y24H5840412,Y24H5840412P03,Vehicle Passenger,Private,0–50,"$3,000-$3,499 ($156,000-$181,999)",3-4,Insufficient bikes,True,Outer,0->9,Student
Y24H5840431,Y24H5840431P03,Vehicle Passenger,Private,0–50,"$2,000-$2,499 ($104,000-$129,999)",3-4,Insufficient bikes,True,Outer,0->9,Student
Y24H5840501,Y24H5840501P03,Vehicle Passenger,Private,0–50,"$8,000 or more ($416,000 or more)",3-4,Insufficient bikes,True,Outer,0->9,Student
Y24H5840504,Y24H5840504P04,Vehicle Passenger,Private,0–50,"$3,500-$3,999 ($182,000-$207,999)",5+,Insufficient bikes,True,Outer,10->19,Student
Y24H5840504,Y24H5840504P05,Vehicle Passenger,Private,0–50,"$3,500-$3,999 ($182,000-$207,999)",5+,Insufficient bikes,True,Outer,0->9,Student
Y24H5840517,Y24H5840517P03,Vehicle Passenger,Private,0–50,"$2,500-$2,999 ($130,000-$155,999)",5+,Sufficient bikes,True,Outer,10->19,Student
Y24H5840532,Y24H5840532P03,Vehicle Passenger,Private,0–50,"$3,000-$3,499 ($156,000-$181,999)",3-4,Insufficient bikes,True,Outer,0->9,Student
Y24H5850202,Y24H5850202P03,Vehicle Passenger,Private,0–50,"$6,000-$7,999 ($312,000-$415,999)",3-4,Insufficient bikes,True,Outer,10->19,Student
Y24H5850202,Y24H5850202P04,Vehicle Passenger,Private,0–50,"$6,000-$7,999 ($312,000-$415,999)",3-4,Insufficient bikes,True,Outer,0->9,Student
Y24H5850208,Y24H5850208P05,Vehicle Passenger,Private,0–50,"$800-$999 ($41,600-$51,999)",5+,Insufficient bikes,True,Outer,0->9,Student
Y24H5850224,Y24H5850224P03,Vehicle Passenger,Private,0–50,"$1,500-$1,749 ($78,000-$90,999)",3-4,Insufficient bikes,True,Outer,10->19,Student
Y24H5850231,Y24H5850231P03,Public Bus,Public,0–50,"$1,250-$1,499 ($65,000-$77,999)",3-4,Insufficient bikes,True,Outer,10->19,Student
Y24H5850310,Y24H5850310P03,Train,Public,0–50,"$3,000-$3,499 ($156,000-$181,999)",5+,Insufficient bikes,True,Inner,20->29,Student
Y24H5850310,Y24H5850310P04,Vehicle Passenger,Private,0–50,"$3,000-$3,499 ($156,000-$181,999)",5+,Insufficient bikes,True,Inner,10->19,Student
Y24H5850310,Y24H5850310P05,Vehicle Passenger,Private,0–50,"$3,000-$3,499 ($156,000-$181,999)",5+,Insufficient bikes,True,Inner,10->19,Student
Y24H5850318,Y24H5850318P03,Walking,Active,0–50,"$2,500-$2,999 ($130,000-$155,999)",3-4,No bikes,True,Inner,0->9,Student
Y24H5850516,Y24H5850516P02,Vehicle Passenger,Private,0–50,"$800-$999 ($41,600-$51,999)",3-4,Insufficient bikes,True,Outer,0->9,Student
Y24H5850524,Y24H5850524P04,Vehicle Passenger,Private,0–50,"$2,500-$2,999 ($130,000-$155,999)",5+,Insufficient bikes,True,Outer,10->19,Student
Y24H5850540,Y24H5850540P03,Vehicle Passenger,Private,0–50,"$2,000-$2,499 ($104,000-$129,999)",3-4,Insufficient bikes,True,Outer,10->19,Student
Y24H5860105,Y24H5860105P03,Vehicle Driver,Private,0–50,"$5,000-$5,999 ($260,000-$311,999)",3-4,Sufficient bikes,True,Outer,20->29,Student
Y24H5860105,Y24H5860105P04,Train,Public,0–50,"$5,000-$5,999 ($260,000-$311,999)",3-4,Sufficient bikes,True,Outer,10->19,Student
Y24H5860123,Y24H5860123P04,Vehicle Passenger,Private,0–50,"$2,500-$2,999 ($130,000-$155,999)",3-4,Insufficient bikes,True,Outer,0->9,Student
Y24H5860132,Y24H5860132P03,Vehicle Passenger,Private,0–50,"$1,750-$1,999 ($91,000-$103,999)",3-4,Sufficient bikes,True,Outer,10->19,Student
Y24H5860230,Y24H5860230P02,Vehicle Passenger,Private,0–50,"$1,500-$1,749 ($78,000-$90,999)",3-4,Insufficient bikes,True,Outer,10->19,Student
Y24H5860230,Y24H5860230P03,Vehicle Passenger,Private,0–50,"$1,500-$1,749 ($78,000-$90,999)",3-4,Insufficient bikes,True,Outer,10->19,Student
Y24H5860326,Y24H5860326P03,Walking,Active,0–50,"$2,000-$2,499 ($104,000-$129,999)",3-4,No bikes,True,Inner,10->19,Student
Y24H5860333,Y24H5860333P03,Bicycle,Active,0–50,"$4,500-$4,999 ($234,000-$259,999)",5+,Sufficient bikes,True,Inner,10->19,Student
Y24H5860333,Y24H5860333P04,Bicycle,Active,0–50,"$4,500-$4,999 ($234,000-$259,999)",5+,Sufficient bikes,True,Inner,0->9,Student
Y24H5860337,Y24H5860337P03,Vehicle Passenger,Private,0–50,"$2,500-$2,999 ($130,000-$155,999)",3-4,Insufficient bikes,True,Inner,0->9,Student
Y24H5860415,Y24H5860415P04,Walking,Active,0–50,"$4,000-$4,499 ($208,000-$233,999)",5+,Sufficient bikes,True,Inner,10->19,Student
Y24H5860415,Y24H5860415P05,Walking,Active,0–50,"$4,000-$4,499 ($208,000-$233,999)",5+,Sufficient bikes,True,Inner,10->19,Student
Y24H5860432,Y24H5860432P03,Vehicle Passenger,Private,0–50,"$800-$999 ($41,600-$51,999)",3-4,Insufficient bikes,True,Inner,0->9,Student
Y24H5870115,Y24H5870115P04,Vehicle Passenger,Private,0–50,"$2,500-$2,999 ($130,000-$155,999)",5+,Insufficient bikes,True,Middle,10->19,Student
Y24H5870115,Y24H5870115P05,Vehicle Passenger,Private,0–50,"$2,500-$2,999 ($130,000-$155,999)",5+,Insufficient bikes,True,Middle,0->9,Student
Y24H5870116,Y24H5870116P04,Vehicle Passenger,Private,0–50,"$3,500-$3,999 ($182,000-$207,999)",3-4,Insufficient bikes,True,Middle,0->9,Student
Y24H5870122,Y24H5870122P03,Vehicle Passenger,Private,0–50,"$4,000-$4,499 ($208,000-$233,999)",3-4,Insufficient bikes,True,Middle,0->9,Student
Y24H5870131,Y24H5870131P01,Vehicle Driver,Private,0–50,"$500-$649 ($26,000-$33,799)",1,No bikes,True,Middle,70+,Student
Y24H5870302,Y24H5870302P04,Vehicle Passenger,Private,0–50,"$1,750-$1,999 ($91,000-$103,999)",3-4,No bikes,True,Middle,10->19,Student
Y24H5870303,Y24H5870303P03,Vehicle Passenger,Private,0–50,"$3,500-$3,999 ($182,000-$207,999)",5+,Insufficient bikes,True,Middle,10->19,Student
Y24H5870303,Y24H5870303P04,Vehicle Passenger,Private,0–50,"$3,500-$3,999 ($182,000-$207,999)",5+,Insufficient bikes,True,Middle,10->19,Student
Y24H5870303,Y24H5870303P05,Vehicle Passenger,Private,0–50,"$3,500-$3,999 ($182,000-$207,999)",5+,Insufficient bikes,True,Middle,10->19,Student
Y24H5870336,Y24H5870336P02,Public Bus,Public,0–50,"$3,000-$3,499 ($156,000-$181,999)",2,No bikes,True,Middle,30->39,Full time
Y24H5870417,Y24H5870417P03,Train,Public,0–50,"$3,500-$3,999 ($182,000-$207,999)",3-4,Sufficient bikes,True,Middle,10->19,Student
Y24H5870417,Y24H5870417P04,Train,Public,0–50,"$3,500-$3,999 ($182,000-$207,999)",3-4,Sufficient bikes,True,Middle,0->9,Student
Y24H5870426,Y24H5870426P03,Vehicle Passenger,Private,0–50,"$3,000-$3,499 ($156,000-$181,999)",3-4,Insufficient bikes,True,Middle,10->19,Student
Y24H5870426,Y24H5870426P04,Walking,Active,0–50,"$3,000-$3,499 ($156,000-$181,999)",3-4,Insufficient bikes,True,Middle,10->19,Student
Y24H5870537,Y24H5870537P03,Walking,Active,0–50,"$1,000-$1,249 ($52,000-$64,999)",5+,No bikes,True,Outer,10->19,Student
Y24H5870537,Y24H5870537P04,Walking,Active,0–50,"$1,000-$1,249 ($52,000-$64,999)",5+,No bikes,True,Outer,10->19,Student
Y24H5870537,Y24H5870537P05,Walking,Active,0–50,"$1,000-$1,249 ($52,000-$64,999)",5+,No bikes,True,Outer,10->19,Student
Y24H5880104,Y24H5880104P04,Vehicle Passenger,Private,0–50,"$2,000-$2,499 ($104,000-$129,999)",3-4,Insufficient bikes,True,Outer,0->9,Student
Y24H5880116,Y24H5880116P03,Vehicle Passenger,Private,0–50,"$2,500-$2,999 ($130,000-$155,999)",3-4,Sufficient bikes,True,Outer,10->19,Student
Y24H5880116,Y24H5880116P04,Vehicle Passenger,Private,0–50,"$2,500-$2,999 ($130,000-$155,999)",3-4,Sufficient bikes,True,Outer,10->19,Student
Y24H5880209,Y24H5880209P02,Walking,Active,0–50,"$800-$999 ($41,600-$51,999)",3-4,No bikes,True,Outer,10->19,Student
Y24H5880209,Y24H5880209P03,Vehicle Passenger,Private,0–50,"$800-$999 ($41,600-$51,999)",3-4,No bikes,True,Outer,10->19,Student
Y24H5880224,Y24H5880224P03,Vehicle Passenger,Private,0–50,"$1,750-$1,999 ($91,000-$103,999)",3-4,No bikes,True,Outer,10->19,Student
Y24H5880232,Y24H5880232P03,Walking,Active,0–50,"$2,500-$2,999 ($130,000-$155,999)",3-4,Insufficient bikes,True,Outer,0->9,Student
Y24H5880237,Y24H5880237P04,Walking,Active,0–50,"$800-$999 ($41,600-$51,999)",5+,Insufficient bikes,True,Outer,10->19,Student
Y24H5880237,Y24H5880237P05,Walking,Active,0–50,"$800-$999 ($41,600-$51,999)",5+,Insufficient bikes,True,Outer,10->19,Student
Y24H5880237,Y24H5880237P06,Walking,Active,0–50,"$800-$999 ($41,600-$51,999)",5+,Insufficient bikes,True,Outer,0->9,Student
Y24H5880504,Y24H5880504P03,Walking,Active,0–50,"$1,250-$1,499 ($65,000-$77,999)",5+,Insufficient bikes,True,Middle,10->19,Student
Y24H5880504,Y24H5880504P04,Walking,Active,0–50,"$1,250-$1,499 ($65,000-$77,999)",5+,Insufficient bikes,True,Middle,10->19,Student
Y24H5890133,Y24H5890133P04,Vehicle Passenger,Private,0–50,"$6,000-$7,999 ($312,000-$415,999)",3-4,No bikes,True,Outer,10->19,Student
Y24H5890204,Y24H5890204P03,Vehicle Passenger,Private,0–50,"$3,000-$3,499 ($156,000-$181,999)",5+,No bikes,True,Middle,0->9,Student
Y24H5890224,Y24H5890224P03,Vehicle Driver,Private,0–50,"$5,000-$5,999 ($260,000-$311,999)",5+,Insufficient bikes,True,Middle,20->29,Student
Y24H5890226,Y24H5890226P03,Walking,Active,0–50,"$2,500-$2,999 ($130,000-$155,999)",3-4,Insufficient bikes,True,Middle,10->19,Student
Y24H5890226,Y24H5890226P04,Vehicle Passenger,Private,0–50,"$2,500-$2,999 ($130,000-$155,999)",3-4,Insufficient bikes,True,Middle,10->19,Student
Y24H5890312,Y24H5890312P03,Walking,Active,0–50,"$2,500-$2,999 ($130,000-$155,999)",3-4,No bikes,False,Inner,10->19,Student
Y24H5890312,Y24H5890312P04,Walking,Active,0–50,"$2,500-$2,999 ($130,000-$155,999)",3-4,No bikes,False,Inner,0->9,Student
Y24H5890524,Y24H5890524P03,Vehicle Passenger,Private,0–50,"$2,000-$2,499 ($104,000-$129,999)",3-4,Insufficient bikes,True,Outer,20->29,Student
Y24H5890524,Y24H5890524P04,Train,Public,0–50,"$2,000-$2,499 ($104,000-$129,999)",3-4,Insufficient bikes,True,Outer,20->29,Student
Y24H5890531,Y24H5890531P04,Vehicle Passenger,Private,0–50,"$3,500-$3,999 ($182,000-$207,999)",5+,Insufficient bikes,True,Outer,0->9,Student
Y24H5890532,Y24H5890532P03,Vehicle Passenger,Private,0–50,"$3,000-$3,499 ($156,000-$181,999)",3-4,Sufficient bikes,True,Outer,10->19,Student
Y24H5890532,Y24H5890532P04,Vehicle Passenger,Private,0–50,"$3,000-$3,499 ($156,000-$181,999)",3-4,Sufficient bikes,True,Outer,0->9,Student
Y24H5900201,Y24H5900201P03,Vehicle Passenger,Private,0–50,"$1,750-$1,999 ($91,000-$103,999)",5+,No bikes,True,Middle,0->9,Student
Y24H5900201,Y24H5900201P04,Vehicle Passenger,Private,0–50,"$1,750-$1,999 ($91,000-$103,999)",5+,No bikes,True,Middle,0->9,Student
Y24H5900210,Y24H5900210P02,Vehicle Driver,Private,0–50,"$3,500-$3,999 ($182,000-$207,999)",2,Sufficient bikes,True,Middle,60->69,Student
Y24H5900217,Y24H5900217P03,Vehicle Passenger,Private,0–50,"$3,500-$3,999 ($182,000-$207,999)",3-4,No bikes,True,Middle,10->19,Student
Y24H5900224,Y24H5900224P02,Train,Public,0–50,"$650-$799 ($33,800-$41,599)",3-4,Insufficient bikes,True,Middle,20->29,Part time
Y24H5900237,Y24H5900237P02,Vehicle Driver,Private,0–50,"$2,000-$2,499 ($104,000-$129,999)",2,Sufficient bikes,True,Middle,70+,Student
Y24H5900240,Y24H5900240P03,Train,Public,0–50,"$500-$649 ($26,000-$33,799)",3-4,Sufficient bikes,True,Middle,10->19,Student
Y24H5900302,Y24H5900302P02,Tram,Public,0–50,"$1,250-$1,499 ($65,000-$77,999)",2,Sufficient bikes,True,Inner,40->49,Student
Y24H5900411,Y24H5900411P05,Vehicle Passenger,Private,0–50,"$150-$299 ($7,800-$15,599)",5+,No bikes,True,Outer,0->9,Student
Y24H5910105,Y24H5910105P03,Vehicle Passenger,Private,0–50,"$2,000-$2,499 ($104,000-$129,999)",3-4,Insufficient bikes,True,Outer,0->9,Student
Y24H5910301,Y24H5910301P03,Vehicle Passenger,Private,0–50,"$6,000-$7,999 ($312,000-$415,999)",5+,Sufficient bikes,True,Inner,10->19,Student
Y24H5910301,Y24H5910301P04,Vehicle Passenger,Private,0–50,"$6,000-$7,999 ($312,000-$415,999)",5+,Sufficient bikes,True,Inner,0->9,Student
Y24H5910312,Y24H5910312P03,Tram,Public,0–50,"$5,000-$5,999 ($260,000-$311,999)",3-4,No bikes,True,Inner,10->19,Student
Y24H5910331,Y24H5910331P03,Vehicle Passenger,Private,0–50,"$6,000-$7,999 ($312,000-$415,999)",3-4,Sufficient bikes,True,Inner,10->19,Student
Y24H5910340,Y24H5910340P03,Vehicle Passenger,Private,0–50,"$3,000-$3,499 ($156,000-$181,999)",5+,Sufficient bikes,True,Inner,10->19,Student
Y24H5910340,Y24H5910340P04,Vehicle Passenger,Private,0–50,"$3,000-$3,499 ($156,000-$181,999)",5+,Sufficient bikes,True,Inner,10->19,Student
Y24H5910403,Y24H5910403P03,Vehicle Driver,Private,0–50,"$3,500-$3,999 ($182,000-$207,999)",3-4,No bikes,True,Middle,20->29,Full time
Y24H5910403,Y24H5910403P04,Public Bus,Public,0–50,"$3,500-$3,999 ($182,000-$207,999)",3-4,No bikes,True,Middle,10->19,Student
Y24H5910404,Y24H5910404P03,Walking,Active,0–50,"$1,250-$1,499 ($65,000-$77,999)",5+,Insufficient bikes,True,Middle,10->19,Student
Y24H5910404,Y24H5910404P04,Walking,Active,0–50,"$1,250-$1,499 ($65,000-$77,999)",5+,Insufficient bikes,True,Middle,0->9,Student
Y24H5910405,Y24H5910405P03,Bicycle,Active,0–50,"$2,500-$2,999 ($130,000-$155,999)",3-4,Sufficient bikes,True,Middle,10->19,Student
Y24H5910410,Y24H5910410P03,Bicycle,Active,0–50,"$2,500-$2,999 ($130,000-$155,999)",3-4,Sufficient bikes,True,Middle,0->9,Student
Y24H5910418,Y24H5910418P05,Public Bus,Public,0–50,"$2,000-$2,499 ($104,000-$129,999)",5+,No bikes,True,Middle,10->19,Student
Y24H5910418,Y24H5910418P06,Walking,Active,0–50,"$2,000-$2,499 ($104,000-$129,999)",5+,No bikes,True,Middle,10->19,Student
Y24H5910432,Y24H5910432P04,Vehicle Passenger,Private,0–50,"$2,500-$2,999 ($130,000-$155,999)",3-4,No bikes,True,Middle,10->19,Student
Y24H5910437,Y24H5910437P03,Walking,Active,0–50,"$1,500-$1,749 ($78,000-$90,999)",5+,No bikes,True,Middle,10->19,Student
Y24H5910437,Y24H5910437P04,Walking,Active,0–50,"$1,500-$1,749 ($78,000-$90,999)",5+,No bikes,True,Middle,10->19,Student
Y24H5910509,Y24H5910509P03,Vehicle Passenger,Private,0–50,"$4,000-$4,499 ($208,000-$233,999)",3-4,Insufficient bikes,True,Outer,10->19,Student
Y24H5910509,Y24H5910509P04,Vehicle Passenger,Private,0–50,"$4,000-$4,499 ($208,000-$233,999)",3-4,Insufficient bikes,True,Outer,0->9,Student
Y24H5920312,Y24H5920312P03,Walking,Active,0–50,"$4,500-$4,999 ($234,000-$259,999)",3-4,Insufficient bikes,True,Inner,10->19,Student
Y24H5930123,Y24H5930123P04,Train,Public,0–50,"$5,000-$5,999 ($260,000-$311,999)",3-4,Sufficient bikes,True,Middle,10->19,Student
Y24H5930139,Y24H5930139P03,Walking,Active,0–50,"$6,000-$7,999 ($312,000-$415,999)",3-4,Sufficient bikes,True,Middle,0->9,Student
Y24H5930319,Y24H5930319P03,Vehicle Passenger,Private,0–50,"$3,500-$3,999 ($182,000-$207,999)",5+,No bikes,True,Inner,0->9,Student
Y24H5930319,Y24H5930319P04,Vehicle Passenger,Private,0–50,"$3,500-$3,999 ($182,000-$207,999)",5+,No bikes,True,Inner,0->9,Student
Y24H5930402,Y24H5930402P03,Vehicle Passenger,Private,0–50,"$3,500-$3,999 ($182,000-$207,999)",5+,Insufficient bikes,True,Outer,10->19,Student
Y24H5930402,Y24H5930402P03,Vehicle Passenger,Private,0–50,"$3,500-$3,999 ($182,000-$207,999)",5+,Insufficient bikes,True,Outer,10->19,Student
Y24H5930402,Y24H5930402P04,Vehicle Passenger,Private,0–50,"$3,500-$3,999 ($182,000-$207,999)",5+,Insufficient bikes,True,Outer,0->9,Student
Y24H5930402,Y24H5930402P05,Vehicle Passenger,Private,0–50,"$3,500-$3,999 ($182,000-$207,999)",5+,Insufficient bikes,True,Outer,0->9,Student
Y24H5930423,Y24H5930423P02,Vehicle Passenger,Private,0–50,"$800-$999 ($41,600-$51,999)",3-4,Insufficient bikes,True,Outer,40->49,Student
Y24H5930423,Y24H5930423P03,Vehicle Passenger,Private,0–50,"$800-$999 ($41,600-$51,999)",3-4,Insufficient bikes,True,Outer,10->19,Student
Y24H5930423,Y24H5930423P04,Vehicle Passenger,Private,0–50,"$800-$999 ($41,600-$51,999)",3-4,Insufficient bikes,True,Outer,0->9,Student
Y24H5930429,Y24H5930429P02,Vehicle Passenger,Private,0–50,"$1,250-$1,499 ($65,000-$77,999)",2,Insufficient bikes,True,Outer,10->19,Student
Y24H5930509,Y24H5930509P03,Walking,Active,0–50,"$2,000-$2,499 ($104,000-$129,999)",3-4,Insufficient bikes,True,Middle,0->9,Student
Y24H5930530,Y24H5930530P03,Vehicle Passenger,Private,0–50,"$4,000-$4,499 ($208,000-$233,999)",3-4,Sufficient bikes,True,Middle,0->9,Student
Y24H5940112,Y24H5940112P03,Vehicle Passenger,Private,0–50,"$2,000-$2,499 ($104,000-$129,999)",3-4,Sufficient bikes,True,Outer,10->19,Student
Y24H5940112,Y24H5940112P04,Vehicle Passenger,Private,0–50,"$2,000-$2,499 ($104,000-$129,999)",3-4,Sufficient bikes,True,Outer,0->9,Student
Y24H5940233,Y24H5940233P04,Vehicle Passenger,Private,0–50,"$3,500-$3,999 ($182,000-$207,999)",3-4,Insufficient bikes,True,Middle,0->9,Student
Y24H5940237,Y24H5940237P05,Vehicle Passenger,Private,0–50,"$6,000-$7,999 ($312,000-$415,999)",5+,Insufficient bikes,True,Middle,10->19,Student
Y24H5940501,Y24H5940501P04,Vehicle Passenger,Private,0–50,"$3,500-$3,999 ($182,000-$207,999)",3-4,Sufficient bikes,True,Outer,10->19,Student
Y24H5940502,Y24H5940502P04,School Bus,Public,0–50,"$400-$499 ($20,800-$25,999)",5+,Sufficient bikes,True,Outer,10->19,Student
Y24H5940502,Y24H5940502P05,Vehicle Passenger,Private,0–50,"$400-$499 ($20,800-$25,999)",5+,Sufficient bikes,True,Outer,10->19,Student
Y24H5940503,Y24H5940503P04,Vehicle Passenger,Private,0–50,"$5,000-$5,999 ($260,000-$311,999)",3-4,No bikes,True,Outer,10->19,Student
Y24H5940508,Y24H5940508P03,Vehicle Passenger,Private,0–50,"$1,750-$1,999 ($91,000-$103,999)",5+,Sufficient bikes,True,Outer,0->9,Student
Y24H5940508,Y24H5940508P04,Vehicle Passenger,Private,0–50,"$1,750-$1,999 ($91,000-$103,999)",5+,Sufficient bikes,True,Outer,0->9,Student
Y24H5940525,Y24H5940525P03,Vehicle Passenger,Private,0–50,"$6,000-$7,999 ($312,000-$415,999)",3-4,Insufficient bikes,True,Outer,0->9,Student
Y24H5940532,Y24H5940532P03,School Bus,Public,0–50,"$2,500-$2,999 ($130,000-$155,999)",3-4,Sufficient bikes,True,Outer,10->19,Student
Y24H5940536,Y24H5940536P04,Vehicle Passenger,Private,0–50,"$4,000-$4,499 ($208,000-$233,999)",5+,No bikes,True,Outer,0->9,Student
Y24H5950215,Y24H5950215P03,Vehicle Passenger,Private,0–50,"$2,500-$2,999 ($130,000-$155,999)",3-4,Sufficient bikes,True,Middle,0->9,Student
Y24H5950217,Y24H5950217P05,Walking,Active,0–50,"$2,500-$2,999 ($130,000-$155,999)",5+,Insufficient bikes,True,Middle,10->19,Student
Y24H5950401,Y24H5950401P03,Walking,Active,0–50,"$3,500-$3,999 ($182,000-$207,999)",5+,Insufficient bikes,True,Middle,0->9,Student
Y24H5950401,Y24H5950401P04,Walking,Active,0–50,"$3,500-$3,999 ($182,000-$207,999)",5+,Insufficient bikes,True,Middle,0->9,Student
Y24H5950402,Y24H5950402P03,Walking,Active,0–50,"$3,000-$3,499 ($156,000-$181,999)",5+,Sufficient bikes,True,Middle,10->19,Student
Y24H5950402,Y24H5950402P04,Walking,Active,0–50,"$3,000-$3,499 ($156,000-$181,999)",5+,Sufficient bikes,True,Middle,0->9,Student
Y24H5950415,Y24H5950415P04,Walking,Active,0–50,"$5,000-$5,999 ($260,000-$311,999)",3-4,Insufficient bikes,True,Middle,0->9,Student
Y24H5950509,Y24H5950509P03,Vehicle Passenger,Private,0–50,"$3,500-$3,999 ($182,000-$207,999)",3-4,Insufficient bikes,True,Outer,0->9,Student
Y24H5950516,Y24H5950516P03,Vehicle Passenger,Private,0–50,"$2,500-$2,999 ($130,000-$155,999)",3-4,No bikes,True,Outer,10->19,Student
Y24H5950516,Y24H5950516P04,Vehicle Passenger,Private,0–50,"$2,500-$2,999 ($130,000-$155,999)",3-4,No bikes,True,Outer,0->9,Student
Y24H5980233,Y24H5980233P03,Tram,Public,0–50,"$650-$799 ($33,800-$41,599)",3-4,No bikes,True,Middle,20->29,Part time
Y24H5980233,Y24H5980233P04,Tram,Public,0–50,"$650-$799 ($33,800-$41,599)",3-4,No bikes,True,Middle,20->29,Part time
Y24H5980318,Y24H5980318P03,Vehicle Driver,Private,0–50,"$8,000 or more ($416,000 or more)",3-4,Insufficient bikes,True,Inner,20->29,Student
Y24H5990209,Y24H5990209P05,Vehicle Passenger,Private,0–50,"$5,000-$5,999 ($260,000-$311,999)",5+,Sufficient bikes,True,Outer,10->19,Student
Y24H5990326,Y24H5990326P03,Vehicle Passenger,Private,0–50,"$3,500-$3,999 ($182,000-$207,999)",3-4,Insufficient bikes,True,Middle,0->9,Student
Y24H5990422,Y24H5990422P02,Tram,Public,0–50,"$800-$999 ($41,600-$51,999)",2,Insufficient bikes,True,Outer,30->39,Student
Y24H6010124,Y24H6010124P03,Vehicle Passenger,Private,0–50,"$2,000-$2,499 ($104,000-$129,999)",3-4,Sufficient bikes,True,Outer,10->19,Student
Y24H6010124,Y24H6010124P04,Vehicle Passenger,Private,0–50,"$2,000-$2,499 ($104,000-$129,999)",3-4,Sufficient bikes,True,Outer,0->9,Student
Y24H6010209,Y24H6010209P04,Vehicle Passenger,Private,0–50,"$6,000-$7,999 ($312,000-$415,999)",3-4,Sufficient bikes,True,Middle,10->19,Student
Y24H6010216,Y24H6010216P03,Vehicle Passenger,Private,0–50,"$2,500-$2,999 ($130,000-$155,999)",5+,Insufficient bikes,True,Middle,10->19,Student
Y24H6010217,Y24H6010217P04,Vehicle Passenger,Private,0–50,"$4,000-$4,499 ($208,000-$233,999)",3-4,Insufficient bikes,True,Middle,10->19,Student
Y24H6010218,Y24H6010218P03,Vehicle Passenger,Private,0–50,"$1,250-$1,499 ($65,000-$77,999)",3-4,Insufficient bikes,True,Middle,10->19,Student
Y24H6010218,Y24H6010218P04,Vehicle Passenger,Private,0–50,"$1,250-$1,499 ($65,000-$77,999)",3-4,Insufficient bikes,True,Middle,10->19,Student
Y24H6010224,Y24H6010224P03,Vehicle Passenger,Private,0–50,"$4,000-$4,499 ($208,000-$233,999)",3-4,Sufficient bikes,True,Middle,10->19,Student
Y24H6010231,Y24H6010231P05,Vehicle Passenger,Private,0–50,"$6,000-$7,999 ($312,000-$415,999)",5+,Insufficient bikes,True,Middle,0->9,Student
Y24H6010505,Y24H6010505P03,Vehicle Passenger,Private,0–50,"$2,500-$2,999 ($130,000-$155,999)",3-4,Sufficient bikes,True,Middle,10->19,Student
Y24H6010505,Y24H6010505P04,Vehicle Passenger,Private,0–50,"$2,500-$2,999 ($130,000-$155,999)",3-4,Sufficient bikes,True,Middle,10->19,Student
Y24H6010513,Y24H6010513P01,Train,Public,0–50,"$1,750-$1,999 ($91,000-$103,999)",3-4,No bikes,True,Middle,30->39,Not in labour force/Retired
Y24H6010523,Y24H6010523P02,Train,Public,0–50,"$500-$649 ($26,000-$33,799)",3-4,Insufficient bikes,True,Outer,20->29,Full time
Y24H6020201,Y24H6020201P03,School Bus,Public,0–50,"$2,000-$2,499 ($104,000-$129,999)",3-4,No bikes,True,Outer,10->19,Student
Y24H6020201,Y24H6020201P04,School Bus,Public,0–50,"$2,000-$2,499 ($104,000-$129,999)",3-4,No bikes,True,Outer,10->19,Student
Y24H6020231,Y24H6020231P04,Vehicle Passenger,Private,0–50,"$1,750-$1,999 ($91,000-$103,999)",3-4,No bikes,True,Outer,10->19,Student
Y24H6020312,Y24H6020312P03,Vehicle Passenger,Private,0–50,"$3,000-$3,499 ($156,000-$181,999)",5+,Insufficient bikes,True,Inner,10->19,Student
Y24H6020312,Y24H6020312P04,Vehicle Passenger,Private,0–50,"$3,000-$3,499 ($156,000-$181,999)",5+,Insufficient bikes,True,Inner,10->19,Student
Y24H6020312,Y24H6020312P05,Vehicle Passenger,Private,0–50,"$3,000-$3,499 ($156,000-$181,999)",5+,Insufficient bikes,True,Inner,0->9,Student
Y24H6020333,Y24H6020333P03,Bicycle,Active,0–50,"$6,000-$7,999 ($312,000-$415,999)",3-4,Sufficient bikes,True,Inner,10->19,Student
Y24H6020333,Y24H6020333P04,Walking,Active,0–50,"$6,000-$7,999 ($312,000-$415,999)",3-4,Sufficient bikes,True,Inner,10->19,Student
Y24H6020337,Y24H6020337P03,Train,Public,0–50,"$3,500-$3,999 ($182,000-$207,999)",3-4,Sufficient bikes,True,Inner,10->19,Student
Y24H6020404,Y24H6020404P04,Train,Public,0–50,"$2,000-$2,499 ($104,000-$129,999)",3-4,Sufficient bikes,True,Middle,10->19,Student
Y24H6020405,Y24H6020405P02,Vehicle Passenger,Private,0–50,"$1-$149 ($1-$7,799)",3-4,Insufficient bikes,True,Middle,10->19,Student
Y24H6020405,Y24H6020405P03,Vehicle Passenger,Private,0–50,"$1-$149 ($1-$7,799)",3-4,Insufficient bikes,True,Middle,10->19,Student
Y24H6020405,Y24H6020405P04,Vehicle Passenger,Private,0–50,"$1-$149 ($1-$7,799)",3-4,Insufficient bikes,True,Middle,10->19,Student
Y24H6020409,Y24H6020409P03,Walking,Active,0–50,"$3,000-$3,499 ($156,000-$181,999)",3-4,Sufficient bikes,True,Middle,10->19,Student
Y24H6020409,Y24H6020409P04,Walking,Active,0–50,"$3,000-$3,499 ($156,000-$181,999)",3-4,Sufficient bikes,True,Middle,10->19,Student
Y24H6020424,Y24H6020424P04,Vehicle Passenger,Private,0–50,"$4,000-$4,499 ($208,000-$233,999)",5+,Insufficient bikes,True,Middle,10->19,Student
Y24H6020424,Y24H6020424P05,Vehicle Passenger,Private,0–50,"$4,000-$4,499 ($208,000-$233,999)",5+,Insufficient bikes,True,Middle,10->19,Student
Y24H6020432,Y24H6020432P04,Bicycle,Active,0–50,"$6,000-$7,999 ($312,000-$415,999)",5+,Sufficient bikes,True,Middle,0->9,Student
Y24H6020432,Y24H6020432P05,Bicycle,Active,0–50,"$6,000-$7,999 ($312,000-$415,999)",5+,Sufficient bikes,True,Middle,0->9,Student
Y24H6020508,Y24H6020508P03,Vehicle Passenger,Private,0–50,"$6,000-$7,999 ($312,000-$415,999)",5+,Insufficient bikes,True,Outer,10->19,Student
Y24H6020508,Y24H6020508P04,Vehicle Passenger,Private,0–50,"$6,000-$7,999 ($312,000-$415,999)",5+,Insufficient bikes,True,Outer,10->19,Student
Y24H6020538,Y24H6020538P03,Vehicle Passenger,Private,0–50,"$1,000-$1,249 ($52,000-$64,999)",3-4,Insufficient bikes,True,Outer,0->9,Student
Y24H6026132,Y24H6026132P03,Vehicle Passenger,Private,0–50,"$3,000-$3,499 ($156,000-$181,999)",3-4,Sufficient bikes,True,Other,10->19,Student
Y24H6026132,Y24H6026132P04,Vehicle Passenger,Private,0–50,"$3,000-$3,499 ($156,000-$181,999)",3-4,Sufficient bikes,True,Other,0->9,Student
Y24H6026133,Y24H6026133P03,Vehicle Passenger,Private,0–50,"$3,000-$3,499 ($156,000-$181,999)",3-4,Sufficient bikes,True,Other,10->19,Student
Y24H6026133,Y24H6026133P04,Vehicle Passenger,Private,0–50,"$3,000-$3,499 ($156,000-$181,999)",3-4,Sufficient bikes,True,Other,0->9,Student
Y24H6030105,Y24H6030105P06,Vehicle Passenger,Private,0–50,"$5,000-$5,999 ($260,000-$311,999)",5+,Insufficient bikes,True,Outer,10->19,Student
Y24H6030123,Y24H6030123P03,Vehicle Passenger,Private,0–50,"$3,000-$3,499 ($156,000-$181,999)",3-4,Sufficient bikes,True,Outer,10->19,Student
Y24H6030123,Y24H6030123P04,Vehicle Passenger,Private,0–50,"$3,000-$3,499 ($156,000-$181,999)",3-4,Sufficient bikes,True,Outer,10->19,Student
Y24H6030133,Y24H6030133P03,Public Bus,Public,0–50,"$2,000-$2,499 ($104,000-$129,999)",3-4,No bikes,True,Outer,10->19,Student
Y24H6030208,Y24H6030208P03,Walking,Active,0–50,"$2,500-$2,999 ($130,000-$155,999)",3-4,Sufficient bikes,True,Outer,0->9,Student
Y24H6030208,Y24H6030208P04,Walking,Active,0–50,"$2,500-$2,999 ($130,000-$155,999)",3-4,Sufficient bikes,True,Outer,0->9,Student
Y24H6030212,Y24H6030212P03,Walking,Active,0–50,"$500-$649 ($26,000-$33,799)",3-4,Insufficient bikes,True,Outer,0->9,Student
Y24H6030218,Y24H6030218P03,Vehicle Driver,Private,0–50,"$3,000-$3,499 ($156,000-$181,999)",3-4,No bikes,True,Outer,20->29,Student
Y24H6030229,Y24H6030229P03,Vehicle Passenger,Private,0–50,"$3,500-$3,999 ($182,000-$207,999)",3-4,Insufficient bikes,True,Outer,10->19,Student
Y24H6030229,Y24H6030229P04,Vehicle Passenger,Private,0–50,"$3,500-$3,999 ($182,000-$207,999)",3-4,Insufficient bikes,True,Outer,10->19,Student
Y24H6030236,Y24H6030236P03,Vehicle Passenger,Private,0–50,"$2,500-$2,999 ($130,000-$155,999)",3-4,Insufficient bikes,True,Outer,0->9,Student
Y24H6030402,Y24H6030402P03,Train,Public,0–50,"$1,500-$1,749 ($78,000-$90,999)",5+,No bikes,True,Middle,10->19,Student
Y24H6030402,Y24H6030402P04,Vehicle Passenger,Private,0–50,"$1,500-$1,749 ($78,000-$90,999)",5+,No bikes,True,Middle,0->9,Student
Y24H6030402,Y24H6030402P05,Vehicle Passenger,Private,0–50,"$1,500-$1,749 ($78,000-$90,999)",5+,No bikes,True,Middle,0->9,Student
Y24H6030405,Y24H6030405P03,School Bus,Public,0–50,"$5,000-$5,999 ($260,000-$311,999)",5+,Sufficient bikes,True,Middle,10->19,Student
Y24H6030405,Y24H6030405P04,School Bus,Public,0–50,"$5,000-$5,999 ($260,000-$311,999)",5+,Sufficient bikes,True,Middle,10->19,Student
Y24H6030405,Y24H6030405P05,School Bus,Public,0–50,"$5,000-$5,999 ($260,000-$311,999)",5+,Sufficient bikes,True,Middle,10->19,Student
Y24H6030440,Y24H6030440P03,Train,Public,0–50,"$2,000-$2,499 ($104,000-$129,999)",3-4,No bikes,True,Middle,10->19,Student
Y24H6030440,Y24H6030440P04,Vehicle Passenger,Private,0–50,"$2,000-$2,499 ($104,000-$129,999)",3-4,No bikes,True,Middle,0->9,Student
Y24H6030525,Y24H6030525P03,Vehicle Passenger,Private,0–50,"$5,000-$5,999 ($260,000-$311,999)",3-4,Sufficient bikes,True,Outer,10->19,Student
Y24H6030525,Y24H6030525P04,Vehicle Passenger,Private,0–50,"$5,000-$5,999 ($260,000-$311,999)",3-4,Sufficient bikes,True,Outer,0->9,Student
Y24H6036101,Y24H6036101P03,Vehicle Passenger,Private,0–50,"$1,250-$1,499 ($65,000-$77,999)",5+,No bikes,True,Other,10->19,Student
Y24H6036126,Y24H6036126P03,School Bus,Public,0–50,"$800-$999 ($41,600-$51,999)",3-4,Sufficient bikes,True,Other,10->19,Student
Y24H6036126,Y24H6036126P04,School Bus,Public,0–50,"$800-$999 ($41,600-$51,999)",3-4,Sufficient bikes,True,Other,10->19,Student
Y24H6036236,Y24H6036236P03,Vehicle Passenger,Private,0–50,"$2,500-$2,999 ($130,000-$155,999)",3-4,No bikes,True,Other,10->19,Student
Y24H6040203,Y24H6040203P03,Vehicle Passenger,Private,0–50,"$2,500-$2,999 ($130,000-$155,999)",3-4,Sufficient bikes,True,Middle,10->19,Student
Y24H6040224,Y24H6040224P03,Vehicle Passenger,Private,0–50,"$3,500-$3,999 ($182,000-$207,999)",3-4,Sufficient bikes,True,Middle,0->9,Student
Y24H6040312,Y24H6040312P02,Walking,Active,0–50,"$1,500-$1,749 ($78,000-$90,999)",2,Insufficient bikes,True,Middle,10->19,Student
Y24H6040316,Y24H6040316P03,Walking,Active,0–50,"$3,500-$3,999 ($182,000-$207,999)",5+,Insufficient bikes,True,Middle,10->19,Student
Y24H6040316,Y24H6040316P05,Vehicle Passenger,Private,0–50,"$3,500-$3,999 ($182,000-$207,999)",5+,Insufficient bikes,True,Middle,10->19,Student
Y24H6040319,Y24H6040319P03,Vehicle Passenger,Private,0–50,"$5,000-$5,999 ($260,000-$311,999)",3-4,Insufficient bikes,True,Middle,10->19,Student
Y24H6040319,Y24H6040319P04,Vehicle Passenger,Private,0–50,"$5,000-$5,999 ($260,000-$311,999)",3-4,Insufficient bikes,True,Middle,10->19,Student
Y24H6040338,Y24H6040338P03,Walking,Active,0–50,"$800-$999 ($41,600-$51,999)",3-4,Insufficient bikes,True,Middle,10->19,Student
Y24H6040338,Y24H6040338P04,Walking,Active,0–50,"$800-$999 ($41,600-$51,999)",3-4,Insufficient bikes,True,Middle,0->9,Student
Y24H6040501,Y24H6040501P02,Vehicle Passenger,Private,0–50,"$1,000-$1,249 ($52,000-$64,999)",3-4,No bikes,True,Outer,10->19,Student
Y24H6040501,Y24H6040501P03,Vehicle Passenger,Private,0–50,"$1,000-$1,249 ($52,000-$64,999)",3-4,No bikes,True,Outer,10->19,Student
Y24H6040501,Y24H6040501P04,Vehicle Passenger,Private,0–50,"$1,000-$1,249 ($52,000-$64,999)",3-4,No bikes,True,Outer,10->19,Student
Y24H6040515,Y24H6040515P06,Public Bus,Public,0–50,"$650-$799 ($33,800-$41,599)",5+,No bikes,True,Outer,10->19,Student
Y24H6040526,Y24H6040526P03,Train,Public,0–50,"$1,000-$1,249 ($52,000-$64,999)",3-4,Insufficient bikes,True,Outer,10->19,Student
Y24H6040526,Y24H6040526P04,Vehicle Passenger,Private,0–50,"$1,000-$1,249 ($52,000-$64,999)",3-4,Insufficient bikes,True,Outer,10->19,Student
Y24H6040536,Y24H6040536P03,Vehicle Passenger,Private,0–50,"$5,000-$5,999 ($260,000-$311,999)",3-4,Insufficient bikes,True,Outer,10->19,Student
Y24H6040538,Y24H6040538P03,Vehicle Passenger,Private,0–50,"$400-$499 ($20,800-$25,999)",3-4,Insufficient bikes,True,Outer,0->9,Student
Y24H6040539,Y24H6040539P03,Vehicle Passenger,Private,0–50,"$1,500-$1,749 ($78,000-$90,999)",5+,No bikes,True,Outer,0->9,Student
Y24H6046111,Y24H6046111P03,Vehicle Passenger,Private,0–50,"$3,500-$3,999 ($182,000-$207,999)",3-4,No bikes,True,Other,10->19,Student
Y24H6046123,Y24H6046123P02,Vehicle Passenger,Private,0–50,"$1,000-$1,249 ($52,000-$64,999)",2,No bikes,True,Other,10->19,Student
Y24H6046126,Y24H6046126P03,Vehicle Passenger,Private,0–50,"$2,500-$2,999 ($130,000-$155,999)",3-4,Insufficient bikes,True,Other,10->19,Student
Y24H6046208,Y24H6046208P03,School Bus,Public,50–100,"$6,000-$7,999 ($312,000-$415,999)",3-4,Sufficient bikes,True,Other,10->19,Student
Y24H6046208,Y24H6046208P04,School Bus,Public,50–100,"$6,000-$7,999 ($312,000-$415,999)",3-4,Sufficient bikes,True,Other,10->19,Student
Y24H6046212,Y24H6046212P03,Vehicle Passenger,Private,0–50,"$1,000-$1,249 ($52,000-$64,999)",3-4,No bikes,True,Other,0->9,Student
Y24H6050303,Y24H6050303P04,Walking,Active,0–50,"$400-$499 ($20,800-$25,999)",5+,No bikes,True,Middle,0->9,Student
Y24H6050305,Y24H6050305P05,Train,Public,0–50,"$2,500-$2,999 ($130,000-$155,999)",5+,No bikes,True,Middle,10->19,Part time
Y24H6050305,Y24H6050305P06,Train,Public,0–50,"$2,500-$2,999 ($130,000-$155,999)",5+,No bikes,True,Middle,10->19,Student
Y24H6050308,Y24H6050308P03,Train,Public,0–50,"$1,750-$1,999 ($91,000-$103,999)",3-4,Sufficient bikes,True,Middle,10->19,Part time
Y24H6050308,Y24H6050308P04,Walking,Active,0–50,"$1,750-$1,999 ($91,000-$103,999)",3-4,Sufficient bikes,True,Middle,10->19,Student
Y24H6050309,Y24H6050309P03,Walking,Active,0–50,"$1,000-$1,249 ($52,000-$64,999)",5+,Insufficient bikes,True,Middle,0->9,Student
Y24H6050309,Y24H6050309P04,Walking,Active,0–50,"$1,000-$1,249 ($52,000-$64,999)",5+,Insufficient bikes,True,Middle,0->9,Student
Y24H6050312,Y24H6050312P03,Vehicle Passenger,Private,0–50,"$6,000-$7,999 ($312,000-$415,999)",3-4,Sufficient bikes,True,Middle,10->19,Student
Y24H6050409,Y24H6050409P02,Train,Public,50–100,"$2,000-$2,499 ($104,000-$129,999)",3-4,No bikes,True,Outer,20->29,Student
Y24H6050409,Y24H6050409P04,School Bus,Public,0–50,"$2,000-$2,499 ($104,000-$129,999)",3-4,No bikes,True,Outer,10->19,Student
Y24H6050415,Y24H6050415P03,Vehicle Passenger,Private,0–50,"$4,000-$4,499 ($208,000-$233,999)",3-4,Insufficient bikes,True,Outer,0->9,Student
Y24H6050503,Y24H6050503P03,Train,Public,0–50,"$1,000-$1,249 ($52,000-$64,999)",5+,No bikes,True,Outer,20->29,Unemployment
Y24H6050503,Y24H6050503P05,Train,Public,50–100,"$1,000-$1,249 ($52,000-$64,999)",5+,No bikes,True,Outer,20->29,Student
Y24H6050509,Y24H6050509P03,Bicycle,Active,0–50,"$3,500-$3,999 ($182,000-$207,999)",3-4,Sufficient bikes,True,Outer,10->19,Student
Y24H6050518,Y24H6050518P03,Vehicle Passenger,Private,0–50,"$6,000-$7,999 ($312,000-$415,999)",5+,No bikes,True,Outer,0->9,Student
Y24H6050518,Y24H6050518P04,Vehicle Passenger,Private,0–50,"$6,000-$7,999 ($312,000-$415,999)",5+,No bikes,True,Outer,0->9,Student
Y24H6050530,Y24H6050530P04,Vehicle Passenger,Private,0–50,"$4,000-$4,499 ($208,000-$233,999)",3-4,Insufficient bikes,True,Outer,10->19,Student
Y24H6050539,Y24H6050539P03,Vehicle Passenger,Private,0–50,"$1,500-$1,749 ($78,000-$90,999)",3-4,Insufficient bikes,True,Outer,0->9,Student
Y24H6050540,Y24H6050540P03,Train,Public,0–50,"$4,000-$4,499 ($208,000-$233,999)",3-4,No bikes,True,Outer,10->19,Student
Y24H6050540,Y24H6050540P04,Vehicle Passenger,Private,0–50,"$4,000-$4,499 ($208,000-$233,999)",3-4,No bikes,True,Outer,10->19,Student
Y24H6056105,Y24H6056105P04,Vehicle Passenger,Private,0–50,"$3,000-$3,499 ($156,000-$181,999)",3-4,Insufficient bikes,True,Other,10->19,Student
Y24H6056112,Y24H6056112P03,School Bus,Public,0–50,"$3,000-$3,499 ($156,000-$181,999)",3-4,Sufficient bikes,True,Other,10->19,Student
Y24H6056112,Y24H6056112P04,School Bus,Public,0–50,"$3,000-$3,499 ($156,000-$181,999)",3-4,Sufficient bikes,True,Other,10->19,Student
Y24H6060308,Y24H6060308P02,Tram,Public,0–50,"$2,500-$2,999 ($130,000-$155,999)",2,Insufficient bikes,False,Inner,10->19,Student
Y24H6060401,Y24H6060401P03,Vehicle Passenger,Private,0–50,"$2,500-$2,999 ($130,000-$155,999)",5+,Insufficient bikes,True,Outer,10->19,Student
Y24H6060401,Y24H6060401P04,Vehicle Passenger,Private,0–50,"$2,500-$2,999 ($130,000-$155,999)",5+,Insufficient bikes,True,Outer,10->19,Student
Y24H6060401,Y24H6060401P05,Vehicle Passenger,Private,0–50,"$2,500-$2,999 ($130,000-$155,999)",5+,Insufficient bikes,True,Outer,0->9,Student
Y24H6066109,Y24H6066109P03,Vehicle Passenger,Private,0–50,"$1,000-$1,249 ($52,000-$64,999)",5+,Insufficient bikes,True,Other,0->9,Student
Y24H6066109,Y24H6066109P04,Vehicle Passenger,Private,0–50,"$1,000-$1,249 ($52,000-$64,999)",5+,Insufficient bikes,True,Other,0->9,Student
Y24H6066119,Y24H6066119P03,Vehicle Passenger,Private,0–50,"$150-$299 ($7,800-$15,599)",3-4,No bikes,False,Other,10->19,Student
Y24H6066119,Y24H6066119P04,School Bus,Public,0–50,"$150-$299 ($7,800-$15,599)",3-4,No bikes,False,Other,10->19,Student
Y24H6066125,Y24H6066125P03,Vehicle Passenger,Private,0–50,"$2,500-$2,999 ($130,000-$155,999)",3-4,Sufficient bikes,True,Other,10->19,Student
Y24H6066137,Y24H6066137P03,Vehicle Passenger,Private,0–50,"$800-$999 ($41,600-$51,999)",3-4,Insufficient bikes,True,Other,0->9,Student
Y24H6066209,Y24H6066209P03,Vehicle Passenger,Private,0–50,"$1,250-$1,499 ($65,000-$77,999)",3-4,Sufficient bikes,True,Other,0->9,Student
Y24H6066218,Y24H6066218P03,Vehicle Passenger,Private,0–50,"$4,000-$4,499 ($208,000-$233,999)",3-4,Sufficient bikes,True,Other,10->19,Student
Y24H6066218,Y24H6066218P04,Vehicle Passenger,Private,0–50,"$4,000-$4,499 ($208,000-$233,999)",3-4,Sufficient bikes,True,Other,10->19,Student
Y24H6070104,Y24H6070104P04,School Bus,Public,0–50,"$4,000-$4,499 ($208,000-$233,999)",3-4,Insufficient bikes,True,Outer,10->19,Student
Y24H6070109,Y24H6070109P02,Public Bus,Public,0–50,"$3,000-$3,499 ($156,000-$181,999)",5+,No bikes,True,Outer,20->29,Student
Y24H6070109,Y24H6070109P04,Vehicle Driver,Private,50–100,"$3,000-$3,499 ($156,000-$181,999)",5+,No bikes,True,Outer,20->29,Part time
Y24H6070140,Y24H6070140P03,Vehicle Passenger,Private,0–50,"$1,250-$1,499 ($65,000-$77,999)",3-4,Sufficient bikes,True,Outer,10->19,Student
Y24H6070140,Y24H6070140P04,Vehicle Passenger,Private,0–50,"$1,250-$1,499 ($65,000-$77,999)",3-4,Sufficient bikes,True,Outer,10->19,Student
Y24H6070204,Y24H6070204P03,Public Bus,Public,0–50,"$1,750-$1,999 ($91,000-$103,999)",3-4,Insufficient bikes,True,Outer,10->19,Student
Y24H6070211,Y24H6070211P04,Vehicle Passenger,Private,0–50,"$3,000-$3,499 ($156,000-$181,999)",5+,No bikes,True,Outer,10->19,Student
Y24H6070211,Y24H6070211P05,Vehicle Passenger,Private,0–50,"$3,000-$3,499 ($156,000-$181,999)",5+,No bikes,True,Outer,0->9,Student
Y24H6070403,Y24H6070403P03,Vehicle Passenger,Private,0–50,"$4,500-$4,999 ($234,000-$259,999)",5+,Sufficient bikes,True,Middle,0->9,Student
Y24H6070403,Y24H6070403P04,Vehicle Passenger,Private,0–50,"$4,500-$4,999 ($234,000-$259,999)",5+,Sufficient bikes,True,Middle,0->9,Student
Y24H6070410,Y24H6070410P02,Public Bus,Public,0–50,"$1,000-$1,249 ($52,000-$64,999)",3-4,Sufficient bikes,True,Middle,10->19,Student
Y24H6070418,Y24H6070418P03,Vehicle Passenger,Private,0–50,"$4,000-$4,499 ($208,000-$233,999)",3-4,Sufficient bikes,True,Middle,10->19,Student
Y24H6076118,Y24H6076118P02,Vehicle Passenger,Private,0–50,"$300-$399 ($15,600-$20,799)",5+,No bikes,True,Other,10->19,Student
Y24H6076118,Y24H6076118P03,Vehicle Passenger,Private,0–50,"$300-$399 ($15,600-$20,799)",5+,No bikes,True,Other,10->19,Student
Y24H6076118,Y24H6076118P04,Bicycle,Active,0–50,"$300-$399 ($15,600-$20,799)",5+,No bikes,True,Other,10->19,Student
Y24H6076209,Y24H6076209P02,Vehicle Passenger,Private,0–50,"$500-$649 ($26,000-$33,799)",3-4,Sufficient bikes,True,Other,0->9,Student
Y24H6080118,Y24H6080118P03,Vehicle Passenger,Private,0–50,"$1,000-$1,249 ($52,000-$64,999)",5+,Insufficient bikes,True,Outer,10->19,Student
Y24H6080118,Y24H6080118P05,Vehicle Passenger,Private,0–50,"$1,000-$1,249 ($52,000-$64,999)",5+,Insufficient bikes,True,Outer,10->19,Student
Y24H6080123,Y24H6080123P03,School Bus,Public,0–50,"$2,500-$2,999 ($130,000-$155,999)",5+,Sufficient bikes,True,Outer,10->19,Student
Y24H6080123,Y24H6080123P04,Vehicle Passenger,Private,0–50,"$2,500-$2,999 ($130,000-$155,999)",5+,Sufficient bikes,True,Outer,10->19,Student
Y24H6080123,Y24H6080123P05,Vehicle Passenger,Private,0–50,"$2,500-$2,999 ($130,000-$155,999)",5+,Sufficient bikes,True,Outer,0->9,Student
Y24H6080304,Y24H6080304P03,Vehicle Passenger,Private,0–50,"$2,500-$2,999 ($130,000-$155,999)",3-4,Sufficient bikes,True,Inner,10->19,Student
Y24H6080305,Y24H6080305P02,Vehicle Passenger,Private,0–50,"$3,500-$3,999 ($182,000-$207,999)",3-4,Sufficient bikes,True,Inner,0->9,Student
Y24H6080308,Y24H6080308P03,Train,Public,0–50,"$3,000-$3,499 ($156,000-$181,999)",3-4,No bikes,True,Inner,10->19,Student
Y24H6080311,Y24H6080311P03,Vehicle Passenger,Private,0–50,"$6,000-$7,999 ($312,000-$415,999)",3-4,Insufficient bikes,True,Inner,10->19,Student
Y24H6080311,Y24H6080311P04,Vehicle Passenger,Private,0–50,"$6,000-$7,999 ($312,000-$415,999)",3-4,Insufficient bikes,True,Inner,10->19,Student
Y24H6080317,Y24H6080317P03,Walking,Active,0–50,"$5,000-$5,999 ($260,000-$311,999)",3-4,Insufficient bikes,True,Inner,0->9,Student
Y24H6080336,Y24H6080336P02,Walking,Active,0–50,"$800-$999 ($41,600-$51,999)",3-4,Sufficient bikes,True,Inner,10->19,Student
Y24H6080336,Y24H6080336P03,Walking,Active,0–50,"$800-$999 ($41,600-$51,999)",3-4,Sufficient bikes,True,Inner,10->19,Student
Y24H6080403,Y24H6080403P03,Vehicle Passenger,Private,0–50,"$3,000-$3,499 ($156,000-$181,999)",3-4,Sufficient bikes,True,Outer,10->19,Student
Y24H6080437,Y24H6080437P03,Bicycle,Active,0–50,"$5,000-$5,999 ($260,000-$311,999)",3-4,Sufficient bikes,True,Outer,10->19,Student
Y24H6080439,Y24H6080439P03,Vehicle Passenger,Private,0–50,"$3,500-$3,999 ($182,000-$207,999)",3-4,No bikes,True,Outer,10->19,Student
Y24H6080439,Y24H6080439P04,Vehicle Passenger,Private,0–50,"$3,500-$3,999 ($182,000-$207,999)",3-4,No bikes,True,Outer,0->9,Student
Y24H6080513,Y24H6080513P03,Vehicle Passenger,Private,0–50,"$3,500-$3,999 ($182,000-$207,999)",3-4,Sufficient bikes,True,Middle,0->9,Student
Y24H6080513,Y24H6080513P04,Vehicle Passenger,Private,0–50,"$3,500-$3,999 ($182,000-$207,999)",3-4,Sufficient bikes,True,Middle,0->9,Student
Y24H6080515,Y24H6080515P03,Vehicle Passenger,Private,0–50,"$2,000-$2,499 ($104,000-$129,999)",3-4,No bikes,True,Middle,10->19,Student
Y24H6080515,Y24H6080515P04,Vehicle Passenger,Private,0–50,"$2,000-$2,499 ($104,000-$129,999)",3-4,No bikes,True,Middle,10->19,Student
Y24H6086102,Y24H6086102P03,Public Bus,Public,0–50,"$800-$999 ($41,600-$51,999)",3-4,No bikes,True,Other,10->19,Student
Y24H6086102,Y24H6086102P04,Public Bus,Public,0–50,"$800-$999 ($41,600-$51,999)",3-4,No bikes,True,Other,10->19,Student
Y24H6086105,Y24H6086105P03,Vehicle Passenger,Private,0–50,"$2,000-$2,499 ($104,000-$129,999)",3-4,Sufficient bikes,True,Other,10->19,Student
Y24H6086105,Y24H6086105P04,Vehicle Passenger,Private,0–50,"$2,000-$2,499 ($104,000-$129,999)",3-4,Sufficient bikes,True,Other,0->9,Student
Y24H6086125,Y24H6086125P03,Vehicle Passenger,Private,0–50,"$6,000-$7,999 ($312,000-$415,999)",5+,Insufficient bikes,True,Other,0->9,Student
Y24H6086125,Y24H6086125P04,Vehicle Passenger,Private,0–50,"$6,000-$7,999 ($312,000-$415,999)",5+,Insufficient bikes,True,Other,0->9,Student
Y24H6086139,Y24H6086139P03,Vehicle Passenger,Private,0–50,"$3,000-$3,499 ($156,000-$181,999)",5+,Insufficient bikes,True,Other,10->19,Student
Y24H6086139,Y24H6086139P04,Vehicle Passenger,Private,0–50,"$3,000-$3,499 ($156,000-$181,999)",5+,Insufficient bikes,True,Other,10->19,Student
Y24H6086139,Y24H6086139P05,Vehicle Passenger,Private,0–50,"$3,000-$3,499 ($156,000-$181,999)",5+,Insufficient bikes,True,Other,10->19,Student
Y24H6090204,Y24H6090204P03,Vehicle Passenger,Private,0–50,"$3,000-$3,499 ($156,000-$181,999)",3-4,Sufficient bikes,True,Middle,10->19,Student
Y24H6090204,Y24H6090204P04,Vehicle Passenger,Private,0–50,"$3,000-$3,499 ($156,000-$181,999)",3-4,Sufficient bikes,True,Middle,10->19,Student
Y24H6090209,Y24H6090209P03,Vehicle Passenger,Private,0–50,"$4,000-$4,499 ($208,000-$233,999)",3-4,Sufficient bikes,True,Middle,0->9,Student
Y24H6090225,Y24H6090225P03,Walking,Active,0–50,"$6,000-$7,999 ($312,000-$415,999)",3-4,Sufficient bikes,True,Middle,10->19,Student
Y24H6090225,Y24H6090225P04,Vehicle Passenger,Private,0–50,"$6,000-$7,999 ($312,000-$415,999)",3-4,Sufficient bikes,True,Middle,10->19,Student
Y24H6090232,Y24H6090232P04,Walking,Active,0–50,"$2,000-$2,499 ($104,000-$129,999)",3-4,No bikes,True,Middle,0->9,Student
Y24H6090237,Y24H6090237P02,Vehicle Passenger,Private,0–50,"$1-$149 ($1-$7,799)",2,Insufficient bikes,True,Middle,10->19,Student
Y24H6090309,Y24H6090309P03,Public Bus,Public,0–50,"$800-$999 ($41,600-$51,999)",3-4,Insufficient bikes,True,Inner,20->29,Student
Y24H6090317,Y24H6090317P02,Train,Public,0–50,"$2,500-$2,999 ($130,000-$155,999)",2,No bikes,True,Inner,50->59,Student
Y24H6090324,Y24H6090324P03,Walking,Active,0–50,"$6,000-$7,999 ($312,000-$415,999)",3-4,Sufficient bikes,True,Inner,0->9,Student
Y24H6090409,Y24H6090409P03,Walking,Active,0–50,"$2,500-$2,999 ($130,000-$155,999)",3-4,No bikes,True,Outer,0->9,Student
Y24H6110110,Y24H6110110P03,Vehicle Driver,Private,0–50,"$1,500-$1,749 ($78,000-$90,999)",3-4,No bikes,True,Outer,20->29,Student
Y24H6110236,Y24H6110236P01,Train,Public,0–50,"$1,750-$1,999 ($91,000-$103,999)",3-4,Insufficient bikes,True,Outer,20->29,Student
Y24H6110324,Y24H6110324P04,Train,Public,0–50,"$3,000-$3,499 ($156,000-$181,999)",3-4,Insufficient bikes,True,Middle,20->29,Student
Y24H6120138,Y24H6120138P04,Train,Public,0–50,"$3,500-$3,999 ($182,000-$207,999)",3-4,No bikes,True,Outer,10->19,Student
Y24H6120201,Y24H6120201P02,Public Bus,Public,0–50,"$1-$149 ($1-$7,799)",3-4,No bikes,True,Middle,10->19,Student
Y24H6120201,Y24H6120201P03,Public Bus,Public,0–50,"$1-$149 ($1-$7,799)",3-4,No bikes,True,Middle,10->19,Student
Y24H6120202,Y24H6120202P03,School Bus,Public,0–50,"$5,000-$5,999 ($260,000-$311,999)",3-4,Insufficient bikes,True,Middle,10->19,Student
Y24H6120202,Y24H6120202P04,Vehicle Passenger,Private,0–50,"$5,000-$5,999 ($260,000-$311,999)",3-4,Insufficient bikes,True,Middle,0->9,Student
Y24H6120211,Y24H6120211P03,Vehicle Passenger,Private,0–50,"$650-$799 ($33,800-$41,599)",3-4,No bikes,True,Middle,0->9,Student
Y24H6120237,Y24H6120237P03,Vehicle Passenger,Private,0–50,"$3,500-$3,999 ($182,000-$207,999)",3-4,Insufficient bikes,True,Middle,0->9,Student
Y24H6120237,Y24H6120237P04,Vehicle Passenger,Private,0–50,"$3,500-$3,999 ($182,000-$207,999)",3-4,Insufficient bikes,True,Middle,0->9,Student
Y24H6120238,Y24H6120238P03,Vehicle Passenger,Private,0–50,"$5,000-$5,999 ($260,000-$311,999)",3-4,Insufficient bikes,True,Middle,10->19,Student
Y24H6120238,Y24H6120238P04,Vehicle Passenger,Private,0–50,"$5,000-$5,999 ($260,000-$311,999)",3-4,Insufficient bikes,True,Middle,0->9,Student
Y24H6120241,Y24H6120241P03,Vehicle Passenger,Private,0–50,"$2,500-$2,999 ($130,000-$155,999)",3-4,Sufficient bikes,True,Middle,10->19,Student
Y24H6120241,Y24H6120241P04,Vehicle Passenger,Private,0–50,"$2,500-$2,999 ($130,000-$155,999)",3-4,Sufficient bikes,True,Middle,10->19,Student
Y24H6120317,Y24H6120317P03,Walking,Active,0–50,"$2,500-$2,999 ($130,000-$155,999)",3-4,Sufficient bikes,True,Inner,0->9,Student
Y24H6120331,Y24H6120331P02,Walking,Active,0–50,"$800-$999 ($41,600-$51,999)",2,No bikes,True,Inner,10->19,Student
Y24H6120416,Y24H6120416P05,Vehicle Passenger,Private,0–50,"$2,000-$2,499 ($104,000-$129,999)",5+,No bikes,True,Outer,10->19,Student
Y24H6120424,Y24H6120424P03,Public Bus,Public,0–50,"$800-$999 ($41,600-$51,999)",5+,Insufficient bikes,True,Outer,10->19,Student
Y24H6120424,Y24H6120424P04,Public Bus,Public,0–50,"$800-$999 ($41,600-$51,999)",5+,Insufficient bikes,True,Outer,10->19,Student
Y24H6120424,Y24H6120424P05,Public Bus,Public,0–50,"$800-$999 ($41,600-$51,999)",5+,Insufficient bikes,True,Outer,10->19,Student
Y24H6126116,Y24H6126116P03,Public Bus,Public,0–50,"$2,000-$2,499 ($104,000-$129,999)",5+,No bikes,True,Other,10->19,Student
Y24H6126116,Y24H6126116P05,Public Bus,Public,0–50,"$2,000-$2,499 ($104,000-$129,999)",5+,No bikes,True,Other,10->19,Student
Y24H6126240,Y24H6126240P03,Bicycle,Active,0–50,"$1,000-$1,249 ($52,000-$64,999)",5+,Insufficient bikes,True,Other,10->19,Student
Y24H6126240,Y24H6126240P04,Bicycle,Active,0–50,"$1,000-$1,249 ($52,000-$64,999)",5+,Insufficient bikes,True,Other,10->19,Student
Y24H6130102,Y24H6130102P03,Walking,Active,0–50,"$400-$499 ($20,800-$25,999)",3-4,No bikes,True,Middle,10->19,Student
Y24H6130102,Y24H6130102P04,Walking,Active,0–50,"$400-$499 ($20,800-$25,999)",3-4,No bikes,True,Middle,10->19,Student
Y24H6130108,Y24H6130108P02,Vehicle Passenger,Private,0–50,"$150-$299 ($7,800-$15,599)",3-4,No bikes,False,Middle,0->9,Student
Y24H6130119,Y24H6130119P03,Vehicle Passenger,Private,0–50,"$2,500-$2,999 ($130,000-$155,999)",5+,Insufficient bikes,True,Middle,10->19,Student
Y24H6130119,Y24H6130119P04,Vehicle Passenger,Private,0–50,"$2,500-$2,999 ($130,000-$155,999)",5+,Insufficient bikes,True,Middle,10->19,Student
Y24H6130119,Y24H6130119P05,Vehicle Passenger,Private,0–50,"$2,500-$2,999 ($130,000-$155,999)",5+,Insufficient bikes,True,Middle,0->9,Student
Y24H6130208,Y24H6130208P03,Vehicle Passenger,Private,0–50,"$1,750-$1,999 ($91,000-$103,999)",3-4,Insufficient bikes,True,Outer,10->19,Student
Y24H6130209,Y24H6130209P04,Vehicle Passenger,Private,0–50,"$4,000-$4,499 ($208,000-$233,999)",5+,Insufficient bikes,True,Outer,10->19,Student
Y24H6130209,Y24H6130209P05,Vehicle Passenger,Private,0–50,"$4,000-$4,499 ($208,000-$233,999)",5+,Insufficient bikes,True,Outer,0->9,Student
Y24H6130213,Y24H6130213P03,Vehicle Passenger,Private,0–50,"$6,000-$7,999 ($312,000-$415,999)",3-4,Sufficient bikes,True,Outer,0->9,Student
Y24H6130229,Y24H6130229P04,Vehicle Passenger,Private,0–50,"$2,000-$2,499 ($104,000-$129,999)",3-4,No bikes,True,Outer,10->19,Student
Y24H6130231,Y24H6130231P05,Walking,Active,0–50,"$4,000-$4,499 ($208,000-$233,999)",5+,No bikes,True,Outer,10->19,Student
Y24H6130236,Y24H6130236P04,Vehicle Passenger,Private,0–50,"$4,500-$4,999 ($234,000-$259,999)",3-4,Insufficient bikes,True,Outer,0->9,Student
Y24H6130238,Y24H6130238P03,Vehicle Passenger,Private,0–50,"$2,000-$2,499 ($104,000-$129,999)",3-4,Insufficient bikes,True,Outer,0->9,Student
Y24H6130429,Y24H6130429P03,Train,Public,0–50,"$6,000-$7,999 ($312,000-$415,999)",5+,No bikes,True,Outer,10->19,Student
Y24H6130429,Y24H6130429P04,Train,Public,0–50,"$6,000-$7,999 ($312,000-$415,999)",5+,No bikes,True,Outer,10->19,Student
Y24H6130429,Y24H6130429P05,Train,Public,0–50,"$6,000-$7,999 ($312,000-$415,999)",5+,No bikes,True,Outer,10->19,Student
Y24H6130438,Y24H6130438P03,Vehicle Passenger,Private,0–50,"$3,000-$3,499 ($156,000-$181,999)",5+,Insufficient bikes,True,Outer,10->19,Student
Y24H6130438,Y24H6130438P04,Vehicle Passenger,Private,0–50,"$3,000-$3,499 ($156,000-$181,999)",5+,Insufficient bikes,True,Outer,10->19,Student
Y24H6130438,Y24H6130438P05,Vehicle Passenger,Private,0–50,"$3,000-$3,499 ($156,000-$181,999)",5+,Insufficient bikes,True,Outer,10->19,Student
Y24H6136210,Y24H6136210P03,Walking,Active,0–50,"$4,000-$4,499 ($208,000-$233,999)",5+,Sufficient bikes,True,Other,10->19,Student
Y24H6136210,Y24H6136210P04,Walking,Active,0–50,"$4,000-$4,499 ($208,000-$233,999)",5+,Sufficient bikes,True,Other,10->19,Student
Y24H6136210,Y24H6136210P05,Walking,Active,0–50,"$4,000-$4,499 ($208,000-$233,999)",5+,Sufficient bikes,True,Other,0->9,Student
Y24H6136226,Y24H6136226P03,Vehicle Passenger,Private,0–50,"$3,500-$3,999 ($182,000-$207,999)",3-4,Sufficient bikes,True,Other,10->19,Student
Y24H6136226,Y24H6136226P04,Vehicle Passenger,Private,0–50,"$3,500-$3,999 ($182,000-$207,999)",3-4,Sufficient bikes,True,Other,0->9,Student
Y24H6136236,Y24H6136236P03,Vehicle Passenger,Private,0–50,"$2,500-$2,999 ($130,000-$155,999)",5+,Sufficient bikes,True,Other,10->19,Student
Y24H6136236,Y24H6136236P04,Vehicle Passenger,Private,0–50,"$2,500-$2,999 ($130,000-$155,999)",5+,Sufficient bikes,True,Other,0->9,Student
Y24H6140205,Y24H6140205P03,Public Bus,Public,0–50,"$3,000-$3,499 ($156,000-$181,999)",3-4,Sufficient bikes,True,Inner,10->19,Student
Y24H6140205,Y24H6140205P04,Vehicle Passenger,Private,0–50,"$3,000-$3,499 ($156,000-$181,999)",3-4,Sufficient bikes,True,Inner,10->19,Student
Y24H6140219,Y24H6140219P03,Vehicle Passenger,Private,0–50,"$3,000-$3,499 ($156,000-$181,999)",3-4,Sufficient bikes,True,Inner,10->19,Student
Y24H6140219,Y24H6140219P04,Vehicle Passenger,Private,0–50,"$3,000-$3,499 ($156,000-$181,999)",3-4,Sufficient bikes,True,Inner,10->19,Student
Y24H6140239,Y24H6140239P02,Train,Public,0–50,"$4,000-$4,499 ($208,000-$233,999)",3-4,Sufficient bikes,True,Inner,20->29,Student
Y24H6140239,Y24H6140239P03,Vehicle Passenger,Private,0–50,"$4,000-$4,499 ($208,000-$233,999)",3-4,Sufficient bikes,True,Inner,10->19,Student
Y24H6140302,Y24H6140302P03,Vehicle Passenger,Private,0–50,"$6,000-$7,999 ($312,000-$415,999)",5+,Insufficient bikes,True,Inner,10->19,Student
Y24H6140302,Y24H6140302P04,Vehicle Passenger,Private,0–50,"$6,000-$7,999 ($312,000-$415,999)",5+,Insufficient bikes,True,Inner,10->19,Student
Y24H6140302,Y24H6140302P05,Vehicle Passenger,Private,0–50,"$6,000-$7,999 ($312,000-$415,999)",5+,Insufficient bikes,True,Inner,10->19,Student
Y24H6140302,Y24H6140302P06,Vehicle Passenger,Private,0–50,"$6,000-$7,999 ($312,000-$415,999)",5+,Insufficient bikes,True,Inner,0->9,Student
Y24H6140303,Y24H6140303P04,Tram,Public,0–50,"$5,000-$5,999 ($260,000-$311,999)",3-4,Insufficient bikes,True,Inner,10->19,Student
Y24H6140310,Y24H6140310P02,Walking,Active,0–50,"$1,250-$1,499 ($65,000-$77,999)",3-4,Insufficient bikes,True,Inner,10->19,Student
Y24H6140310,Y24H6140310P03,Walking,Active,0–50,"$1,250-$1,499 ($65,000-$77,999)",3-4,Insufficient bikes,True,Inner,10->19,Student
Y24H6140313,Y24H6140313P01,Vehicle Driver,Private,0–50,"$2,500-$2,999 ($130,000-$155,999)",2,Insufficient bikes,True,Inner,50->59,Full time
Y24H6140329,Y24H6140329P03,Vehicle Passenger,Private,0–50,"$6,000-$7,999 ($312,000-$415,999)",3-4,Sufficient bikes,True,Inner,10->19,Student
Y24H6140329,Y24H6140329P04,Vehicle Passenger,Private,0–50,"$6,000-$7,999 ($312,000-$415,999)",3-4,Sufficient bikes,True,Inner,0->9,Student
Y24H6140330,Y24H6140330P03,Walking,Active,0–50,"$6,000-$7,999 ($312,000-$415,999)",3-4,Sufficient bikes,True,Inner,0->9,Student
Y24H6140405,Y24H6140405P03,Walking,Active,0–50,"$3,500-$3,999 ($182,000-$207,999)",3-4,Sufficient bikes,True,Inner,0->9,Student
Y24H6140415,Y24H6140415P03,Walking,Active,0–50,"$2,500-$2,999 ($130,000-$155,999)",3-4,Insufficient bikes,False,Inner,10->19,Student
Y24H6140440,Y24H6140440P02,Vehicle Passenger,Private,0–50,"$1,750-$1,999 ($91,000-$103,999)",2,Insufficient bikes,True,Inner,10->19,Student
Y24H6146122,Y24H6146122P03,School Bus,Public,0–50,"$500-$649 ($26,000-$33,799)",3-4,Sufficient bikes,True,Other,10->19,Student
Y24H6146122,Y24H6146122P04,School Bus,Public,0–50,"$500-$649 ($26,000-$33,799)",3-4,Sufficient bikes,True,Other,10->19,Student
Y24H6146137,Y24H6146137P03,School Bus,Public,0–50,"$2,500-$2,999 ($130,000-$155,999)",3-4,No bikes,True,Other,10->19,Student
Y24H6146140,Y24H6146140P04,School Bus,Public,0–50,"$1,750-$1,999 ($91,000-$103,999)",3-4,No bikes,True,Other,10->19,Student
Y24H6146204,Y24H6146204P03,Walking,Active,0–50,"$4,000-$4,499 ($208,000-$233,999)",5+,Sufficient bikes,True,Other,10->19,Student
Y24H6146204,Y24H6146204P04,Walking,Active,0–50,"$4,000-$4,499 ($208,000-$233,999)",5+,Sufficient bikes,True,Other,0->9,Student
Y24H6146204,Y24H6146204P05,Vehicle Passenger,Private,0–50,"$4,000-$4,499 ($208,000-$233,999)",5+,Sufficient bikes,True,Other,0->9,Student
Y24H6150104,Y24H6150104P03,Vehicle Passenger,Private,0–50,"$2,500-$2,999 ($130,000-$155,999)",5+,Sufficient bikes,True,Outer,0->9,Student
Y24H6150108,Y24H6150108P02,Vehicle Passenger,Private,0–50,"$1,250-$1,499 ($65,000-$77,999)",2,Sufficient bikes,True,Outer,10->19,Student
Y24H6150119,Y24H6150119P03,Vehicle Passenger,Private,0–50,"$1,250-$1,499 ($65,000-$77,999)",3-4,Insufficient bikes,True,Outer,0->9,Student
Y24H6150125,Y24H6150125P03,School Bus,Public,0–50,"$3,500-$3,999 ($182,000-$207,999)",3-4,Sufficient bikes,True,Outer,10->19,Student
Y24H6150305,Y24H6150305P04,School Bus,Public,0–50,"$3,500-$3,999 ($182,000-$207,999)",3-4,Insufficient bikes,True,Inner,10->19,Student
Y24H6150503,Y24H6150503P03,Walking,Active,0–50,"$1,750-$1,999 ($91,000-$103,999)",3-4,No bikes,True,Outer,10->19,Student
Y24H6150503,Y24H6150503P04,School Bus,Public,0–50,"$1,750-$1,999 ($91,000-$103,999)",3-4,No bikes,True,Outer,10->19,Student
Y24H6156136,Y24H6156136P03,Vehicle Passenger,Private,0–50,"$500-$649 ($26,000-$33,799)",5+,Sufficient bikes,True,Other,10->19,Student
Y24H6156201,Y24H6156201P02,Vehicle Passenger,Private,0–50,"$800-$999 ($41,600-$51,999)",2,No bikes,True,Other,10->19,Student
Y24H6156210,Y24H6156210P04,Vehicle Passenger,Private,0–50,"$1,250-$1,499 ($65,000-$77,999)",3-4,No bikes,True,Other,0->9,Student
Y24H6156229,Y24H6156229P03,Vehicle Passenger,Private,0–50,"$800-$999 ($41,600-$51,999)",3-4,No bikes,True,Other,10->19,Student
Y24H6160108,Y24H6160108P03,School Bus,Public,0–50,"$6,000-$7,999 ($312,000-$415,999)",3-4,Sufficient bikes,True,Outer,10->19,Student
Y24H6160108,Y24H6160108P04,Vehicle Passenger,Private,0–50,"$6,000-$7,999 ($312,000-$415,999)",3-4,Sufficient bikes,True,Outer,10->19,Student
Y24H6160110,Y24H6160110P02,Public Bus,Public,0–50,"$800-$999 ($41,600-$51,999)",2,Sufficient bikes,False,Outer,20->29,Student
Y24H6160202,Y24H6160202P02,Vehicle Driver,Private,0–50,"$2,500-$2,999 ($130,000-$155,999)",2,No bikes,True,Middle,40->49,Student
Y24H6160209,Y24H6160209P04,Vehicle Passenger,Private,0–50,"$2,500-$2,999 ($130,000-$155,999)",3-4,Insufficient bikes,True,Middle,10->19,Student
Y24H6160215,Y24H6160215P03,Train,Public,0–50,"$4,000-$4,499 ($208,000-$233,999)",3-4,Insufficient bikes,True,Middle,20->29,Student
Y24H6160215,Y24H6160215P04,Train,Public,0–50,"$4,000-$4,499 ($208,000-$233,999)",3-4,Insufficient bikes,True,Middle,10->19,Student
Y24H6160233,Y24H6160233P01,Walking,Active,0–50,"$6,000-$7,999 ($312,000-$415,999)",3-4,No bikes,True,Middle,60->69,Student
Y24H6160422,Y24H6160422P02,Vehicle Passenger,Private,0–50,"$1,500-$1,749 ($78,000-$90,999)",3-4,Insufficient bikes,True,Outer,0->9,Student
Y24H6160436,Y24H6160436P02,Vehicle Driver,Private,0–50,"$4,000-$4,499 ($208,000-$233,999)",5+,Insufficient bikes,True,Outer,30->39,Student
Y24H6170105,Y24H6170105P04,Walking,Active,0–50,"$800-$999 ($41,600-$51,999)",5+,Insufficient bikes,True,Outer,10->19,Student
Y24H6170105,Y24H6170105P05,Walking,Active,0–50,"$800-$999 ($41,600-$51,999)",5+,Insufficient bikes,True,Outer,10->19,Student
Y24H6170105,Y24H6170105P06,Walking,Active,0–50,"$800-$999 ($41,600-$51,999)",5+,Insufficient bikes,True,Outer,0->9,Student
Y24H6170108,Y24H6170108P03,Vehicle Passenger,Private,0–50,"$300-$399 ($15,600-$20,799)",3-4,No bikes,True,Outer,0->9,Student
Y24H6170123,Y24H6170123P02,Vehicle Driver,Private,0–50,"$2,500-$2,999 ($130,000-$155,999)",3-4,No bikes,True,Outer,20->29,Student
Y24H6170124,Y24H6170124P03,Bicycle,Active,0–50,"$2,500-$2,999 ($130,000-$155,999)",3-4,Insufficient bikes,True,Outer,10->19,Student
Y24H6170124,Y24H6170124P04,Bicycle,Active,0–50,"$2,500-$2,999 ($130,000-$155,999)",3-4,Insufficient bikes,True,Outer,0->9,Student
Y24H6170131,Y24H6170131P04,Vehicle Passenger,Private,0–50,"$400-$499 ($20,800-$25,999)",3-4,No bikes,True,Outer,10->19,Student
Y24H6170308,Y24H6170308P03,Vehicle Passenger,Private,0–50,"$5,000-$5,999 ($260,000-$311,999)",5+,Sufficient bikes,True,Inner,10->19,Student
Y24H6170308,Y24H6170308P04,Vehicle Passenger,Private,0–50,"$5,000-$5,999 ($260,000-$311,999)",5+,Sufficient bikes,True,Inner,10->19,Student
Y24H6170308,Y24H6170308P05,Vehicle Passenger,Private,0–50,"$5,000-$5,999 ($260,000-$311,999)",5+,Sufficient bikes,True,Inner,10->19,Student
Y24H6170319,Y24H6170319P03,Vehicle Passenger,Private,0–50,"$4,000-$4,499 ($208,000-$233,999)",3-4,Sufficient bikes,True,Inner,10->19,Student
Y24H6170319,Y24H6170319P04,Vehicle Passenger,Private,0–50,"$4,000-$4,499 ($208,000-$233,999)",3-4,Sufficient bikes,True,Inner,10->19,Student
Y24H6170424,Y24H6170424P01,Vehicle Driver,Private,0–50,"$3,000-$3,499 ($156,000-$181,999)",2,No bikes,True,Inner,20->29,Full time
Y24H6170432,Y24H6170432P02,Tram,Public,0–50,"$1,000-$1,249 ($52,000-$64,999)",3-4,Sufficient bikes,True,Inner,10->19,Student
Y24H6170432,Y24H6170432P03,Bicycle,Active,0–50,"$1,000-$1,249 ($52,000-$64,999)",3-4,Sufficient bikes,True,Inner,10->19,Student
Y24H6170440,Y24H6170440P03,Walking,Active,0–50,"$3,500-$3,999 ($182,000-$207,999)",3-4,Insufficient bikes,True,Inner,0->9,Student
Y24H6170440,Y24H6170440P04,Walking,Active,0–50,"$3,500-$3,999 ($182,000-$207,999)",3-4,Insufficient bikes,True,Inner,0->9,Student
Y24H6180101,Y24H6180101P03,Vehicle Passenger,Private,0–50,"$1,750-$1,999 ($91,000-$103,999)",3-4,No bikes,True,Outer,0->9,Student
Y24H6180103,Y24H6180103P05,Public Bus,Public,0–50,"$4,500-$4,999 ($234,000-$259,999)",5+,No bikes,True,Outer,10->19,Student
Y24H6180203,Y24H6180203P03,Vehicle Passenger,Private,0–50,"$4,000-$4,499 ($208,000-$233,999)",3-4,Sufficient bikes,True,Outer,10->19,Student
Y24H6180203,Y24H6180203P04,Vehicle Passenger,Private,0–50,"$4,000-$4,499 ($208,000-$233,999)",3-4,Sufficient bikes,True,Outer,10->19,Student
Y24H6180217,Y24H6180217P04,Vehicle Passenger,Private,0–50,"$4,000-$4,499 ($208,000-$233,999)",3-4,Sufficient bikes,True,Outer,10->19,Student
Y24H6180237,Y24H6180237P03,Vehicle Passenger,Private,0–50,"$3,000-$3,499 ($156,000-$181,999)",3-4,Sufficient bikes,True,Outer,10->19,Student
Y24H6180240,Y24H6180240P03,Vehicle Passenger,Private,0–50,"$3,000-$3,499 ($156,000-$181,999)",3-4,Insufficient bikes,True,Outer,0->9,Student
Y24H6180240,Y24H6180240P04,Vehicle Passenger,Private,0–50,"$3,000-$3,499 ($156,000-$181,999)",3-4,Insufficient bikes,True,Outer,0->9,Student
Y24H6180402,Y24H6180402P02,Public Bus,Public,0–50,"$650-$799 ($33,800-$41,599)",2,Insufficient bikes,True,Inner,20->29,Student
Y24H6180407,Y24H6180407P02,Vehicle Driver,Private,0–50,"$650-$799 ($33,800-$41,599)",2,Insufficient bikes,True,Inner,20->29,Student
Y24H6180410,Y24H6180410P04,Vehicle Passenger,Private,0–50,"$800-$999 ($41,600-$51,999)",3-4,Sufficient bikes,True,Inner,10->19,Student
Y24H6180515,Y24H6180515P03,Vehicle Passenger,Private,0–50,"$4,000-$4,499 ($208,000-$233,999)",3-4,Insufficient bikes,True,Middle,10->19,Student
Y24H6180515,Y24H6180515P04,Vehicle Passenger,Private,0–50,"$4,000-$4,499 ($208,000-$233,999)",3-4,Insufficient bikes,True,Middle,10->19,Student
Y24H6190117,Y24H6190117P02,School Bus,Public,0–50,"$1,250-$1,499 ($65,000-$77,999)",3-4,Insufficient bikes,True,Outer,10->19,Student
Y24H6190117,Y24H6190117P03,School Bus,Public,0–50,"$1,250-$1,499 ($65,000-$77,999)",3-4,Insufficient bikes,True,Outer,0->9,Student
Y24H6190118,Y24H6190118P03,Vehicle Passenger,Private,0–50,"$3,000-$3,499 ($156,000-$181,999)",3-4,Sufficient bikes,True,Outer,10->19,Student
Y24H6190122,Y24H6190122P03,School Bus,Public,0–50,"$2,000-$2,499 ($104,000-$129,999)",3-4,Sufficient bikes,True,Outer,10->19,Student
Y24H6190122,Y24H6190122P04,School Bus,Public,0–50,"$2,000-$2,499 ($104,000-$129,999)",3-4,Sufficient bikes,True,Outer,10->19,Student
Y24H6190132,Y24H6190132P03,Vehicle Passenger,Private,0–50,"$5,000-$5,999 ($260,000-$311,999)",3-4,Sufficient bikes,True,Outer,0->9,Student
Y24H6190229,Y24H6190229P03,Vehicle Passenger,Private,0–50,"$2,500-$2,999 ($130,000-$155,999)",3-4,Insufficient bikes,True,Middle,0->9,Student
Y24H6190239,Y24H6190239P03,Vehicle Passenger,Private,0–50,"$3,500-$3,999 ($182,000-$207,999)",3-4,Insufficient bikes,True,Middle,10->19,Student
Y24H6190239,Y24H6190239P04,Vehicle Passenger,Private,0–50,"$3,500-$3,999 ($182,000-$207,999)",3-4,Insufficient bikes,True,Middle,10->19,Student
Y24H6190304,Y24H6190304P03,Vehicle Passenger,Private,0–50,"$3,500-$3,999 ($182,000-$207,999)",5+,No bikes,True,Middle,10->19,Student
Y24H6190304,Y24H6190304P04,Vehicle Passenger,Private,0–50,"$3,500-$3,999 ($182,000-$207,999)",5+,No bikes,True,Middle,10->19,Student
Y24H6190304,Y24H6190304P05,Walking,Active,0–50,"$3,500-$3,999 ($182,000-$207,999)",5+,No bikes,True,Middle,10->19,Student
Y24H6190315,Y24H6190315P03,Public Bus,Public,0–50,"$4,000-$4,499 ($208,000-$233,999)",3-4,Insufficient bikes,True,Middle,10->19,Student
Y24H6190315,Y24H6190315P04,Public Bus,Public,0–50,"$4,000-$4,499 ($208,000-$233,999)",3-4,Insufficient bikes,True,Middle,10->19,Student
Y24H6190325,Y24H6190325P01,Vehicle Driver,Private,0–50,"$1,750-$1,999 ($91,000-$103,999)",2,Insufficient bikes,True,Middle,70+,Not in labour force/Retired
Y24H6190331,Y24H6190331P03,Vehicle Passenger,Private,0–50,"$6,000-$7,999 ($312,000-$415,999)",3-4,Insufficient bikes,True,Middle,0->9,Student
Y24H6200116,Y24H6200116P02,Vehicle Passenger,Private,0–50,"$400-$499 ($20,800-$25,999)",2,Sufficient bikes,True,Outer,10->19,Student
Y24H6200137,Y24H6200137P03,Train,Public,50–100,"$300-$399 ($15,600-$20,799)",3-4,No bikes,False,Outer,20->29,Student
Y24H6200304,Y24H6200304P02,Vehicle Passenger,Private,0–50,"$300-$399 ($15,600-$20,799)",3-4,Insufficient bikes,True,Middle,10->19,Student
Y24H6200304,Y24H6200304P03,Vehicle Passenger,Private,0–50,"$300-$399 ($15,600-$20,799)",3-4,Insufficient bikes,True,Middle,10->19,Student
Y24H6200309,Y24H6200309P03,Vehicle Passenger,Private,0–50,"$3,500-$3,999 ($182,000-$207,999)",3-4,No bikes,True,Middle,10->19,Student
Y24H6200309,Y24H6200309P04,Vehicle Passenger,Private,0–50,"$3,500-$3,999 ($182,000-$207,999)",3-4,No bikes,True,Middle,10->19,Student
Y24H6200311,Y24H6200311P04,Train,Public,0–50,"$3,000-$3,499 ($156,000-$181,999)",5+,Insufficient bikes,True,Middle,20->29,Student
Y24H6200318,Y24H6200318P04,Train,Public,0–50,"$6,000-$7,999 ($312,000-$415,999)",3-4,Sufficient bikes,True,Middle,10->19,Student
Y24H6200331,Y24H6200331P04,Vehicle Passenger,Private,0–50,"$3,500-$3,999 ($182,000-$207,999)",3-4,Insufficient bikes,True,Middle,10->19,Student
Y24H6200333,Y24H6200333P04,Vehicle Passenger,Private,0–50,"$300-$399 ($15,600-$20,799)",3-4,Insufficient bikes,True,Middle,10->19,Student
Y24H6200336,Y24H6200336P03,Public Bus,Public,0–50,"$150-$299 ($7,800-$15,599)",5+,Insufficient bikes,False,Middle,10->19,Student
Y24H6200336,Y24H6200336P04,Public Bus,Public,0–50,"$150-$299 ($7,800-$15,599)",5+,Insufficient bikes,False,Middle,10->19,Student
Y24H6200336,Y24H6200336P05,Walking,Active,0–50,"$150-$299 ($7,800-$15,599)",5+,Insufficient bikes,False,Middle,10->19,Student
Y24H6200341,Y24H6200341P04,Vehicle Passenger,Private,0–50,"$4,500-$4,999 ($234,000-$259,999)",3-4,Insufficient bikes,True,Middle,10->19,Student
Y24H6200405,Y24H6200405P03,Vehicle Passenger,Private,0–50,"$4,000-$4,499 ($208,000-$233,999)",5+,Sufficient bikes,True,Outer,0->9,Student
Y24H6200430,Y24H6200430P03,School Bus,Public,0–50,"$4,500-$4,999 ($234,000-$259,999)",5+,Sufficient bikes,True,Outer,10->19,Student
Y24H6200430,Y24H6200430P04,School Bus,Public,0–50,"$4,500-$4,999 ($234,000-$259,999)",5+,Sufficient bikes,True,Outer,10->19,Student
Y24H6200430,Y24H6200430P05,Vehicle Passenger,Private,0–50,"$4,500-$4,999 ($234,000-$259,999)",5+,Sufficient bikes,True,Outer,0->9,Student
Y24H6200440,Y24H6200440P03,Vehicle Passenger,Private,0–50,"$4,000-$4,499 ($208,000-$233,999)",3-4,Sufficient bikes,True,Outer,0->9,Student
Y24H6210230,Y24H6210230P03,Vehicle Passenger,Private,0–50,"$3,000-$3,499 ($156,000-$181,999)",3-4,Sufficient bikes,True,Outer,10->19,Student
Y24H6210230,Y24H6210230P04,Vehicle Passenger,Private,0–50,"$3,000-$3,499 ($156,000-$181,999)",3-4,Sufficient bikes,True,Outer,0->9,Student
Y24H6210425,Y24H6210425P03,Tram,Public,0–50,"$1,750-$1,999 ($91,000-$103,999)",5+,Sufficient bikes,True,Middle,10->19,Student
Y24H6210425,Y24H6210425P04,Tram,Public,0–50,"$1,750-$1,999 ($91,000-$103,999)",5+,Sufficient bikes,True,Middle,10->19,Student
Y24H6210425,Y24H6210425P05,Vehicle Passenger,Private,0–50,"$1,750-$1,999 ($91,000-$103,999)",5+,Sufficient bikes,True,Middle,10->19,Student
Y24H6210501,Y24H6210501P02,Vehicle Passenger,Private,0–50,"$2,500-$2,999 ($130,000-$155,999)",3-4,No bikes,True,Outer,10->19,Student
Y24H6210501,Y24H6210501P03,Vehicle Passenger,Private,0–50,"$2,500-$2,999 ($130,000-$155,999)",3-4,No bikes,True,Outer,0->9,Student
Y24H6210516,Y24H6210516P02,Vehicle Passenger,Private,0–50,"$500-$649 ($26,000-$33,799)",3-4,Insufficient bikes,True,Outer,0->9,Student
Y24H6210516,Y24H6210516P03,Vehicle Passenger,Private,0–50,"$500-$649 ($26,000-$33,799)",3-4,Insufficient bikes,True,Outer,0->9,Student
Y24H6220101,Y24H6220101P03,Vehicle Passenger,Private,0–50,"$4,000-$4,499 ($208,000-$233,999)",5+,Sufficient bikes,True,Outer,10->19,Student
Y24H6220101,Y24H6220101P04,Vehicle Passenger,Private,0–50,"$4,000-$4,499 ($208,000-$233,999)",5+,Sufficient bikes,True,Outer,0->9,Student
Y24H6220101,Y24H6220101P05,Vehicle Passenger,Private,0–50,"$4,000-$4,499 ($208,000-$233,999)",5+,Sufficient bikes,True,Outer,0->9,Student
Y24H6220409,Y24H6220409P03,Vehicle Passenger,Private,0–50,"$3,000-$3,499 ($156,000-$181,999)",3-4,No bikes,True,Outer,0->9,Student
Y24H6220411,Y24H6220411P04,Vehicle Passenger,Private,0–50,"$3,000-$3,499 ($156,000-$181,999)",3-4,Sufficient bikes,True,Outer,0->9,Student
Y24H6220429,Y24H6220429P03,Vehicle Passenger,Private,0–50,"$5,000-$5,999 ($260,000-$311,999)",3-4,Sufficient bikes,True,Outer,10->19,Student
Y24H6220501,Y24H6220501P03,Walking,Active,0–50,"$1,750-$1,999 ($91,000-$103,999)",3-4,No bikes,True,Outer,0->9,Student
Y24H6220516,Y24H6220516P03,Walking,Active,0–50,"$1,500-$1,749 ($78,000-$90,999)",5+,Insufficient bikes,True,Outer,10->19,Student
Y24H6220516,Y24H6220516P04,Walking,Active,0–50,"$1,500-$1,749 ($78,000-$90,999)",5+,Insufficient bikes,True,Outer,10->19,Student
Y24H6220516,Y24H6220516P05,Walking,Active,0–50,"$1,500-$1,749 ($78,000-$90,999)",5+,Insufficient bikes,True,Outer,0->9,Student
Y24H6230404,Y24H6230404P04,Train,Public,0–50,"$6,000-$7,999 ($312,000-$415,999)",3-4,Sufficient bikes,True,Middle,10->19,Student
Y24H6250101,Y24H6250101P03,Walking,Active,0–50,"$3,500-$3,999 ($182,000-$207,999)",5+,Insufficient bikes,True,Outer,0->9,Student
Y24H6250103,Y24H6250103P03,School Bus,Public,0–50,"$4,000-$4,499 ($208,000-$233,999)",3-4,Sufficient bikes,True,Outer,10->19,Student
Y24H6250103,Y24H6250103P04,Walking,Active,0–50,"$4,000-$4,499 ($208,000-$233,999)",3-4,Sufficient bikes,True,Outer,10->19,Student
Y24H6250118,Y24H6250118P03,Walking,Active,0–50,"$2,000-$2,499 ($104,000-$129,999)",5+,Sufficient bikes,True,Outer,10->19,Student
Y24H6250118,Y24H6250118P04,Vehicle Passenger,Private,0–50,"$2,000-$2,499 ($104,000-$129,999)",5+,Sufficient bikes,True,Outer,10->19,Student
Y24H6250118,Y24H6250118P05,Vehicle Passenger,Private,0–50,"$2,000-$2,499 ($104,000-$129,999)",5+,Sufficient bikes,True,Outer,0->9,Student
Y24H6250118,Y24H6250118P06,Vehicle Passenger,Private,0–50,"$2,000-$2,499 ($104,000-$129,999)",5+,Sufficient bikes,True,Outer,0->9,Student
Y24H6250125,Y24H6250125P03,Train,Public,0–50,"$5,000-$5,999 ($260,000-$311,999)",3-4,Insufficient bikes,True,Outer,10->19,Student
Y24H6250412,Y24H6250412P03,Vehicle Passenger,Private,0–50,"$4,000-$4,499 ($208,000-$233,999)",3-4,Insufficient bikes,True,Middle,10->19,Student
Y24H6250412,Y24H6250412P04,Vehicle Passenger,Private,0–50,"$4,000-$4,499 ($208,000-$233,999)",3-4,Insufficient bikes,True,Middle,10->19,Student
Y24H6250423,Y24H6250423P02,Vehicle Passenger,Private,0–50,"$3,500-$3,999 ($182,000-$207,999)",2,Insufficient bikes,True,Middle,10->19,Student
Y24H6250438,Y24H6250438P03,Vehicle Passenger,Private,0–50,"$4,000-$4,499 ($208,000-$233,999)",3-4,Insufficient bikes,True,Middle,10->19,Student
Y24H6250438,Y24H6250438P04,Vehicle Passenger,Private,0–50,"$4,000-$4,499 ($208,000-$233,999)",3-4,Insufficient bikes,True,Middle,0->9,Student
Y24H5740102,Y24H5740102P02,Vehicle Driver,Private,0–50,"$1,250-$1,499 ($65,000-$77,999)",2,No bikes,True,Outer,20->29,Part time
Y24H5740109,Y24H5740109P02,Vehicle Driver,Private,0–50,"$2,000-$2,499 ($104,000-$129,999)",5+,Sufficient bikes,True,Outer,40->49,Full time
Y24H5740110,Y24H5740110P03,Vehicle Passenger,Private,0–50,"$1,750-$1,999 ($91,000-$103,999)",3-4,Insufficient bikes,True,Outer,20->29,Part time
Y24H5740111,Y24H5740111P01,Vehicle Driver,Private,0–50,"$4,000-$4,499 ($208,000-$233,999)",3-4,No bikes,True,Outer,60->69,Full time
Y24H5740111,Y24H5740111P02,Vehicle Driver,Private,150–200,"$4,000-$4,499 ($208,000-$233,999)",3-4,No bikes,True,Outer,20->29,Full time
Y24H5740119,Y24H5740119P01,Train,Public,50–100,"$3,500-$3,999 ($182,000-$207,999)",2,No bikes,True,Outer,60->69,Part time
Y24H5740120,Y24H5740120P01,Vehicle Driver,Private,0–50,"$2,500-$2,999 ($130,000-$155,999)",1,No bikes,True,Outer,60->69,Full time
Y24H5740123,Y24H5740123P01,Vehicle Driver,Private,0–50,"$1,750-$1,999 ($91,000-$103,999)",1,No bikes,True,Outer,60->69,Full time
Y24H5740129,Y24H5740129P03,Vehicle Driver,Private,0–50,"$3,000-$3,499 ($156,000-$181,999)",3-4,No bikes,True,Outer,40->49,Full time
Y24H5740129,Y24H5740129P03,Vehicle Driver,Private,0–50,"$3,000-$3,499 ($156,000-$181,999)",3-4,No bikes,True,Outer,40->49,Full time
Y24H5740131,Y24H5740131P02,Vehicle Driver,Private,0–50,"$4,000-$4,499 ($208,000-$233,999)",3-4,Sufficient bikes,True,Outer,40->49,Part time
Y24H5740331,Y24H5740331P01,Vehicle Driver,Private,0–50,"$2,500-$2,999 ($130,000-$155,999)",2,Sufficient bikes,True,Inner,60->69,Full time
Y24H5740340,Y24H5740340P01,Vehicle Driver,Private,0–50,"$800-$999 ($41,600-$51,999)",2,Sufficient bikes,True,Inner,50->59,Full time
Y24H5740505,Y24H5740505P01,Vehicle Driver,Private,0–50,"$1-$149 ($1-$7,799)",3-4,Insufficient bikes,True,Outer,30->39,Part time
Y24H5740505,Y24H5740505P01,Vehicle Driver,Private,0–50,"$1-$149 ($1-$7,799)",3-4,Insufficient bikes,True,Outer,30->39,Part time
Y24H5740510,Y24H5740510P02,Train,Public,0–50,"$4,500-$4,999 ($234,000-$259,999)",3-4,No bikes,True,Outer,30->39,Full time
Y24H5740517,Y24H5740517P01,Vehicle Driver,Private,0–50,"$2,000-$2,499 ($104,000-$129,999)",2,No bikes,True,Outer,30->39,Full time
Y24H5740517,Y24H5740517P02,Vehicle Passenger,Private,0–50,"$2,000-$2,499 ($104,000-$129,999)",2,No bikes,True,Outer,30->39,Part time
Y24H5740530,Y24H5740530P02,Vehicle Driver,Private,0–50,"$5,000-$5,999 ($260,000-$311,999)",3-4,No bikes,True,Outer,40->49,Part time
Y24H5740533,Y24H5740533P01,Vehicle Driver,Private,0–50,"$400-$499 ($20,800-$25,999)",3-4,Insufficient bikes,True,Outer,30->39,Part time
Y24H5740533,Y24H5740533P02,Vehicle Driver,Private,0–50,"$400-$499 ($20,800-$25,999)",3-4,Insufficient bikes,True,Outer,30->39,Part time
Y24H5740536,Y24H5740536P01,Vehicle Driver,Private,0–50,"$1,750-$1,999 ($91,000-$103,999)",1,Sufficient bikes,True,Outer,20->29,Not in labour force/Retired
Y24H5740539,Y24H5740539P01,Vehicle Driver,Private,0–50,"$1,250-$1,499 ($65,000-$77,999)",2,No bikes,True,Outer,20->29,Full time
Y24H5740539,Y24H5740539P02,Vehicle Passenger,Private,0–50,"$1,250-$1,499 ($65,000-$77,999)",2,No bikes,True,Outer,20->29,Full time
Y24H5750123,Y24H5750123P01,Vehicle Driver,Private,0–50,"$500-$649 ($26,000-$33,799)",2,No bikes,True,Outer,70+,Part time
Y24H5750123,Y24H5750123P01,Vehicle Driver,Private,0–50,"$500-$649 ($26,000-$33,799)",2,No bikes,True,Outer,70+,Part time
Y24H5750208,Y24H5750208P01,Vehicle Driver,Private,0–50,"$3,000-$3,499 ($156,000-$181,999)",2,No bikes,True,Middle,60->69,Full time
Y24H5750208,Y24H5750208P02,Vehicle Driver,Private,0–50,"$3,000-$3,499 ($156,000-$181,999)",2,No bikes,True,Middle,60->69,Full time
Y24H5750217,Y24H5750217P01,Vehicle Driver,Private,0–50,"$3,000-$3,499 ($156,000-$181,999)",2,No bikes,True,Middle,50->59,Full time
Y24H5750217,Y24H5750217P02,Vehicle Driver,Private,0–50,"$3,000-$3,499 ($156,000-$181,999)",2,No bikes,True,Middle,20->29,Full time
Y24H5750218,Y24H5750218P01,Train,Public,0–50,"$2,500-$2,999 ($130,000-$155,999)",1,No bikes,True,Middle,50->59,Full time
Y24H5750224,Y24H5750224P01,Vehicle Driver,Private,0–50,"$800-$999 ($41,600-$51,999)",3-4,Insufficient bikes,True,Middle,50->59,Part time
Y24H5750233,Y24H5750233P01,Vehicle Driver,Private,0–50,"$300-$399 ($15,600-$20,799)",3-4,No bikes,True,Middle,20->29,Student
Y24H5750235,Y24H5750235P02,Vehicle Driver,Private,0–50,"$5,000-$5,999 ($260,000-$311,999)",3-4,Insufficient bikes,True,Middle,40->49,Part time
Y24H5750239,Y24H5750239P01,Vehicle Driver,Private,0–50,"$4,500-$4,999 ($234,000-$259,999)",5+,Sufficient bikes,True,Middle,50->59,Full time
Y24H5750239,Y24H5750239P03,Vehicle Driver,Private,0–50,"$4,500-$4,999 ($234,000-$259,999)",5+,Sufficient bikes,True,Middle,20->29,Full time
Y24H5750239,Y24H5750239P05,Vehicle Passenger,Private,0–50,"$4,500-$4,999 ($234,000-$259,999)",5+,Sufficient bikes,True,Middle,20->29,Full time
Y24H5750309,Y24H5750309P02,Vehicle Driver,Private,0–50,"$1,500-$1,749 ($78,000-$90,999)",3-4,No bikes,True,Middle,40->49,Full time
Y24H5750320,Y24H5750320P03,Vehicle Passenger,Private,0–50,"$4,000-$4,499 ($208,000-$233,999)",5+,Sufficient bikes,True,Middle,10->19,Student
Y24H5750320,Y24H5750320P04,Public Bus,Public,0–50,"$4,000-$4,499 ($208,000-$233,999)",5+,Sufficient bikes,True,Middle,10->19,Student
Y24H5750324,Y24H5750324P01,Vehicle Driver,Private,0–50,"$1,500-$1,749 ($78,000-$90,999)",3-4,No bikes,True,Middle,40->49,Full time
Y24H5750333,Y24H5750333P01,Vehicle Driver,Private,0–50,"$8,000 or more ($416,000 or more)",3-4,Insufficient bikes,True,Middle,50->59,Full time
Y24H5750401,Y24H5750401P01,Vehicle Driver,Private,0–50,"$4,000-$4,499 ($208,000-$233,999)",3-4,No bikes,True,Outer,30->39,Full time
Y24H5750401,Y24H5750401P03,Vehicle Driver,Private,0–50,"$4,000-$4,499 ($208,000-$233,999)",3-4,No bikes,True,Outer,30->39,Full time
Y24H5750403,Y24H5750403P01,Vehicle Driver,Private,0–50,"$1,500-$1,749 ($78,000-$90,999)",5+,No bikes,True,Outer,40->49,Part time
Y24H5750403,Y24H5750403P03,Vehicle Driver,Private,0–50,"$1,500-$1,749 ($78,000-$90,999)",5+,No bikes,True,Outer,20->29,Part time
Y24H5750404,Y24H5750404P02,Vehicle Driver,Private,0–50,"$1,000-$1,249 ($52,000-$64,999)",3-4,No bikes,True,Outer,40->49,Part time
Y24H5750404,Y24H5750404P02,Vehicle Driver,Private,0–50,"$1,000-$1,249 ($52,000-$64,999)",3-4,No bikes,True,Outer,40->49,Part time
Y24H5750412,Y24H5750412P01,Vehicle Driver,Private,0–50,"$2,000-$2,499 ($104,000-$129,999)",5+,No bikes,True,Outer,40->49,Full time
Y24H5750415,Y24H5750415P01,Vehicle Driver,Private,0–50,"$2,500-$2,999 ($130,000-$155,999)",3-4,Insufficient bikes,True,Outer,40->49,Full time
Y24H5750417,Y24H5750417P02,Vehicle Driver,Private,0–50,"$300-$399 ($15,600-$20,799)",5+,Insufficient bikes,True,Outer,30->39,Part time
Y24H5750418,Y24H5750418P01,Vehicle Driver,Private,0–50,"$3,000-$3,499 ($156,000-$181,999)",5+,Insufficient bikes,True,Outer,50->59,Full time
Y24H5750418,Y24H5750418P02,Vehicle Driver,Private,0–50,"$3,000-$3,499 ($156,000-$181,999)",5+,Insufficient bikes,True,Outer,50->59,Part time
Y24H5750418,Y24H5750418P04,Vehicle Passenger,Private,0–50,"$3,000-$3,499 ($156,000-$181,999)",5+,Insufficient bikes,True,Outer,10->19,Student
Y24H5750419,Y24H5750419P02,Vehicle Driver,Private,0–50,"$1,000-$1,249 ($52,000-$64,999)",3-4,No bikes,True,Outer,30->39,Full time
Y24H5750420,Y24H5750420P01,Vehicle Driver,Private,0–50,"$2,500-$2,999 ($130,000-$155,999)",1,Sufficient bikes,True,Outer,40->49,Full time
Y24H5750426,Y24H5750426P02,Train,Public,0–50,"$4,500-$4,999 ($234,000-$259,999)",3-4,Insufficient bikes,True,Outer,30->39,Full time
Y24H5750430,Y24H5750430P01,Vehicle Driver,Private,0–50,"$1,250-$1,499 ($65,000-$77,999)",5+,No bikes,True,Outer,30->39,Full time
Y24H5750431,Y24H5750431P02,Vehicle Driver,Private,0–50,"$3,500-$3,999 ($182,000-$207,999)",2,No bikes,True,Outer,30->39,Full time
Y24H5750436,Y24H5750436P02,Vehicle Driver,Private,0–50,"$300-$399 ($15,600-$20,799)",5+,Insufficient bikes,True,Outer,30->39,Full time
Y24H5750437,Y24H5750437P01,Vehicle Driver,Private,0–50,"$2,500-$2,999 ($130,000-$155,999)",2,Insufficient bikes,True,Outer,30->39,Full time
Y24H5750442,Y24H5750442P01,Vehicle Driver,Private,0–50,"$2,000-$2,499 ($104,000-$129,999)",2,Sufficient bikes,True,Outer,30->39,Full time
Y24H5750442,Y24H5750442P02,Train,Public,0–50,"$2,000-$2,499 ($104,000-$129,999)",2,Sufficient bikes,True,Outer,30->39,Student
Y24H5760202,Y24H5760202P01,Vehicle Driver,Private,0–50,"$1,750-$1,999 ($91,000-$103,999)",1,No bikes,True,Outer,60->69,Full time
Y24H5760211,Y24H5760211P01,Walking,Active,0–50,"$650-$799 ($33,800-$41,599)",1,No bikes,True,Outer,70+,Full time
Y24H5760211,Y24H5760211P01,Walking,Active,0–50,"$650-$799 ($33,800-$41,599)",1,No bikes,True,Outer,70+,Full time
Y24H5760232,Y24H5760232P01,Vehicle Driver,Private,0–50,"$3,000-$3,499 ($156,000-$181,999)",3-4,Sufficient bikes,True,Outer,50->59,Full time
Y24H5760232,Y24H5760232P02,Vehicle Driver,Private,0–50,"$3,000-$3,499 ($156,000-$181,999)",3-4,Sufficient bikes,True,Outer,40->49,Full time
Y24H5760236,Y24H5760236P01,Vehicle Driver,Private,0–50,"$2,000-$2,499 ($104,000-$129,999)",2,Insufficient bikes,True,Outer,60->69,Full time
Y24H5760236,Y24H5760236P02,Vehicle Driver,Private,0–50,"$2,000-$2,499 ($104,000-$129,999)",2,Insufficient bikes,True,Outer,60->69,Full time
Y24H5760237,Y24H5760237P01,Vehicle Driver,Private,0–50,"$5,000-$5,999 ($260,000-$311,999)",2,Sufficient bikes,True,Outer,30->39,Full time
Y24H5760237,Y24H5760237P02,Vehicle Driver,Private,0–50,"$5,000-$5,999 ($260,000-$311,999)",2,Sufficient bikes,True,Outer,30->39,Full time
Y24H5760240,Y24H5760240P01,Vehicle Driver,Private,0–50,"$4,500-$4,999 ($234,000-$259,999)",2,Sufficient bikes,True,Outer,50->59,Full time
Y24H5760326,Y24H5760326P01,Vehicle Driver,Private,0–50,"$3,500-$3,999 ($182,000-$207,999)",2,No bikes,True,Middle,40->49,Full time
Y24H5760326,Y24H5760326P02,Vehicle Driver,Private,0–50,"$3,500-$3,999 ($182,000-$207,999)",2,No bikes,True,Middle,40->49,Full time
Y24H5760327,Y24H5760327P02,Vehicle Driver,Private,0–50,"$2,500-$2,999 ($130,000-$155,999)",3-4,Insufficient bikes,True,Middle,30->39,Full time
Y24H5760329,Y24H5760329P01,Vehicle Driver,Private,0–50,"$1,750-$1,999 ($91,000-$103,999)",3-4,Insufficient bikes,True,Middle,50->59,Full time
Y24H5760329,Y24H5760329P02,Vehicle Driver,Private,0–50,"$1,750-$1,999 ($91,000-$103,999)",3-4,Insufficient bikes,True,Middle,40->49,Part time
Y24H5760330,Y24H5760330P02,Vehicle Driver,Private,0–50,"$3,500-$3,999 ($182,000-$207,999)",2,Insufficient bikes,True,Middle,60->69,Full time
Y24H5760331,Y24H5760331P01,Vehicle Driver,Private,0–50,"$6,000-$7,999 ($312,000-$415,999)",3-4,Insufficient bikes,True,Middle,40->49,Full time
Y24H5760336,Y24H5760336P02,Vehicle Driver,Private,0–50,"$3,500-$3,999 ($182,000-$207,999)",2,Insufficient bikes,True,Middle,50->59,Full time
Y24H5760425,Y24H5760425P02,Walking,Active,0–50,"$1,500-$1,749 ($78,000-$90,999)",2,No bikes,True,Middle,60->69,Part time
Y24H5760502,Y24H5760502P01,Vehicle Driver,Private,0–50,"$4,500-$4,999 ($234,000-$259,999)",3-4,Sufficient bikes,True,Outer,50->59,Full time
Y24H5760502,Y24H5760502P02,Vehicle Driver,Private,0–50,"$4,500-$4,999 ($234,000-$259,999)",3-4,Sufficient bikes,True,Outer,40->49,Full time
Y24H5760511,Y24H5760511P04,Vehicle Driver,Private,0–50,"$6,000-$7,999 ($312,000-$415,999)",5+,Insufficient bikes,True,Outer,30->39,Full time
Y24H5760525,Y24H5760525P02,Train,Public,0–50,"$2,500-$2,999 ($130,000-$155,999)",3-4,No bikes,True,Outer,40->49,Full time
Y24H5760533,Y24H5760533P01,Motorcycle,Private,0–50,"$3,000-$3,499 ($156,000-$181,999)",3-4,Insufficient bikes,True,Outer,40->49,Full time
Y24H5760533,Y24H5760533P02,Vehicle Driver,Private,0–50,"$3,000-$3,499 ($156,000-$181,999)",3-4,Insufficient bikes,True,Outer,30->39,Part time
Y24H5760534,Y24H5760534P03,Vehicle Driver,Private,0–50,"$6,000-$7,999 ($312,000-$415,999)",3-4,No bikes,True,Outer,20->29,Full time
Y24H5760537,Y24H5760537P02,Train,Public,0–50,"$4,000-$4,499 ($208,000-$233,999)",5+,Insufficient bikes,True,Outer,40->49,Full time
Y24H5760540,Y24H5760540P02,Vehicle Driver,Private,0–50,"$2,500-$2,999 ($130,000-$155,999)",3-4,No bikes,True,Outer,20->29,Part time
Y24H5760540,Y24H5760540P03,Vehicle Driver,Private,0–50,"$2,500-$2,999 ($130,000-$155,999)",3-4,No bikes,True,Outer,20->29,Part time
Y24H5770209,Y24H5770209P04,Vehicle Driver,Private,0–50,"$2,500-$2,999 ($130,000-$155,999)",3-4,No bikes,True,Outer,50->59,Full time
Y24H5770212,Y24H5770212P01,Vehicle Driver,Private,50–100,"$1,500-$1,749 ($78,000-$90,999)",3-4,Sufficient bikes,True,Outer,50->59,Full time
Y24H5770216,Y24H5770216P02,Vehicle Driver,Private,0–50,"$800-$999 ($41,600-$51,999)",2,Insufficient bikes,True,Outer,60->69,Not in labour force/Retired
Y24H5770232,Y24H5770232P01,Vehicle Driver,Private,0–50,"$3,500-$3,999 ($182,000-$207,999)",2,Insufficient bikes,True,Outer,60->69,Full time
Y24H5770233,Y24H5770233P01,Vehicle Driver,Private,50–100,"$2,500-$2,999 ($130,000-$155,999)",2,Sufficient bikes,True,Outer,60->69,Full time
Y24H5770237,Y24H5770237P01,Vehicle Driver,Private,0–50,"$5,000-$5,999 ($260,000-$311,999)",5+,Insufficient bikes,True,Outer,50->59,Part time
Y24H5770237,Y24H5770237P03,Vehicle Driver,Private,0–50,"$5,000-$5,999 ($260,000-$311,999)",5+,Insufficient bikes,True,Outer,20->29,Student
Y24H5770239,Y24H5770239P01,Vehicle Passenger,Private,0–50,"$800-$999 ($41,600-$51,999)",2,No bikes,True,Outer,60->69,Full time
Y24H5770239,Y24H5770239P02,Train,Public,0–50,"$800-$999 ($41,600-$51,999)",2,No bikes,True,Outer,50->59,Full time
Y24H5770240,Y24H5770240P02,Vehicle Driver,Private,0–50,"$1,750-$1,999 ($91,000-$103,999)",3-4,Insufficient bikes,True,Outer,40->49,Part time
Y24H5770322,Y24H5770322P01,Train,Public,0–50,"$3,500-$3,999 ($182,000-$207,999)",3-4,Sufficient bikes,True,Inner,50->59,Part time
Y24H5770324,Y24H5770324P01,Vehicle Passenger,Private,0–50,"$2,500-$2,999 ($130,000-$155,999)",3-4,Sufficient bikes,True,Inner,40->49,Full time
Y24H5770324,Y24H5770324P02,Vehicle Driver,Private,0–50,"$2,500-$2,999 ($130,000-$155,999)",3-4,Sufficient bikes,True,Inner,40->49,Part time
Y24H5770335,Y24H5770335P01,Tram,Public,0–50,"$1,500-$1,749 ($78,000-$90,999)",1,Sufficient bikes,True,Inner,50->59,Full time
Y24H5770336,Y24H5770336P01,Vehicle Driver,Private,0–50,"$3,500-$3,999 ($182,000-$207,999)",2,Sufficient bikes,True,Inner,40->49,Full time
Y24H5770515,Y24H5770515P01,Train,Public,0–50,"$2,500-$2,999 ($130,000-$155,999)",1,Sufficient bikes,True,Middle,30->39,Full time
Y24H5770517,Y24H5770517P01,Train,Public,0–50,"$3,000-$3,499 ($156,000-$181,999)",3-4,Sufficient bikes,True,Middle,40->49,Part time
Y24H5770517,Y24H5770517P02,Bicycle,Active,0–50,"$3,000-$3,499 ($156,000-$181,999)",3-4,Sufficient bikes,True,Middle,40->49,Full time
Y24H5770530,Y24H5770530P01,Train,Public,0–50,"$1,750-$1,999 ($91,000-$103,999)",1,No bikes,False,Middle,40->49,Full time
Y24H5780104,Y24H5780104P01,Vehicle Passenger,Private,0–50,"$2,000-$2,499 ($104,000-$129,999)",3-4,No bikes,True,Outer,50->59,Part time
Y24H5780104,Y24H5780104P02,Vehicle Driver,Private,0–50,"$2,000-$2,499 ($104,000-$129,999)",3-4,No bikes,True,Outer,20->29,Full time
Y24H5780108,Y24H5780108P02,Vehicle Driver,Private,0–50,"$1,250-$1,499 ($65,000-$77,999)",3-4,Insufficient bikes,True,Outer,30->39,Full time
Y24H5780109,Y24H5780109P03,Vehicle Driver,Private,50–100,"$1,750-$1,999 ($91,000-$103,999)",5+,Insufficient bikes,True,Outer,30->39,Full time
Y24H5780109,Y24H5780109P04,Vehicle Driver,Private,0–50,"$1,750-$1,999 ($91,000-$103,999)",5+,Insufficient bikes,True,Outer,30->39,Part time
Y24H5780115,Y24H5780115P02,Vehicle Driver,Private,0–50,"$3,000-$3,499 ($156,000-$181,999)",3-4,Insufficient bikes,True,Outer,40->49,Full time
Y24H5780122,Y24H5780122P02,Vehicle Driver,Private,0–50,"$4,500-$4,999 ($234,000-$259,999)",3-4,No bikes,True,Outer,50->59,Full time
Y24H5780130,Y24H5780130P01,Vehicle Driver,Private,0–50,"$3,000-$3,499 ($156,000-$181,999)",3-4,No bikes,True,Outer,50->59,Not in labour force/Retired
Y24H5780130,Y24H5780130P02,Vehicle Driver,Private,0–50,"$3,000-$3,499 ($156,000-$181,999)",3-4,No bikes,True,Outer,40->49,Not in labour force/Retired
Y24H5780130,Y24H5780130P03,Vehicle Driver,Private,0–50,"$3,000-$3,499 ($156,000-$181,999)",3-4,No bikes,True,Outer,50->59,Not in labour force/Retired
Y24H5780136,Y24H5780136P01,Vehicle Driver,Private,0–50,"$1,250-$1,499 ($65,000-$77,999)",2,No bikes,True,Outer,20->29,Full time
Y24H5780136,Y24H5780136P02,Vehicle Driver,Private,0–50,"$1,250-$1,499 ($65,000-$77,999)",2,No bikes,True,Outer,20->29,Full time
Y24H5780138,Y24H5780138P03,Vehicle Driver,Private,0–50,"$5,000-$5,999 ($260,000-$311,999)",5+,No bikes,True,Outer,40->49,Full time
Y24H5780138,Y24H5780138P05,Vehicle Driver,Private,50–100,"$5,000-$5,999 ($260,000-$311,999)",5+,No bikes,True,Outer,30->39,Unemployment
Y24H5780140,Y24H5780140P01,Vehicle Driver,Private,0–50,"$1,750-$1,999 ($91,000-$103,999)",3-4,No bikes,True,Outer,40->49,Part time
Y24H5780140,Y24H5780140P01,Vehicle Driver,Private,0–50,"$1,750-$1,999 ($91,000-$103,999)",3-4,No bikes,True,Outer,40->49,Part time
Y24H5780140,Y24H5780140P02,Train,Public,50–100,"$1,750-$1,999 ($91,000-$103,999)",3-4,No bikes,True,Outer,40->49,Full time
Y24H5780203,Y24H5780203P02,Vehicle Driver,Private,0–50,"$4,500-$4,999 ($234,000-$259,999)",3-4,No bikes,True,Middle,30->39,Full time
Y24H5780209,Y24H5780209P01,Vehicle Driver,Private,0–50,"$2,500-$2,999 ($130,000-$155,999)",2,No bikes,True,Middle,50->59,Full time
Y24H5780216,Y24H5780216P02,Vehicle Driver,Private,0–50,"$1,000-$1,249 ($52,000-$64,999)",2,No bikes,True,Middle,60->69,Full time
Y24H5780303,Y24H5780303P01,Vehicle Driver,Private,0–50,"$1,500-$1,749 ($78,000-$90,999)",3-4,Insufficient bikes,True,Inner,40->49,Part time
Y24H5780308,Y24H5780308P01,Bicycle,Active,0–50,"$6,000-$7,999 ($312,000-$415,999)",3-4,Sufficient bikes,True,Inner,40->49,Full time
Y24H5780311,Y24H5780311P01,Vehicle Driver,Private,0–50,"$5,000-$5,999 ($260,000-$311,999)",2,No bikes,True,Inner,70+,Part time
Y24H5780318,Y24H5780318P02,Vehicle Driver,Private,0–50,"$3,500-$3,999 ($182,000-$207,999)",5+,No bikes,True,Inner,40->49,Full time
Y24H5780323,Y24H5780323P01,Train,Public,0–50,"$1,500-$1,749 ($78,000-$90,999)",1,No bikes,False,Inner,20->29,Full time
Y24H5780324,Y24H5780324P01,Vehicle Driver,Private,0–50,"$6,000-$7,999 ($312,000-$415,999)",5+,Insufficient bikes,True,Inner,50->59,Full time
Y24H5780324,Y24H5780324P02,Vehicle Driver,Private,0–50,"$6,000-$7,999 ($312,000-$415,999)",5+,Insufficient bikes,True,Inner,40->49,Full time
Y24H5780324,Y24H5780324P02,Vehicle Driver,Private,0–50,"$6,000-$7,999 ($312,000-$415,999)",5+,Insufficient bikes,True,Inner,40->49,Full time
Y24H5780325,Y24H5780325P01,Walking,Active,0–50,"$800-$999 ($41,600-$51,999)",1,Sufficient bikes,False,Inner,20->29,Full time
Y24H5780341,Y24H5780341P02,Train,Public,0–50,"$5,000-$5,999 ($260,000-$311,999)",2,Insufficient bikes,True,Inner,30->39,Full time
Y24H5780404,Y24H5780404P01,Train,Public,0–50,"$2,000-$2,499 ($104,000-$129,999)",2,No bikes,False,Inner,20->29,Full time
Y24H5780404,Y24H5780404P02,Train,Public,0–50,"$2,000-$2,499 ($104,000-$129,999)",2,No bikes,False,Inner,20->29,Full time
Y24H5780405,Y24H5780405P02,Vehicle Driver,Private,0–50,"$4,500-$4,999 ($234,000-$259,999)",3-4,Sufficient bikes,True,Inner,40->49,Full time
Y24H5780416,Y24H5780416P02,Vehicle Driver,Private,0–50,"$2,000-$2,499 ($104,000-$129,999)",3-4,Sufficient bikes,True,Inner,50->59,Full time
Y24H5780417,Y24H5780417P02,Bicycle,Active,0–50,"$5,000-$5,999 ($260,000-$311,999)",3-4,Sufficient bikes,True,Inner,40->49,Part time
Y24H5780426,Y24H5780426P01,Tram,Public,0–50,"$1,250-$1,499 ($65,000-$77,999)",1,Sufficient bikes,False,Inner,20->29,Full time
Y24H5780431,Y24H5780431P01,Tram,Public,0–50,"$3,500-$3,999 ($182,000-$207,999)",1,No bikes,True,Inner,30->39,Full time
Y24H5780432,Y24H5780432P01,Tram,Public,0–50,"$2,500-$2,999 ($130,000-$155,999)",1,No bikes,False,Inner,30->39,Full time
Y24H5780440,Y24H5780440P01,Walking,Active,0–50,"$3,500-$3,999 ($182,000-$207,999)",3-4,Insufficient bikes,True,Inner,40->49,Full time
Y24H5790103,Y24H5790103P01,Vehicle Driver,Private,0–50,"$4,000-$4,499 ($208,000-$233,999)",3-4,Sufficient bikes,True,Outer,30->39,Full time
Y24H5790103,Y24H5790103P02,Vehicle Driver,Private,0–50,"$4,000-$4,499 ($208,000-$233,999)",3-4,Sufficient bikes,True,Outer,30->39,Full time
Y24H5790105,Y24H5790105P01,Vehicle Driver,Private,0–50,"$1,250-$1,499 ($65,000-$77,999)",2,Sufficient bikes,True,Outer,60->69,Part time
Y24H5790105,Y24H5790105P02,Vehicle Driver,Private,0–50,"$1,250-$1,499 ($65,000-$77,999)",2,Sufficient bikes,True,Outer,60->69,Part time
Y24H5790122,Y24H5790122P01,Vehicle Driver,Private,0–50,"$5,000-$5,999 ($260,000-$311,999)",3-4,Insufficient bikes,True,Outer,30->39,Full time
Y24H5790122,Y24H5790122P01,Vehicle Driver,Private,0–50,"$5,000-$5,999 ($260,000-$311,999)",3-4,Insufficient bikes,True,Outer,30->39,Full time
Y24H5790124,Y24H5790124P02,Vehicle Driver,Private,0–50,"$800-$999 ($41,600-$51,999)",3-4,No bikes,True,Outer,40->49,Full time
Y24H5790129,Y24H5790129P01,Train,Public,0–50,"$3,000-$3,499 ($156,000-$181,999)",2,Sufficient bikes,True,Outer,30->39,Full time
Y24H5790129,Y24H5790129P02,Vehicle Driver,Private,0–50,"$3,000-$3,499 ($156,000-$181,999)",2,Sufficient bikes,True,Outer,20->29,Full time
Y24H5790129,Y24H5790129P02,Vehicle Driver,Private,0–50,"$3,000-$3,499 ($156,000-$181,999)",2,Sufficient bikes,True,Outer,20->29,Full time
Y24H5790135,Y24H5790135P03,Public Bus,Public,0–50,"$3,000-$3,499 ($156,000-$181,999)",3-4,Insufficient bikes,True,Outer,20->29,Student
Y24H5790203,Y24H5790203P01,Walking,Active,0–50,"$1,500-$1,749 ($78,000-$90,999)",2,No bikes,True,Middle,20->29,Part time
Y24H5790210,Y24H5790210P01,Vehicle Driver,Private,0–50,"$3,000-$3,499 ($156,000-$181,999)",2,Sufficient bikes,True,Middle,40->49,Full time
Y24H5790210,Y24H5790210P02,Train,Public,0–50,"$3,000-$3,499 ($156,000-$181,999)",2,Sufficient bikes,True,Middle,40->49,Part time
Y24H5790212,Y24H5790212P03,Vehicle Driver,Private,0–50,"$4,000-$4,499 ($208,000-$233,999)",3-4,Insufficient bikes,True,Middle,20->29,Full time
Y24H5790215,Y24H5790215P01,Vehicle Driver,Private,0–50,"$5,000-$5,999 ($260,000-$311,999)",3-4,Insufficient bikes,True,Middle,40->49,Full time
Y24H5790218,Y24H5790218P01,Train,Public,0–50,"$3,000-$3,499 ($156,000-$181,999)",3-4,Insufficient bikes,True,Middle,50->59,Part time
Y24H5790220,Y24H5790220P01,Vehicle Driver,Private,0–50,"$1,500-$1,749 ($78,000-$90,999)",1,No bikes,True,Middle,50->59,Full time
Y24H5790223,Y24H5790223P03,Vehicle Driver,Private,0–50,"$2,500-$2,999 ($130,000-$155,999)",5+,Insufficient bikes,True,Middle,20->29,Full time
Y24H5790224,Y24H5790224P01,Vehicle Driver,Private,0–50,"$3,500-$3,999 ($182,000-$207,999)",3-4,Insufficient bikes,True,Middle,40->49,Full time
Y24H5790237,Y24H5790237P01,Vehicle Driver,Private,50–100,"$3,000-$3,499 ($156,000-$181,999)",3-4,Sufficient bikes,True,Middle,50->59,Full time
Y24H5790238,Y24H5790238P02,Vehicle Driver,Private,0–50,"$1,750-$1,999 ($91,000-$103,999)",2,No bikes,True,Middle,20->29,Full time
Y24H5790240,Y24H5790240P04,Vehicle Passenger,Private,0–50,"$4,500-$4,999 ($234,000-$259,999)",5+,Insufficient bikes,True,Middle,20->29,Student
Y24H5790316,Y24H5790316P02,Vehicle Driver,Private,0–50,"$6,000-$7,999 ($312,000-$415,999)",5+,Insufficient bikes,True,Inner,50->59,Full time
Y24H5790502,Y24H5790502P01,Public Bus,Public,0–50,"$6,000-$7,999 ($312,000-$415,999)",3-4,No bikes,True,Outer,50->59,Full time
Y24H5790502,Y24H5790502P02,Train,Public,0–50,"$6,000-$7,999 ($312,000-$415,999)",3-4,No bikes,True,Outer,30->39,Full time
Y24H5790502,Y24H5790502P03,Bicycle,Active,0–50,"$6,000-$7,999 ($312,000-$415,999)",3-4,No bikes,True,Outer,20->29,Full time
Y24H5790508,Y24H5790508P02,Vehicle Driver,Private,0–50,"$2,500-$2,999 ($130,000-$155,999)",3-4,Insufficient bikes,True,Outer,40->49,Full time
Y24H5790512,Y24H5790512P01,Vehicle Driver,Private,0–50,"$5,000-$5,999 ($260,000-$311,999)",3-4,No bikes,True,Outer,50->59,Full time
Y24H5790530,Y24H5790530P03,Vehicle Driver,Private,0–50,"$2,500-$2,999 ($130,000-$155,999)",3-4,No bikes,True,Outer,20->29,Full time
Y24H5790531,Y24H5790531P01,Vehicle Driver,Private,0–50,"$1,250-$1,499 ($65,000-$77,999)",3-4,Sufficient bikes,True,Outer,60->69,Part time
Y24H5800202,Y24H5800202P01,Vehicle Driver,Private,0–50,"$3,500-$3,999 ($182,000-$207,999)",3-4,Insufficient bikes,True,Inner,50->59,Full time
Y24H5800210,Y24H5800210P01,Vehicle Passenger,Private,0–50,"$5,000-$5,999 ($260,000-$311,999)",3-4,Insufficient bikes,True,Inner,50->59,Full time
Y24H5800210,Y24H5800210P02,Vehicle Driver,Private,0–50,"$5,000-$5,999 ($260,000-$311,999)",3-4,Insufficient bikes,True,Inner,50->59,Part time
Y24H5800211,Y24H5800211P01,Vehicle Driver,Private,0–50,"$800-$999 ($41,600-$51,999)",1,No bikes,True,Inner,60->69,Full time
Y24H5800215,Y24H5800215P01,Train,Public,0–50,"$3,500-$3,999 ($182,000-$207,999)",5+,Insufficient bikes,True,Inner,50->59,Full time
Y24H5800216,Y24H5800216P01,Train,Public,0–50,"$6,000-$7,999 ($312,000-$415,999)",3-4,No bikes,True,Inner,50->59,Full time
Y24H5800216,Y24H5800216P03,Walking,Active,0–50,"$6,000-$7,999 ($312,000-$415,999)",3-4,No bikes,True,Inner,20->29,Student
Y24H5800217,Y24H5800217P01,Train,Public,0–50,"$4,500-$4,999 ($234,000-$259,999)",5+,Sufficient bikes,True,Inner,50->59,Full time
Y24H5800217,Y24H5800217P02,Vehicle Driver,Private,0–50,"$4,500-$4,999 ($234,000-$259,999)",5+,Sufficient bikes,True,Inner,50->59,Part time
Y24H5800217,Y24H5800217P03,Vehicle Driver,Private,0–50,"$4,500-$4,999 ($234,000-$259,999)",5+,Sufficient bikes,True,Inner,20->29,Student
Y24H5800218,Y24H5800218P02,Vehicle Driver,Private,0–50,"$1,250-$1,499 ($65,000-$77,999)",3-4,No bikes,True,Inner,50->59,Part time
Y24H5800218,Y24H5800218P03,Vehicle Driver,Private,0–50,"$1,250-$1,499 ($65,000-$77,999)",3-4,No bikes,True,Inner,20->29,Student
Y24H5800219,Y24H5800219P01,Train,Public,0–50,"$2,000-$2,499 ($104,000-$129,999)",5+,Insufficient bikes,True,Inner,40->49,Full time
Y24H5800219,Y24H5800219P02,Train,Public,0–50,"$2,000-$2,499 ($104,000-$129,999)",5+,Insufficient bikes,True,Inner,40->49,Full time
Y24H5800224,Y24H5800224P03,Train,Public,0–50,"$2,000-$2,499 ($104,000-$129,999)",3-4,No bikes,True,Middle,30->39,Part time
Y24H5800231,Y24H5800231P02,Vehicle Driver,Private,0–50,"$4,500-$4,999 ($234,000-$259,999)",5+,Insufficient bikes,True,Middle,40->49,Full time
Y24H5800239,Y24H5800239P01,Train,Public,0–50,"$500-$649 ($26,000-$33,799)",3-4,Insufficient bikes,True,Middle,40->49,Full time
Y24H5800322,Y24H5800322P01,Walking,Active,0–50,"$2,500-$2,999 ($130,000-$155,999)",1,No bikes,False,Inner,20->29,Full time
Y24H5800410,Y24H5800410P02,Vehicle Driver,Private,0–50,"$4,500-$4,999 ($234,000-$259,999)",3-4,No bikes,True,Middle,60->69,Part time
Y24H5800439,Y24H5800439P01,Vehicle Driver,Private,0–50,"$6,000-$7,999 ($312,000-$415,999)",5+,No bikes,True,Middle,40->49,Full time
Y24H5800439,Y24H5800439P02,Vehicle Driver,Private,0–50,"$6,000-$7,999 ($312,000-$415,999)",5+,No bikes,True,Middle,40->49,Full time
Y24H5800529,Y24H5800529P01,Vehicle Driver,Private,0–50,"$6,000-$7,999 ($312,000-$415,999)",2,Sufficient bikes,True,Outer,40->49,Full time
Y24H5800529,Y24H5800529P02,Vehicle Driver,Private,50–100,"$6,000-$7,999 ($312,000-$415,999)",2,Sufficient bikes,True,Outer,40->49,Full time
Y24H5800534,Y24H5800534P01,Vehicle Driver,Private,0–50,"$4,500-$4,999 ($234,000-$259,999)",3-4,Sufficient bikes,True,Outer,40->49,Part time
Y24H5810101,Y24H5810101P01,Vehicle Driver,Private,0–50,"$4,000-$4,499 ($208,000-$233,999)",5+,Insufficient bikes,True,Outer,50->59,Full time
Y24H5810101,Y24H5810101P02,Vehicle Driver,Private,0–50,"$4,000-$4,499 ($208,000-$233,999)",5+,Insufficient bikes,True,Outer,50->59,Full time
Y24H5810101,Y24H5810101P04,Vehicle Driver,Private,0–50,"$4,000-$4,499 ($208,000-$233,999)",5+,Insufficient bikes,True,Outer,20->29,Part time
Y24H5810102,Y24H5810102P01,Vehicle Driver,Private,0–50,"$2,000-$2,499 ($104,000-$129,999)",5+,Insufficient bikes,True,Outer,50->59,Full time
Y24H5810102,Y24H5810102P02,Vehicle Driver,Private,0–50,"$2,000-$2,499 ($104,000-$129,999)",5+,Insufficient bikes,True,Outer,50->59,Part time
Y24H5810105,Y24H5810105P02,Vehicle Driver,Private,0–50,"$8,000 or more ($416,000 or more)",5+,No bikes,True,Outer,50->59,Full time
Y24H5810108,Y24H5810108P01,Vehicle Driver,Private,0–50,"$1,750-$1,999 ($91,000-$103,999)",2,No bikes,True,Outer,50->59,Full time
Y24H5810115,Y24H5810115P02,Vehicle Driver,Private,0–50,"$5,000-$5,999 ($260,000-$311,999)",5+,Insufficient bikes,True,Outer,40->49,Full time
Y24H5810115,Y24H5810115P03,Vehicle Driver,Private,0–50,"$5,000-$5,999 ($260,000-$311,999)",5+,Insufficient bikes,True,Outer,40->49,Full time
Y24H5810123,Y24H5810123P01,Vehicle Driver,Private,0–50,"$3,000-$3,499 ($156,000-$181,999)",3-4,Sufficient bikes,True,Outer,40->49,Full time
Y24H5810123,Y24H5810123P02,Vehicle Passenger,Private,0–50,"$3,000-$3,499 ($156,000-$181,999)",3-4,Sufficient bikes,True,Outer,40->49,Part time
Y24H5810126,Y24H5810126P01,Vehicle Driver,Private,50–100,"$3,500-$3,999 ($182,000-$207,999)",3-4,Insufficient bikes,True,Outer,40->49,Full time
Y24H5810126,Y24H5810126P02,Vehicle Driver,Private,0–50,"$3,500-$3,999 ($182,000-$207,999)",3-4,Insufficient bikes,True,Outer,40->49,Full time
Y24H5810140,Y24H5810140P02,Vehicle Driver,Private,50–100,"$3,000-$3,499 ($156,000-$181,999)",5+,Insufficient bikes,True,Outer,30->39,Full time
Y24H5810141,Y24H5810141P01,Vehicle Driver,Private,0–50,"$1,500-$1,749 ($78,000-$90,999)",1,No bikes,True,Outer,40->49,Part time
Y24H5810203,Y24H5810203P02,Vehicle Driver,Private,0–50,"$1,750-$1,999 ($91,000-$103,999)",2,No bikes,True,Middle,70+,Part time
Y24H5810205,Y24H5810205P04,Vehicle Driver,Private,0–50,"$3,000-$3,499 ($156,000-$181,999)",5+,Insufficient bikes,True,Middle,20->29,Full time
Y24H5810206,Y24H5810206P03,Tram,Public,0–50,"$5,000-$5,999 ($260,000-$311,999)",5+,Insufficient bikes,True,Middle,20->29,Part time
Y24H5810209,Y24H5810209P03,Vehicle Driver,Private,0–50,"$3,000-$3,499 ($156,000-$181,999)",5+,Insufficient bikes,True,Middle,20->29,Student
Y24H5810215,Y24H5810215P01,Vehicle Driver,Private,0–50,"$500-$649 ($26,000-$33,799)",3-4,Sufficient bikes,True,Middle,50->59,Full time
Y24H5810215,Y24H5810215P02,Vehicle Driver,Private,0–50,"$500-$649 ($26,000-$33,799)",3-4,Sufficient bikes,True,Middle,50->59,Full time
Y24H5810215,Y24H5810215P03,Vehicle Driver,Private,0–50,"$500-$649 ($26,000-$33,799)",3-4,Sufficient bikes,True,Middle,20->29,Student
Y24H5810218,Y24H5810218P01,Vehicle Driver,Private,0–50,"$6,000-$7,999 ($312,000-$415,999)",3-4,No bikes,True,Middle,50->59,Full time
Y24H5810218,Y24H5810218P02,Vehicle Driver,Private,0–50,"$6,000-$7,999 ($312,000-$415,999)",3-4,No bikes,True,Middle,50->59,Full time
Y24H5810229,Y24H5810229P01,Vehicle Driver,Private,0–50,"$2,500-$2,999 ($130,000-$155,999)",5+,Insufficient bikes,True,Middle,50->59,Part time
Y24H5810229,Y24H5810229P02,Vehicle Driver,Private,0–50,"$2,500-$2,999 ($130,000-$155,999)",5+,Insufficient bikes,True,Middle,40->49,Part time
Y24H5810229,Y24H5810229P04,Vehicle Driver,Private,0–50,"$2,500-$2,999 ($130,000-$155,999)",5+,Insufficient bikes,True,Middle,20->29,Student
Y24H5810231,Y24H5810231P01,Vehicle Driver,Private,0–50,"$3,000-$3,499 ($156,000-$181,999)",3-4,Insufficient bikes,True,Middle,50->59,Full time
Y24H5810231,Y24H5810231P02,Vehicle Driver,Private,0–50,"$3,000-$3,499 ($156,000-$181,999)",3-4,Insufficient bikes,True,Middle,50->59,Full time
Y24H5810231,Y24H5810231P04,Vehicle Passenger,Private,0–50,"$3,000-$3,499 ($156,000-$181,999)",3-4,Insufficient bikes,True,Middle,10->19,Full time
Y24H5810233,Y24H5810233P01,Vehicle Driver,Private,0–50,"$6,000-$7,999 ($312,000-$415,999)",3-4,Insufficient bikes,True,Middle,30->39,Full time
Y24H5810236,Y24H5810236P01,Vehicle Driver,Private,0–50,"$5,000-$5,999 ($260,000-$311,999)",5+,No bikes,True,Middle,50->59,Full time
Y24H5810236,Y24H5810236P02,Vehicle Driver,Private,0–50,"$5,000-$5,999 ($260,000-$311,999)",5+,No bikes,True,Middle,50->59,Part time
Y24H5810236,Y24H5810236P03,Walking,Active,0–50,"$5,000-$5,999 ($260,000-$311,999)",5+,No bikes,True,Middle,20->29,Full time
Y24H5810236,Y24H5810236P04,Vehicle Driver,Private,0–50,"$5,000-$5,999 ($260,000-$311,999)",5+,No bikes,True,Middle,20->29,Full time
Y24H5810418,Y24H5810418P01,Vehicle Driver,Private,0–50,"$2,500-$2,999 ($130,000-$155,999)",1,No bikes,True,Inner,30->39,Full time
Y24H5810423,Y24H5810423P01,Train,Public,0–50,"$6,000-$7,999 ($312,000-$415,999)",3-4,Sufficient bikes,True,Inner,40->49,Full time
Y24H5810435,Y24H5810435P02,Train,Public,0–50,"$1,500-$1,749 ($78,000-$90,999)",2,Insufficient bikes,True,Inner,20->29,Part time
Y24H5810501,Y24H5810501P01,Vehicle Driver,Private,0–50,"$1,000-$1,249 ($52,000-$64,999)",3-4,No bikes,True,Outer,50->59,Full time
Y24H5810501,Y24H5810501P03,Train,Public,0–50,"$1,000-$1,249 ($52,000-$64,999)",3-4,No bikes,True,Outer,20->29,Part time
Y24H5810508,Y24H5810508P02,Vehicle Driver,Private,0–50,"$5,000-$5,999 ($260,000-$311,999)",3-4,Sufficient bikes,True,Outer,40->49,Full time
Y24H5810509,Y24H5810509P01,Vehicle Driver,Private,0–50,"$3,000-$3,499 ($156,000-$181,999)",1,No bikes,True,Outer,50->59,Full time
Y24H5810522,Y24H5810522P01,Vehicle Driver,Private,0–50,"$300-$399 ($15,600-$20,799)",2,No bikes,True,Outer,30->39,Full time
Y24H5810524,Y24H5810524P02,Motorcycle,Private,0–50,"$1,750-$1,999 ($91,000-$103,999)",3-4,Sufficient bikes,True,Outer,40->49,Full time
Y24H5810526,Y24H5810526P02,Vehicle Driver,Private,0–50,"$6,000-$7,999 ($312,000-$415,999)",3-4,No bikes,True,Outer,60->69,Full time
Y24H5810526,Y24H5810526P03,Vehicle Driver,Private,0–50,"$6,000-$7,999 ($312,000-$415,999)",3-4,No bikes,True,Outer,50->59,Full time
Y24H5810529,Y24H5810529P02,Vehicle Driver,Private,0–50,"$3,000-$3,499 ($156,000-$181,999)",3-4,Sufficient bikes,True,Outer,30->39,Full time
Y24H5810530,Y24H5810530P01,Vehicle Driver,Private,0–50,"$2,500-$2,999 ($130,000-$155,999)",3-4,Sufficient bikes,True,Outer,50->59,Part time
Y24H5810530,Y24H5810530P04,Vehicle Driver,Private,0–50,"$2,500-$2,999 ($130,000-$155,999)",3-4,Sufficient bikes,True,Outer,10->19,Full time
Y24H5810540,Y24H5810540P01,Vehicle Driver,Private,0–50,"$2,500-$2,999 ($130,000-$155,999)",3-4,No bikes,True,Outer,40->49,Full time
Y24H5820101,Y24H5820101P04,Vehicle Driver,Private,0–50,"$2,000-$2,499 ($104,000-$129,999)",3-4,Insufficient bikes,True,Outer,20->29,Student
Y24H5820103,Y24H5820103P01,Vehicle Driver,Private,0–50,"$2,500-$2,999 ($130,000-$155,999)",3-4,No bikes,True,Outer,30->39,Full time
Y24H5820108,Y24H5820108P01,Vehicle Driver,Private,0–50,"$2,000-$2,499 ($104,000-$129,999)",3-4,No bikes,True,Outer,60->69,Full time
Y24H5820108,Y24H5820108P02,Vehicle Driver,Private,0–50,"$2,000-$2,499 ($104,000-$129,999)",3-4,No bikes,True,Outer,50->59,Part time
Y24H5820109,Y24H5820109P01,Vehicle Driver,Private,0–50,"$1,250-$1,499 ($65,000-$77,999)",3-4,No bikes,True,Outer,60->69,Full time
Y24H5820117,Y24H5820117P02,Vehicle Driver,Private,0–50,"$2,000-$2,499 ($104,000-$129,999)",2,No bikes,True,Outer,30->39,Full time
Y24H5820117,Y24H5820117P02,Vehicle Driver,Private,0–50,"$2,000-$2,499 ($104,000-$129,999)",2,No bikes,True,Outer,30->39,Full time
Y24H5820129,Y24H5820129P02,Vehicle Driver,Private,0–50,"$2,500-$2,999 ($130,000-$155,999)",3-4,No bikes,True,Outer,20->29,Full time
Y24H5820129,Y24H5820129P03,Vehicle Driver,Private,0–50,"$2,500-$2,999 ($130,000-$155,999)",3-4,No bikes,True,Outer,20->29,Full time
Y24H5820136,Y24H5820136P02,Vehicle Driver,Private,0–50,"$4,000-$4,499 ($208,000-$233,999)",3-4,Insufficient bikes,True,Outer,30->39,Full time
Y24H5820138,Y24H5820138P02,Vehicle Driver,Private,0–50,"$1,500-$1,749 ($78,000-$90,999)",3-4,No bikes,True,Outer,40->49,Full time
Y24H5820304,Y24H5820304P01,Train,Public,0–50,"$2,000-$2,499 ($104,000-$129,999)",2,No bikes,True,Inner,30->39,Full time
Y24H5820308,Y24H5820308P01,Vehicle Driver,Private,0–50,"$2,500-$2,999 ($130,000-$155,999)",5+,No bikes,True,Inner,50->59,Part time
Y24H5820316,Y24H5820316P01,Vehicle Driver,Private,50–100,"$3,000-$3,499 ($156,000-$181,999)",2,Sufficient bikes,True,Inner,30->39,Full time
Y24H5820316,Y24H5820316P02,Train,Public,0–50,"$3,000-$3,499 ($156,000-$181,999)",2,Sufficient bikes,True,Inner,30->39,Full time
Y24H5820324,Y24H5820324P02,Train,Public,0–50,"$5,000-$5,999 ($260,000-$311,999)",3-4,Insufficient bikes,True,Inner,30->39,Full time
Y24H5820329,Y24H5820329P01,Train,Public,0–50,"$2,000-$2,499 ($104,000-$129,999)",2,Insufficient bikes,True,Inner,60->69,Full time
Y24H5820330,Y24H5820330P01,Bicycle,Active,0–50,"$5,000-$5,999 ($260,000-$311,999)",3-4,Sufficient bikes,True,Inner,40->49,Full time
Y24H5820330,Y24H5820330P02,Vehicle Driver,Private,0–50,"$5,000-$5,999 ($260,000-$311,999)",3-4,Sufficient bikes,True,Inner,30->39,Part time
Y24H5820331,Y24H5820331P01,Vehicle Driver,Private,0–50,"$3,500-$3,999 ($182,000-$207,999)",1,No bikes,True,Inner,30->39,Full time
Y24H5820337,Y24H5820337P01,Public Bus,Public,0–50,"$4,000-$4,499 ($208,000-$233,999)",3-4,No bikes,True,Inner,20->29,Full time
Y24H5820337,Y24H5820337P02,Train,Public,0–50,"$4,000-$4,499 ($208,000-$233,999)",3-4,No bikes,True,Inner,20->29,Full time
Y24H5820337,Y24H5820337P03,Public Bus,Public,0–50,"$4,000-$4,499 ($208,000-$233,999)",3-4,No bikes,True,Inner,20->29,Full time
Y24H5820408,Y24H5820408P01,Train,Public,0–50,"$2,500-$2,999 ($130,000-$155,999)",3-4,Insufficient bikes,True,Outer,30->39,Full time
Y24H5820409,Y24H5820409P01,Vehicle Driver,Private,0–50,"$3,500-$3,999 ($182,000-$207,999)",3-4,No bikes,True,Outer,30->39,Full time
Y24H5820411,Y24H5820411P01,Vehicle Driver,Private,0–50,"$3,500-$3,999 ($182,000-$207,999)",3-4,No bikes,True,Outer,60->69,Full time
Y24H5820411,Y24H5820411P02,Vehicle Driver,Private,0–50,"$3,500-$3,999 ($182,000-$207,999)",3-4,No bikes,True,Outer,50->59,Full time
Y24H5820411,Y24H5820411P03,Vehicle Driver,Private,0–50,"$3,500-$3,999 ($182,000-$207,999)",3-4,No bikes,True,Outer,20->29,Full time
Y24H5820416,Y24H5820416P02,Vehicle Driver,Private,0–50,"$1,500-$1,749 ($78,000-$90,999)",2,No bikes,True,Outer,20->29,Full time
Y24H5820417,Y24H5820417P01,Vehicle Driver,Private,0–50,"$3,000-$3,499 ($156,000-$181,999)",3-4,No bikes,True,Outer,30->39,Full time
Y24H5820424,Y24H5820424P01,Vehicle Driver,Private,0–50,"$2,000-$2,499 ($104,000-$129,999)",2,No bikes,True,Outer,20->29,Full time
Y24H5820424,Y24H5820424P02,Vehicle Driver,Private,0–50,"$2,000-$2,499 ($104,000-$129,999)",2,No bikes,True,Outer,20->29,Full time
Y24H5820428,Y24H5820428P02,Vehicle Driver,Private,0–50,"$1,750-$1,999 ($91,000-$103,999)",3-4,Insufficient bikes,True,Outer,20->29,Full time
Y24H5820437,Y24H5820437P01,Vehicle Driver,Private,50–100,"$4,000-$4,499 ($208,000-$233,999)",3-4,No bikes,True,Outer,40->49,Full time
Y24H5820437,Y24H5820437P02,Train,Public,0–50,"$4,000-$4,499 ($208,000-$233,999)",3-4,No bikes,True,Outer,40->49,Full time
Y24H5820439,Y24H5820439P01,Vehicle Driver,Private,0–50,"$2,500-$2,999 ($130,000-$155,999)",2,No bikes,True,Outer,30->39,Full time
Y24H5820523,Y24H5820523P02,Train,Public,0–50,"$1,500-$1,749 ($78,000-$90,999)",3-4,No bikes,False,Outer,30->39,Full time
Y24H5820525,Y24H5820525P02,Train,Public,0–50,"$6,000-$7,999 ($312,000-$415,999)",5+,Insufficient bikes,True,Outer,50->59,Full time
Y24H5820538,Y24H5820538P01,Vehicle Driver,Private,0–50,"$3,000-$3,499 ($156,000-$181,999)",3-4,Insufficient bikes,True,Outer,40->49,Full time
Y24H5830102,Y24H5830102P03,Vehicle Passenger,Private,0–50,"$3,500-$3,999 ($182,000-$207,999)",5+,No bikes,True,Middle,10->19,Part time
Y24H5830108,Y24H5830108P01,Vehicle Driver,Private,0–50,"$3,000-$3,499 ($156,000-$181,999)",3-4,Sufficient bikes,True,Middle,50->59,Full time
Y24H5830108,Y24H5830108P02,Vehicle Driver,Private,0–50,"$3,000-$3,499 ($156,000-$181,999)",3-4,Sufficient bikes,True,Middle,50->59,Part time
Y24H5830108,Y24H5830108P03,Vehicle Passenger,Private,0–50,"$3,000-$3,499 ($156,000-$181,999)",3-4,Sufficient bikes,True,Middle,10->19,Student
Y24H5830115,Y24H5830115P03,Vehicle Driver,Private,0–50,"$4,000-$4,499 ($208,000-$233,999)",5+,Insufficient bikes,True,Middle,20->29,Full time
Y24H5830115,Y24H5830115P04,Vehicle Driver,Private,0–50,"$4,000-$4,499 ($208,000-$233,999)",5+,Insufficient bikes,True,Middle,20->29,Full time
Y24H5830118,Y24H5830118P02,Vehicle Driver,Private,0–50,"$5,000-$5,999 ($260,000-$311,999)",5+,Insufficient bikes,True,Middle,60->69,Part time
Y24H5830118,Y24H5830118P04,Vehicle Driver,Private,0–50,"$5,000-$5,999 ($260,000-$311,999)",5+,Insufficient bikes,True,Middle,30->39,Full time
Y24H5830118,Y24H5830118P05,Train,Public,0–50,"$5,000-$5,999 ($260,000-$311,999)",5+,Insufficient bikes,True,Middle,20->29,Full time
Y24H5830120,Y24H5830120P04,Vehicle Driver,Private,0–50,"$4,500-$4,999 ($234,000-$259,999)",3-4,Insufficient bikes,True,Middle,10->19,Student
Y24H5830122,Y24H5830122P01,Vehicle Driver,Private,0–50,"$1,000-$1,249 ($52,000-$64,999)",2,No bikes,True,Middle,50->59,Part time
Y24H5830122,Y24H5830122P02,Public Bus,Public,0–50,"$1,000-$1,249 ($52,000-$64,999)",2,No bikes,True,Middle,50->59,Part time
Y24H5830124,Y24H5830124P01,Train,Public,0–50,"$2,500-$2,999 ($130,000-$155,999)",3-4,No bikes,True,Middle,50->59,Full time
Y24H5830124,Y24H5830124P03,Train,Public,0–50,"$2,500-$2,999 ($130,000-$155,999)",3-4,No bikes,True,Middle,10->19,Part time
Y24H5830131,Y24H5830131P02,Vehicle Driver,Private,0–50,"$500-$649 ($26,000-$33,799)",2,No bikes,True,Middle,20->29,Full time
Y24H5830132,Y24H5830132P01,Vehicle Driver,Private,0–50,"$1,250-$1,499 ($65,000-$77,999)",1,No bikes,True,Middle,60->69,Full time
Y24H5830141,Y24H5830141P01,Vehicle Driver,Private,0–50,"$1,250-$1,499 ($65,000-$77,999)",2,Sufficient bikes,True,Middle,20->29,Part time
Y24H5830142,Y24H5830142P01,Vehicle Driver,Private,0–50,"$4,000-$4,499 ($208,000-$233,999)",2,Sufficient bikes,True,Middle,30->39,Full time
Y24H5830201,Y24H5830201P02,Public Bus,Public,0–50,"$1-$149 ($1-$7,799)",2,No bikes,True,Middle,30->39,Part time
Y24H5830204,Y24H5830204P01,Vehicle Driver,Private,0–50,"$800-$999 ($41,600-$51,999)",2,No bikes,True,Middle,40->49,Part time
Y24H5830216,Y24H5830216P01,Vehicle Driver,Private,0–50,"$1,000-$1,249 ($52,000-$64,999)",1,No bikes,True,Middle,40->49,Full time
Y24H5830217,Y24H5830217P01,Vehicle Driver,Private,0–50,"$3,000-$3,499 ($156,000-$181,999)",3-4,Insufficient bikes,True,Middle,30->39,Full time
Y24H5830217,Y24H5830217P02,Vehicle Driver,Private,50–100,"$3,000-$3,499 ($156,000-$181,999)",3-4,Insufficient bikes,True,Middle,30->39,Full time
Y24H5830222,Y24H5830222P02,Vehicle Driver,Private,0–50,"$4,500-$4,999 ($234,000-$259,999)",3-4,Insufficient bikes,True,Middle,30->39,Part time
Y24H5830225,Y24H5830225P01,Vehicle Driver,Private,0–50,"$3,500-$3,999 ($182,000-$207,999)",2,Sufficient bikes,True,Middle,60->69,Part time
Y24H5830238,Y24H5830238P01,Vehicle Driver,Private,0–50,"$500-$649 ($26,000-$33,799)",3-4,Sufficient bikes,True,Middle,50->59,Full time
Y24H5830240,Y24H5830240P01,Vehicle Driver,Private,0–50,"$3,000-$3,499 ($156,000-$181,999)",5+,Insufficient bikes,True,Middle,50->59,Full time
Y24H5830502,Y24H5830502P01,Train,Public,0–50,"$1,500-$1,749 ($78,000-$90,999)",1,No bikes,True,Middle,60->69,Part time
Y24H5830508,Y24H5830508P02,Vehicle Driver,Private,0–50,"$2,500-$2,999 ($130,000-$155,999)",3-4,Insufficient bikes,True,Middle,40->49,Full time
Y24H5830508,Y24H5830508P03,Vehicle Driver,Private,0–50,"$2,500-$2,999 ($130,000-$155,999)",3-4,Insufficient bikes,True,Middle,10->19,Student
Y24H5840211,Y24H5840211P01,Train,Public,0–50,"$2,500-$2,999 ($130,000-$155,999)",2,Sufficient bikes,True,Middle,60->69,Full time
Y24H5840229,Y24H5840229P01,Vehicle Driver,Private,0–50,"$650-$799 ($33,800-$41,599)",1,No bikes,True,Middle,20->29,Student
Y24H5840302,Y24H5840302P01,Train,Public,0–50,"$2,500-$2,999 ($130,000-$155,999)",2,No bikes,True,Inner,50->59,Full time
Y24H5840309,Y24H5840309P01,Train,Public,0–50,"$2,500-$2,999 ($130,000-$155,999)",1,Sufficient bikes,True,Inner,30->39,Full time
Y24H5840319,Y24H5840319P01,Vehicle Driver,Private,0–50,"$3,500-$3,999 ($182,000-$207,999)",3-4,Sufficient bikes,True,Inner,40->49,Full time
Y24H5840321,Y24H5840321P01,Vehicle Driver,Private,0–50,"$1,250-$1,499 ($65,000-$77,999)",1,No bikes,True,Inner,20->29,Full time
Y24H5840322,Y24H5840322P01,Vehicle Driver,Private,0–50,"$4,000-$4,499 ($208,000-$233,999)",3-4,No bikes,True,Inner,30->39,Full time
Y24H5840322,Y24H5840322P02,Vehicle Passenger,Private,0–50,"$4,000-$4,499 ($208,000-$233,999)",3-4,No bikes,True,Inner,30->39,Full time
Y24H5840325,Y24H5840325P01,Train,Public,0–50,"$2,500-$2,999 ($130,000-$155,999)",1,No bikes,False,Inner,30->39,Full time
Y24H5840334,Y24H5840334P01,Vehicle Driver,Private,0–50,"$3,500-$3,999 ($182,000-$207,999)",2,No bikes,True,Inner,30->39,Full time
Y24H5840412,Y24H5840412P01,Vehicle Driver,Private,50–100,"$3,000-$3,499 ($156,000-$181,999)",3-4,Insufficient bikes,True,Outer,30->39,Full time
Y24H5840412,Y24H5840412P02,Vehicle Driver,Private,0–50,"$3,000-$3,499 ($156,000-$181,999)",3-4,Insufficient bikes,True,Outer,30->39,Full time
Y24H5840422,Y24H5840422P01,Vehicle Driver,Private,0–50,"$6,000-$7,999 ($312,000-$415,999)",3-4,No bikes,True,Outer,30->39,Full time
Y24H5840422,Y24H5840422P02,Vehicle Driver,Private,0–50,"$6,000-$7,999 ($312,000-$415,999)",3-4,No bikes,True,Outer,30->39,Full time
Y24H5840425,Y24H5840425P01,Vehicle Driver,Private,0–50,"$1,500-$1,749 ($78,000-$90,999)",1,No bikes,True,Outer,20->29,Full time
Y24H5840431,Y24H5840431P01,Vehicle Driver,Private,0–50,"$2,000-$2,499 ($104,000-$129,999)",3-4,Insufficient bikes,True,Outer,30->39,Full time
Y24H5840431,Y24H5840431P02,Vehicle Driver,Private,0–50,"$2,000-$2,499 ($104,000-$129,999)",3-4,Insufficient bikes,True,Outer,30->39,Part time
Y24H5840501,Y24H5840501P02,Vehicle Driver,Private,0–50,"$8,000 or more ($416,000 or more)",3-4,Insufficient bikes,True,Outer,40->49,Full time
Y24H5840503,Y24H5840503P01,Vehicle Driver,Private,0–50,"$2,500-$2,999 ($130,000-$155,999)",5+,Insufficient bikes,True,Outer,30->39,Full time
Y24H5840517,Y24H5840517P01,Vehicle Driver,Private,0–50,"$2,500-$2,999 ($130,000-$155,999)",5+,Sufficient bikes,True,Outer,40->49,Full time
Y24H5840518,Y24H5840518P01,Vehicle Driver,Private,0–50,"$2,500-$2,999 ($130,000-$155,999)",1,No bikes,True,Outer,50->59,Full time
Y24H5840532,Y24H5840532P01,Public Bus,Public,0–50,"$3,000-$3,499 ($156,000-$181,999)",3-4,Insufficient bikes,True,Outer,40->49,Full time
Y24H5840532,Y24H5840532P02,Vehicle Driver,Private,0–50,"$3,000-$3,499 ($156,000-$181,999)",3-4,Insufficient bikes,True,Outer,40->49,Full time
Y24H5840537,Y24H5840537P01,Train,Public,0–50,"$1,750-$1,999 ($91,000-$103,999)",1,No bikes,True,Outer,40->49,Full time
Y24H5840538,Y24H5840538P02,Vehicle Driver,Private,0–50,"$1,750-$1,999 ($91,000-$103,999)",3-4,No bikes,True,Outer,30->39,Full time
Y24H5840539,Y24H5840539P02,Vehicle Driver,Private,0–50,"$650-$799 ($33,800-$41,599)",3-4,Insufficient bikes,True,Outer,30->39,Part time
Y24H5850202,Y24H5850202P01,Train,Public,0–50,"$6,000-$7,999 ($312,000-$415,999)",3-4,Insufficient bikes,True,Outer,40->49,Full time
Y24H5850205,Y24H5850205P02,Vehicle Driver,Private,0–50,"$2,000-$2,499 ($104,000-$129,999)",2,Sufficient bikes,True,Outer,50->59,Full time
Y24H5850212,Y24H5850212P01,Vehicle Driver,Private,0–50,"$5,000-$5,999 ($260,000-$311,999)",3-4,No bikes,True,Outer,50->59,Full time
Y24H5850212,Y24H5850212P01,Vehicle Driver,Private,0–50,"$5,000-$5,999 ($260,000-$311,999)",3-4,No bikes,True,Outer,50->59,Full time
Y24H5850219,Y24H5850219P03,Train,Public,0–50,"$6,000-$7,999 ($312,000-$415,999)",3-4,No bikes,True,Outer,20->29,Student
Y24H5850224,Y24H5850224P01,Vehicle Driver,Private,50–100,"$1,500-$1,749 ($78,000-$90,999)",3-4,Insufficient bikes,True,Outer,50->59,Full time
Y24H5850231,Y24H5850231P01,Vehicle Driver,Private,0–50,"$1,250-$1,499 ($65,000-$77,999)",3-4,Insufficient bikes,True,Outer,40->49,Full time
Y24H5850302,Y24H5850302P01,Train,Public,0–50,"$5,000-$5,999 ($260,000-$311,999)",2,Sufficient bikes,False,Inner,30->39,Full time
Y24H5850310,Y24H5850310P01,Vehicle Driver,Private,0–50,"$3,000-$3,499 ($156,000-$181,999)",5+,Insufficient bikes,True,Inner,50->59,Full time
Y24H5850310,Y24H5850310P02,Vehicle Driver,Private,0–50,"$3,000-$3,499 ($156,000-$181,999)",5+,Insufficient bikes,True,Inner,50->59,Full time
Y24H5850310,Y24H5850310P02,Vehicle Driver,Private,0–50,"$3,000-$3,499 ($156,000-$181,999)",5+,Insufficient bikes,True,Inner,50->59,Full time
Y24H5850311,Y24H5850311P02,Walking,Active,0–50,"$4,000-$4,499 ($208,000-$233,999)",2,Insufficient bikes,True,Inner,20->29,Part time
Y24H5850317,Y24H5850317P01,Tram,Public,0–50,"$1,000-$1,249 ($52,000-$64,999)",1,No bikes,True,Inner,20->29,Full time
Y24H5850318,Y24H5850318P02,Walking,Active,0–50,"$2,500-$2,999 ($130,000-$155,999)",3-4,No bikes,True,Inner,40->49,Full time
Y24H5850319,Y24H5850319P01,Walking,Active,0–50,"$4,000-$4,499 ($208,000-$233,999)",3-4,No bikes,False,Inner,40->49,Full time
Y24H5850340,Y24H5850340P02,Walking,Active,0–50,"$2,500-$2,999 ($130,000-$155,999)",2,Sufficient bikes,False,Inner,30->39,Full time
Y24H5850508,Y24H5850508P01,Vehicle Driver,Private,0–50,"$3,500-$3,999 ($182,000-$207,999)",2,No bikes,True,Outer,20->29,Full time
Y24H5850508,Y24H5850508P02,Train,Public,0–50,"$3,500-$3,999 ($182,000-$207,999)",2,No bikes,True,Outer,20->29,Part time
Y24H5850515,Y24H5850515P02,Train,Public,0–50,"$2,500-$2,999 ($130,000-$155,999)",3-4,No bikes,True,Outer,30->39,Full time
Y24H5850521,Y24H5850521P01,Vehicle Passenger,Private,0–50,"$3,000-$3,499 ($156,000-$181,999)",2,Insufficient bikes,True,Outer,20->29,Student
Y24H5850524,Y24H5850524P01,Vehicle Driver,Private,0–50,"$2,500-$2,999 ($130,000-$155,999)",5+,Insufficient bikes,True,Outer,40->49,Full time
Y24H5850524,Y24H5850524P02,Vehicle Driver,Private,0–50,"$2,500-$2,999 ($130,000-$155,999)",5+,Insufficient bikes,True,Outer,30->39,Full time
Y24H5850524,Y24H5850524P03,Vehicle Driver,Private,0–50,"$2,500-$2,999 ($130,000-$155,999)",5+,Insufficient bikes,True,Outer,20->29,Part time
Y24H5850531,Y24H5850531P01,Vehicle Driver,Private,0–50,"$1,250-$1,499 ($65,000-$77,999)",1,No bikes,True,Outer,30->39,Full time
Y24H5850540,Y24H5850540P01,Vehicle Driver,Private,0–50,"$2,000-$2,499 ($104,000-$129,999)",3-4,Insufficient bikes,True,Outer,40->49,Full time
Y24H5860101,Y24H5860101P02,Vehicle Driver,Private,0–50,"$800-$999 ($41,600-$51,999)",2,No bikes,True,Outer,50->59,Part time
Y24H5860103,Y24H5860103P02,Vehicle Driver,Private,0–50,"$1,000-$1,249 ($52,000-$64,999)",2,No bikes,True,Outer,70+,Not in labour force/Retired
Y24H5860105,Y24H5860105P01,Vehicle Driver,Private,0–50,"$5,000-$5,999 ($260,000-$311,999)",3-4,Sufficient bikes,True,Outer,50->59,Full time
Y24H5860105,Y24H5860105P02,Vehicle Driver,Private,0–50,"$5,000-$5,999 ($260,000-$311,999)",3-4,Sufficient bikes,True,Outer,50->59,Full time
Y24H5860117,Y24H5860117P01,Vehicle Driver,Private,0–50,"$2,500-$2,999 ($130,000-$155,999)",1,No bikes,True,Outer,50->59,Full time
Y24H5860118,Y24H5860118P03,Vehicle Driver,Private,0–50,"$4,000-$4,499 ($208,000-$233,999)",3-4,No bikes,True,Outer,30->39,Full time
Y24H5860118,Y24H5860118P04,Vehicle Driver,Private,50–100,"$4,000-$4,499 ($208,000-$233,999)",3-4,No bikes,True,Outer,20->29,Full time
Y24H5860122,Y24H5860122P02,Vehicle Driver,Private,0–50,"$1,500-$1,749 ($78,000-$90,999)",2,Sufficient bikes,True,Outer,20->29,Full time
Y24H5860123,Y24H5860123P01,Train,Public,0–50,"$2,500-$2,999 ($130,000-$155,999)",3-4,Insufficient bikes,True,Outer,40->49,Full time
Y24H5860123,Y24H5860123P02,Vehicle Driver,Private,0–50,"$2,500-$2,999 ($130,000-$155,999)",3-4,Insufficient bikes,True,Outer,40->49,Part time
Y24H5860123,Y24H5860123P02,Vehicle Driver,Private,0–50,"$2,500-$2,999 ($130,000-$155,999)",3-4,Insufficient bikes,True,Outer,40->49,Part time
Y24H5860123,Y24H5860123P02,Vehicle Driver,Private,0–50,"$2,500-$2,999 ($130,000-$155,999)",3-4,Insufficient bikes,True,Outer,40->49,Part time
Y24H5860126,Y24H5860126P02,Vehicle Passenger,Private,0–50,"$2,500-$2,999 ($130,000-$155,999)",2,No bikes,True,Outer,30->39,Full time
Y24H5860132,Y24H5860132P01,Bicycle,Active,0–50,"$1,750-$1,999 ($91,000-$103,999)",3-4,Sufficient bikes,True,Outer,50->59,Full time
Y24H5860212,Y24H5860212P01,Vehicle Driver,Private,0–50,"$2,500-$2,999 ($130,000-$155,999)",2,No bikes,True,Outer,20->29,Full time
Y24H5860212,Y24H5860212P02,Train,Public,0–50,"$2,500-$2,999 ($130,000-$155,999)",2,No bikes,True,Outer,20->29,Full time
Y24H5860223,Y24H5860223P01,Vehicle Driver,Private,50–100,"$2,500-$2,999 ($130,000-$155,999)",2,Sufficient bikes,True,Outer,30->39,Full time
Y24H5860223,Y24H5860223P02,Vehicle Driver,Private,0–50,"$2,500-$2,999 ($130,000-$155,999)",2,Sufficient bikes,True,Outer,30->39,Part time
Y24H5860230,Y24H5860230P01,Vehicle Driver,Private,0–50,"$1,500-$1,749 ($78,000-$90,999)",3-4,Insufficient bikes,True,Outer,40->49,Full time
Y24H5860239,Y24H5860239P01,Vehicle Passenger,Private,0–50,"$150-$299 ($7,800-$15,599)",2,No bikes,True,Outer,20->29,Full time
Y24H5860239,Y24H5860239P02,Vehicle Driver,Private,0–50,"$150-$299 ($7,800-$15,599)",2,No bikes,True,Outer,20->29,Part time
Y24H5860301,Y24H5860301P01,Vehicle Driver,Private,0–50,"$1,000-$1,249 ($52,000-$64,999)",3-4,No bikes,True,Inner,30->39,Full time
Y24H5860301,Y24H5860301P01,Vehicle Driver,Private,0–50,"$1,000-$1,249 ($52,000-$64,999)",3-4,No bikes,True,Inner,30->39,Full time
Y24H5860303,Y24H5860303P01,Vehicle Driver,Private,0–50,"$1,000-$1,249 ($52,000-$64,999)",1,No bikes,True,Inner,40->49,Full time
Y24H5860304,Y24H5860304P01,Vehicle Driver,Private,0–50,"$1,000-$1,249 ($52,000-$64,999)",1,No bikes,True,Inner,20->29,Full time
Y24H5860316,Y24H5860316P01,Vehicle Driver,Private,0–50,"$1,000-$1,249 ($52,000-$64,999)",1,No bikes,True,Inner,30->39,Part time
Y24H5860319,Y24H5860319P01,Vehicle Driver,Private,0–50,"$4,000-$4,499 ($208,000-$233,999)",2,No bikes,True,Inner,20->29,Full time
Y24H5860323,Y24H5860323P01,Vehicle Driver,Private,0–50,"$1,000-$1,249 ($52,000-$64,999)",1,No bikes,True,Inner,20->29,Student
Y24H5860325,Y24H5860325P02,Train,Public,0–50,"$1,500-$1,749 ($78,000-$90,999)",2,No bikes,True,Inner,20->29,Full time
Y24H5860326,Y24H5860326P01,Train,Public,0–50,"$2,000-$2,499 ($104,000-$129,999)",3-4,No bikes,True,Inner,40->49,Full time
Y24H5860326,Y24H5860326P02,Train,Public,0–50,"$2,000-$2,499 ($104,000-$129,999)",3-4,No bikes,True,Inner,40->49,Full time
Y24H5860330,Y24H5860330P02,Vehicle Driver,Private,0–50,"$1,500-$1,749 ($78,000-$90,999)",2,No bikes,True,Inner,30->39,Full time
Y24H5860333,Y24H5860333P02,Train,Public,0–50,"$4,500-$4,999 ($234,000-$259,999)",5+,Sufficient bikes,True,Inner,40->49,Part time
Y24H5860336,Y24H5860336P02,Bicycle,Active,0–50,"$2,000-$2,499 ($104,000-$129,999)",3-4,Insufficient bikes,True,Inner,30->39,Full time
Y24H5860337,Y24H5860337P01,Train,Public,0–50,"$2,500-$2,999 ($130,000-$155,999)",3-4,Insufficient bikes,True,Inner,50->59,Full time
Y24H5860337,Y24H5860337P02,Vehicle Driver,Private,0–50,"$2,500-$2,999 ($130,000-$155,999)",3-4,Insufficient bikes,True,Inner,50->59,Full time
Y24H5860339,Y24H5860339P01,Bicycle,Active,0–50,"$1,250-$1,499 ($65,000-$77,999)",1,No bikes,False,Inner,30->39,Full time
Y24H5860413,Y24H5860413P01,Vehicle Driver,Private,0–50,"$4,000-$4,499 ($208,000-$233,999)",3-4,Sufficient bikes,True,Inner,30->39,Full time
Y24H5860413,Y24H5860413P01,Vehicle Driver,Private,0–50,"$4,000-$4,499 ($208,000-$233,999)",3-4,Sufficient bikes,True,Inner,30->39,Full time
Y24H5860415,Y24H5860415P02,Vehicle Driver,Private,0–50,"$4,000-$4,499 ($208,000-$233,999)",5+,Sufficient bikes,True,Inner,50->59,Full time
Y24H5860438,Y24H5860438P01,Tram,Public,0–50,"$1,500-$1,749 ($78,000-$90,999)",1,Sufficient bikes,False,Inner,40->49,Full time
Y24H5870102,Y24H5870102P02,Vehicle Driver,Private,0–50,"$650-$799 ($33,800-$41,599)",3-4,No bikes,True,Middle,60->69,Full time
Y24H5870108,Y24H5870108P01,Vehicle Driver,Private,0–50,"$2,500-$2,999 ($130,000-$155,999)",3-4,No bikes,True,Middle,50->59,Full time
Y24H5870108,Y24H5870108P02,Vehicle Driver,Private,0–50,"$2,500-$2,999 ($130,000-$155,999)",3-4,No bikes,True,Middle,50->59,Full time
Y24H5870112,Y24H5870112P01,Vehicle Driver,Private,0–50,"$1,500-$1,749 ($78,000-$90,999)",2,No bikes,True,Middle,50->59,Not in labour force/Retired
Y24H5870112,Y24H5870112P02,Vehicle Passenger,Private,0–50,"$1,500-$1,749 ($78,000-$90,999)",2,No bikes,True,Middle,20->29,Not in labour force/Retired
Y24H5870115,Y24H5870115P02,Vehicle Driver,Private,0–50,"$2,500-$2,999 ($130,000-$155,999)",5+,Insufficient bikes,True,Middle,40->49,Part time
Y24H5870115,Y24H5870115P03,Vehicle Driver,Private,0–50,"$2,500-$2,999 ($130,000-$155,999)",5+,Insufficient bikes,True,Middle,40->49,Full time
Y24H5870122,Y24H5870122P02,Vehicle Driver,Private,0–50,"$4,000-$4,499 ($208,000-$233,999)",3-4,Insufficient bikes,True,Middle,40->49,Full time
Y24H5870140,Y24H5870140P01,Vehicle Driver,Private,0–50,"$1,250-$1,499 ($65,000-$77,999)",2,No bikes,True,Middle,60->69,Part time
Y24H5870140,Y24H5870140P01,Vehicle Driver,Private,0–50,"$1,250-$1,499 ($65,000-$77,999)",2,No bikes,True,Middle,60->69,Part time
Y24H5870303,Y24H5870303P01,Vehicle Driver,Private,0–50,"$3,500-$3,999 ($182,000-$207,999)",5+,Insufficient bikes,True,Middle,40->49,Full time
Y24H5870306,Y24H5870306P01,Vehicle Driver,Private,0–50,"$800-$999 ($41,600-$51,999)",2,No bikes,True,Middle,50->59,Part time
Y24H5870306,Y24H5870306P01,Vehicle Driver,Private,0–50,"$800-$999 ($41,600-$51,999)",2,No bikes,True,Middle,50->59,Part time
Y24H5870316,Y24H5870316P03,Vehicle Driver,Private,0–50,"$4,500-$4,999 ($234,000-$259,999)",3-4,No bikes,True,Middle,30->39,Full time
Y24H5870336,Y24H5870336P01,Vehicle Driver,Private,0–50,"$3,000-$3,499 ($156,000-$181,999)",2,No bikes,True,Middle,30->39,Full time
Y24H5870336,Y24H5870336P01,Vehicle Driver,Private,0–50,"$3,000-$3,499 ($156,000-$181,999)",2,No bikes,True,Middle,30->39,Full time
Y24H5870336,Y24H5870336P02,Public Bus,Public,0–50,"$3,000-$3,499 ($156,000-$181,999)",2,No bikes,True,Middle,30->39,Full time
Y24H5870401,Y24H5870401P01,Vehicle Driver,Private,0–50,"$1,250-$1,499 ($65,000-$77,999)",1,No bikes,True,Middle,40->49,Full time
Y24H5870402,Y24H5870402P01,Vehicle Driver,Private,0–50,"$1,750-$1,999 ($91,000-$103,999)",1,No bikes,True,Middle,30->39,Full time
Y24H5870408,Y24H5870408P01,Vehicle Driver,Private,0–50,"$2,000-$2,499 ($104,000-$129,999)",2,No bikes,True,Middle,30->39,Full time
Y24H5870409,Y24H5870409P02,Train,Public,0–50,"$1,250-$1,499 ($65,000-$77,999)",2,No bikes,True,Middle,30->39,Full time
Y24H5870412,Y24H5870412P01,Vehicle Driver,Private,0–50,"$4,500-$4,999 ($234,000-$259,999)",3-4,Insufficient bikes,True,Middle,50->59,Full time
Y24H5870412,Y24H5870412P02,Vehicle Driver,Private,0–50,"$4,500-$4,999 ($234,000-$259,999)",3-4,Insufficient bikes,True,Middle,50->59,Part time
Y24H5870417,Y24H5870417P01,Vehicle Driver,Private,50–100,"$3,500-$3,999 ($182,000-$207,999)",3-4,Sufficient bikes,True,Middle,40->49,Full time
Y24H5870417,Y24H5870417P02,Train,Public,0–50,"$3,500-$3,999 ($182,000-$207,999)",3-4,Sufficient bikes,True,Middle,40->49,Part time
Y24H5870422,Y24H5870422P02,Vehicle Driver,Private,0–50,"$3,000-$3,499 ($156,000-$181,999)",2,Sufficient bikes,True,Middle,40->49,Full time
Y24H5870426,Y24H5870426P01,Bicycle,Active,0–50,"$3,000-$3,499 ($156,000-$181,999)",3-4,Insufficient bikes,True,Middle,40->49,Full time
Y24H5870426,Y24H5870426P01,Vehicle Driver,Private,0–50,"$3,000-$3,499 ($156,000-$181,999)",3-4,Insufficient bikes,True,Middle,40->49,Full time
Y24H5870426,Y24H5870426P02,Vehicle Driver,Private,0–50,"$3,000-$3,499 ($156,000-$181,999)",3-4,Insufficient bikes,True,Middle,40->49,Full time
Y24H5870430,Y24H5870430P01,Train,Public,0–50,"$2,500-$2,999 ($130,000-$155,999)",1,No bikes,False,Middle,40->49,Full time
Y24H5870504,Y24H5870504P01,Vehicle Driver,Private,0–50,"$1,250-$1,499 ($65,000-$77,999)",3-4,No bikes,True,Outer,30->39,Full time
Y24H5870504,Y24H5870504P03,Vehicle Passenger,Private,0–50,"$1,250-$1,499 ($65,000-$77,999)",3-4,No bikes,True,Outer,20->29,Full time
Y24H5870504,Y24H5870504P04,Vehicle Driver,Private,0–50,"$1,250-$1,499 ($65,000-$77,999)",3-4,No bikes,True,Outer,20->29,Part time
Y24H5870510,Y24H5870510P01,Vehicle Driver,Private,0–50,"$2,500-$2,999 ($130,000-$155,999)",2,No bikes,True,Outer,40->49,Full time
Y24H5870516,Y24H5870516P01,Vehicle Driver,Private,0–50,"$1,250-$1,499 ($65,000-$77,999)",3-4,No bikes,True,Outer,30->39,Full time
Y24H5870517,Y24H5870517P01,Vehicle Driver,Private,0–50,"$1,250-$1,499 ($65,000-$77,999)",1,No bikes,True,Outer,30->39,Full time
Y24H5870524,Y24H5870524P01,Train,Public,0–50,"$2,500-$2,999 ($130,000-$155,999)",3-4,Insufficient bikes,False,Outer,40->49,Full time
Y24H5870525,Y24H5870525P01,Train,Public,0–50,"$800-$999 ($41,600-$51,999)",1,No bikes,True,Outer,60->69,Full time
Y24H5870531,Y24H5870531P02,Vehicle Driver,Private,0–50,"$3,500-$3,999 ($182,000-$207,999)",3-4,No bikes,True,Outer,30->39,Full time
Y24H5870537,Y24H5870537P01,Vehicle Driver,Private,0–50,"$1,000-$1,249 ($52,000-$64,999)",5+,No bikes,True,Outer,40->49,Full time
Y24H5880104,Y24H5880104P01,Vehicle Driver,Private,0–50,"$2,000-$2,499 ($104,000-$129,999)",3-4,Insufficient bikes,True,Outer,40->49,Part time
Y24H5880115,Y24H5880115P01,Vehicle Driver,Private,0–50,"$1,250-$1,499 ($65,000-$77,999)",1,No bikes,True,Outer,60->69,Part time
Y24H5880116,Y24H5880116P01,Vehicle Driver,Private,0–50,"$2,500-$2,999 ($130,000-$155,999)",3-4,Sufficient bikes,True,Outer,40->49,Full time
Y24H5880117,Y24H5880117P01,Vehicle Driver,Private,50–100,"$5,000-$5,999 ($260,000-$311,999)",3-4,No bikes,True,Outer,40->49,Full time
Y24H5880117,Y24H5880117P02,Vehicle Driver,Private,0–50,"$5,000-$5,999 ($260,000-$311,999)",3-4,No bikes,True,Outer,40->49,Full time
Y24H5880131,Y24H5880131P02,Vehicle Driver,Private,0–50,"$1,750-$1,999 ($91,000-$103,999)",2,Insufficient bikes,True,Outer,50->59,Part time
Y24H5880201,Y24H5880201P01,Vehicle Driver,Private,0–50,"$800-$999 ($41,600-$51,999)",1,No bikes,True,Outer,50->59,Full time
Y24H5880202,Y24H5880202P01,Vehicle Driver,Private,0–50,"$4,000-$4,499 ($208,000-$233,999)",2,Insufficient bikes,True,Outer,30->39,Full time
Y24H5880204,Y24H5880204P01,Bicycle,Active,0–50,"$4,500-$4,999 ($234,000-$259,999)",5+,Insufficient bikes,True,Outer,60->69,Full time
Y24H5880204,Y24H5880204P02,Vehicle Driver,Private,0–50,"$4,500-$4,999 ($234,000-$259,999)",5+,Insufficient bikes,True,Outer,50->59,Full time
Y24H5880212,Y24H5880212P03,Vehicle Driver,Private,0–50,"$650-$799 ($33,800-$41,599)",3-4,No bikes,True,Outer,40->49,Full time
Y24H5880219,Y24H5880219P02,Vehicle Driver,Private,0–50,"$4,500-$4,999 ($234,000-$259,999)",3-4,Insufficient bikes,True,Outer,40->49,Full time
Y24H5880223,Y24H5880223P01,Vehicle Driver,Private,0–50,"$2,000-$2,499 ($104,000-$129,999)",3-4,No bikes,True,Outer,50->59,Full time
Y24H5880224,Y24H5880224P01,Vehicle Driver,Private,0–50,"$1,750-$1,999 ($91,000-$103,999)",3-4,No bikes,True,Outer,50->59,Full time
Y24H5880224,Y24H5880224P03,Train,Public,0–50,"$1,750-$1,999 ($91,000-$103,999)",3-4,No bikes,True,Outer,10->19,Student
Y24H5880232,Y24H5880232P02,Vehicle Driver,Private,0–50,"$2,500-$2,999 ($130,000-$155,999)",3-4,Insufficient bikes,True,Outer,40->49,Full time
Y24H5880233,Y24H5880233P01,Vehicle Driver,Private,0–50,"$3,000-$3,499 ($156,000-$181,999)",1,No bikes,True,Outer,40->49,Full time
Y24H5880237,Y24H5880237P01,Vehicle Driver,Private,0–50,"$800-$999 ($41,600-$51,999)",5+,Insufficient bikes,True,Outer,40->49,Full time
Y24H5880239,Y24H5880239P01,Vehicle Driver,Private,0–50,"$2,500-$2,999 ($130,000-$155,999)",2,Sufficient bikes,True,Outer,30->39,Full time
Y24H5880239,Y24H5880239P02,Vehicle Driver,Private,0–50,"$2,500-$2,999 ($130,000-$155,999)",2,Sufficient bikes,True,Outer,30->39,Full time
Y24H5880504,Y24H5880504P01,Vehicle Driver,Private,0–50,"$1,250-$1,499 ($65,000-$77,999)",5+,Insufficient bikes,True,Middle,40->49,Full time
Y24H5880509,Y24H5880509P01,Public Bus,Public,0–50,"$5,000-$5,999 ($260,000-$311,999)",2,Insufficient bikes,True,Middle,20->29,Full time
Y24H5880509,Y24H5880509P02,Public Bus,Public,0–50,"$5,000-$5,999 ($260,000-$311,999)",2,Insufficient bikes,True,Middle,20->29,Full time
Y24H5880517,Y24H5880517P01,Vehicle Driver,Private,0–50,"$2,500-$2,999 ($130,000-$155,999)",2,Insufficient bikes,True,Middle,30->39,Full time
Y24H5880522,Y24H5880522P02,Train,Public,0–50,"$4,500-$4,999 ($234,000-$259,999)",2,Insufficient bikes,True,Middle,60->69,Full time
Y24H5880523,Y24H5880523P01,Vehicle Driver,Private,0–50,"$2,500-$2,999 ($130,000-$155,999)",3-4,Insufficient bikes,True,Middle,50->59,Full time
Y24H5880532,Y24H5880532P01,Vehicle Driver,Private,0–50,"$6,000-$7,999 ($312,000-$415,999)",3-4,No bikes,True,Middle,30->39,Full time
Y24H5880537,Y24H5880537P03,Train,Public,0–50,"$3,500-$3,999 ($182,000-$207,999)",3-4,Insufficient bikes,True,Middle,40->49,Full time
Y24H5880540,Y24H5880540P03,Vehicle Driver,Private,0–50,"$3,500-$3,999 ($182,000-$207,999)",3-4,Insufficient bikes,True,Middle,20->29,Full time
Y24H5880541,Y24H5880541P02,Vehicle Driver,Private,0–50,"$6,000-$7,999 ($312,000-$415,999)",3-4,Sufficient bikes,True,Middle,40->49,Full time
Y24H5890106,Y24H5890106P02,Vehicle Driver,Private,0–50,"$4,500-$4,999 ($234,000-$259,999)",3-4,Insufficient bikes,True,Outer,60->69,Part time
Y24H5890106,Y24H5890106P03,Vehicle Driver,Private,0–50,"$4,500-$4,999 ($234,000-$259,999)",3-4,Insufficient bikes,True,Outer,20->29,Student
Y24H5890118,Y24H5890118P01,Vehicle Driver,Private,0–50,"$3,500-$3,999 ($182,000-$207,999)",3-4,No bikes,True,Outer,50->59,Full time
Y24H5890133,Y24H5890133P01,Vehicle Driver,Private,0–50,"$6,000-$7,999 ($312,000-$415,999)",3-4,No bikes,True,Outer,50->59,Full time
Y24H5890133,Y24H5890133P02,Train,Public,50–100,"$6,000-$7,999 ($312,000-$415,999)",3-4,No bikes,True,Outer,50->59,Full time
Y24H5890133,Y24H5890133P03,Vehicle Driver,Private,0–50,"$6,000-$7,999 ($312,000-$415,999)",3-4,No bikes,True,Outer,10->19,Part time
Y24H5890201,Y24H5890201P01,Vehicle Passenger,Private,0–50,"$1,000-$1,249 ($52,000-$64,999)",3-4,No bikes,True,Middle,20->29,Part time
Y24H5890202,Y24H5890202P01,Vehicle Driver,Private,0–50,"$1,250-$1,499 ($65,000-$77,999)",3-4,No bikes,True,Middle,30->39,Student
Y24H5890202,Y24H5890202P02,Vehicle Passenger,Private,0–50,"$1,250-$1,499 ($65,000-$77,999)",3-4,No bikes,True,Middle,20->29,Unemployment
Y24H5890217,Y24H5890217P01,Vehicle Driver,Private,0–50,"$4,000-$4,499 ($208,000-$233,999)",3-4,No bikes,True,Middle,60->69,Full time
Y24H5890217,Y24H5890217P01,Vehicle Driver,Private,0–50,"$4,000-$4,499 ($208,000-$233,999)",3-4,No bikes,True,Middle,60->69,Full time
Y24H5890217,Y24H5890217P03,Vehicle Driver,Private,0–50,"$4,000-$4,499 ($208,000-$233,999)",3-4,No bikes,True,Middle,20->29,Full time
Y24H5890223,Y24H5890223P02,Vehicle Driver,Private,0–50,"$5,000-$5,999 ($260,000-$311,999)",5+,No bikes,True,Middle,30->39,Full time
Y24H5890223,Y24H5890223P03,Vehicle Driver,Private,0–50,"$5,000-$5,999 ($260,000-$311,999)",5+,No bikes,True,Middle,20->29,Full time
Y24H5890224,Y24H5890224P01,Vehicle Driver,Private,0–50,"$5,000-$5,999 ($260,000-$311,999)",5+,Insufficient bikes,True,Middle,50->59,Full time
Y24H5890224,Y24H5890224P02,Vehicle Driver,Private,0–50,"$5,000-$5,999 ($260,000-$311,999)",5+,Insufficient bikes,True,Middle,50->59,Part time
Y24H5890226,Y24H5890226P01,Vehicle Driver,Private,0–50,"$2,500-$2,999 ($130,000-$155,999)",3-4,Insufficient bikes,True,Middle,40->49,Full time
Y24H5890232,Y24H5890232P03,Taxi / Rideshare,Private,0–50,"$2,000-$2,499 ($104,000-$129,999)",3-4,No bikes,True,Middle,30->39,Full time
Y24H5890322,Y24H5890322P02,Vehicle Driver,Private,0–50,"$6,000-$7,999 ($312,000-$415,999)",2,No bikes,True,Inner,30->39,Full time
Y24H5890327,Y24H5890327P01,Public Bus,Public,0–50,"$1,000-$1,249 ($52,000-$64,999)",1,No bikes,True,Inner,20->29,Part time
Y24H5890336,Y24H5890336P01,Vehicle Driver,Private,0–50,"$1,000-$1,249 ($52,000-$64,999)",1,Sufficient bikes,True,Inner,60->69,Full time
Y24H5890504,Y24H5890504P01,Public Bus,Public,0–50,"$1,250-$1,499 ($65,000-$77,999)",5+,No bikes,True,Outer,20->29,Part time
Y24H5890504,Y24H5890504P03,Vehicle Driver,Private,0–50,"$1,250-$1,499 ($65,000-$77,999)",5+,No bikes,True,Outer,20->29,Student
Y24H5890504,Y24H5890504P04,Train,Public,0–50,"$1,250-$1,499 ($65,000-$77,999)",5+,No bikes,True,Outer,20->29,Student
Y24H5890504,Y24H5890504P05,Train,Public,0–50,"$1,250-$1,499 ($65,000-$77,999)",5+,No bikes,True,Outer,10->19,Student
Y24H5890524,Y24H5890524P02,Vehicle Driver,Private,0–50,"$2,000-$2,499 ($104,000-$129,999)",3-4,Insufficient bikes,True,Outer,30->39,Full time
Y24H5890532,Y24H5890532P02,Vehicle Driver,Private,0–50,"$3,000-$3,499 ($156,000-$181,999)",3-4,Sufficient bikes,True,Outer,30->39,Full time
Y24H5890532,Y24H5890532P02,Vehicle Driver,Private,0–50,"$3,000-$3,499 ($156,000-$181,999)",3-4,Sufficient bikes,True,Outer,30->39,Full time
Y24H5890533,Y24H5890533P01,Vehicle Driver,Private,0–50,"$2,000-$2,499 ($104,000-$129,999)",3-4,No bikes,True,Outer,50->59,Full time
Y24H5890533,Y24H5890533P03,Vehicle Driver,Private,0–50,"$2,000-$2,499 ($104,000-$129,999)",3-4,No bikes,True,Outer,20->29,Part time
Y24H5900201,Y24H5900201P02,Vehicle Driver,Private,0–50,"$1,750-$1,999 ($91,000-$103,999)",5+,No bikes,True,Middle,40->49,Full time
Y24H5900203,Y24H5900203P02,Vehicle Driver,Private,0–50,"$1,500-$1,749 ($78,000-$90,999)",5+,No bikes,True,Middle,50->59,Full time
Y24H5900208,Y24H5900208P01,Bicycle,Active,0–50,"$5,000-$5,999 ($260,000-$311,999)",3-4,Sufficient bikes,True,Middle,60->69,Full time
Y24H5900208,Y24H5900208P03,Vehicle Driver,Private,0–50,"$5,000-$5,999 ($260,000-$311,999)",3-4,Sufficient bikes,True,Middle,20->29,Full time
Y24H5900209,Y24H5900209P03,Vehicle Driver,Private,0–50,"$1,500-$1,749 ($78,000-$90,999)",3-4,Insufficient bikes,True,Middle,20->29,Full time
Y24H5900209,Y24H5900209P04,Vehicle Driver,Private,0–50,"$1,500-$1,749 ($78,000-$90,999)",3-4,Insufficient bikes,True,Middle,10->19,Part time
Y24H5900209,Y24H5900209P04,Vehicle Driver,Private,0–50,"$1,500-$1,749 ($78,000-$90,999)",3-4,Insufficient bikes,True,Middle,10->19,Part time
Y24H5900210,Y24H5900210P02,Vehicle Driver,Private,0–50,"$3,500-$3,999 ($182,000-$207,999)",2,Sufficient bikes,True,Middle,60->69,Student
Y24H5900215,Y24H5900215P01,Vehicle Driver,Private,0–50,"$5,000-$5,999 ($260,000-$311,999)",3-4,No bikes,True,Middle,60->69,Full time
Y24H5900215,Y24H5900215P01,Vehicle Driver,Private,0–50,"$5,000-$5,999 ($260,000-$311,999)",3-4,No bikes,True,Middle,60->69,Full time
Y24H5900215,Y24H5900215P02,Vehicle Driver,Private,0–50,"$5,000-$5,999 ($260,000-$311,999)",3-4,No bikes,True,Middle,60->69,Part time
Y24H5900215,Y24H5900215P03,Vehicle Driver,Private,0–50,"$5,000-$5,999 ($260,000-$311,999)",3-4,No bikes,True,Middle,20->29,Full time
Y24H5900232,Y24H5900232P01,Vehicle Driver,Private,0–50,"$2,500-$2,999 ($130,000-$155,999)",2,No bikes,True,Middle,60->69,Part time
Y24H5900232,Y24H5900232P02,Vehicle Driver,Private,0–50,"$2,500-$2,999 ($130,000-$155,999)",2,No bikes,True,Middle,60->69,Full time
Y24H5900234,Y24H5900234P03,Taxi / Rideshare,Private,0–50,"$4,500-$4,999 ($234,000-$259,999)",3-4,No bikes,True,Middle,20->29,Part time
Y24H5900238,Y24H5900238P02,Vehicle Driver,Private,0–50,"$3,500-$3,999 ($182,000-$207,999)",3-4,No bikes,True,Middle,50->59,Full time
Y24H5900238,Y24H5900238P03,Vehicle Driver,Private,0–50,"$3,500-$3,999 ($182,000-$207,999)",3-4,No bikes,True,Middle,20->29,Part time
Y24H5900238,Y24H5900238P03,Vehicle Driver,Private,0–50,"$3,500-$3,999 ($182,000-$207,999)",3-4,No bikes,True,Middle,20->29,Part time
Y24H5900315,Y24H5900315P02,Tram,Public,0–50,"$4,000-$4,499 ($208,000-$233,999)",2,No bikes,True,Inner,50->59,Full time
Y24H5900323,Y24H5900323P03,Vehicle Driver,Private,0–50,"$6,000-$7,999 ($312,000-$415,999)",5+,Insufficient bikes,True,Inner,30->39,Full time
Y24H5900330,Y24H5900330P02,Bicycle,Active,0–50,"$1,000-$1,249 ($52,000-$64,999)",2,Insufficient bikes,True,Inner,30->39,Full time
Y24H5900409,Y24H5900409P01,Vehicle Driver,Private,0–50,"$1,000-$1,249 ($52,000-$64,999)",1,No bikes,True,Outer,60->69,Full time
Y24H5900411,Y24H5900411P02,Vehicle Driver,Private,0–50,"$150-$299 ($7,800-$15,599)",5+,No bikes,True,Outer,30->39,Full time
Y24H5900416,Y24H5900416P02,Vehicle Driver,Private,0–50,"$800-$999 ($41,600-$51,999)",5+,No bikes,True,Outer,40->49,Full time
Y24H5900418,Y24H5900418P03,Vehicle Passenger,Private,0–50,"$1,750-$1,999 ($91,000-$103,999)",3-4,No bikes,True,Outer,20->29,Part time
Y24H5910103,Y24H5910103P01,Vehicle Driver,Private,50–100,"$2,500-$2,999 ($130,000-$155,999)",3-4,No bikes,True,Outer,30->39,Full time
Y24H5910103,Y24H5910103P02,Vehicle Driver,Private,0–50,"$2,500-$2,999 ($130,000-$155,999)",3-4,No bikes,True,Outer,30->39,Student
Y24H5910105,Y24H5910105P01,Vehicle Driver,Private,0–50,"$2,000-$2,499 ($104,000-$129,999)",3-4,Insufficient bikes,True,Outer,40->49,Full time
Y24H5910105,Y24H5910105P02,Vehicle Driver,Private,0–50,"$2,000-$2,499 ($104,000-$129,999)",3-4,Insufficient bikes,True,Outer,30->39,Part time
Y24H5910109,Y24H5910109P01,Vehicle Driver,Private,0–50,"$3,500-$3,999 ($182,000-$207,999)",3-4,Insufficient bikes,True,Outer,20->29,Full time
Y24H5910110,Y24H5910110P01,Vehicle Driver,Private,0–50,"$3,000-$3,499 ($156,000-$181,999)",5+,No bikes,True,Outer,30->39,Full time
Y24H5910110,Y24H5910110P02,Vehicle Driver,Private,0–50,"$3,000-$3,499 ($156,000-$181,999)",5+,No bikes,True,Outer,20->29,Full time
Y24H5910110,Y24H5910110P04,Vehicle Driver,Private,0–50,"$3,000-$3,499 ($156,000-$181,999)",5+,No bikes,True,Outer,20->29,Full time
Y24H5910115,Y24H5910115P02,Vehicle Driver,Private,0–50,"$800-$999 ($41,600-$51,999)",2,No bikes,True,Outer,50->59,Full time
Y24H5910116,Y24H5910116P01,Vehicle Driver,Private,0–50,"$2,500-$2,999 ($130,000-$155,999)",1,No bikes,True,Outer,30->39,Full time
Y24H5910135,Y24H5910135P02,Vehicle Driver,Private,50–100,"$650-$799 ($33,800-$41,599)",2,No bikes,True,Outer,70+,Not in labour force/Retired
Y24H5910301,Y24H5910301P02,Vehicle Driver,Private,0–50,"$6,000-$7,999 ($312,000-$415,999)",5+,Sufficient bikes,True,Inner,30->39,Full time
Y24H5910302,Y24H5910302P02,Train,Public,0–50,"$6,000-$7,999 ($312,000-$415,999)",2,No bikes,True,Inner,30->39,Full time
Y24H5910312,Y24H5910312P01,Vehicle Driver,Private,0–50,"$5,000-$5,999 ($260,000-$311,999)",3-4,No bikes,True,Inner,60->69,Full time
Y24H5910312,Y24H5910312P02,Tram,Public,0–50,"$5,000-$5,999 ($260,000-$311,999)",3-4,No bikes,True,Inner,50->59,Full time
Y24H5910327,Y24H5910327P03,Walking,Active,0–50,"$3,500-$3,999 ($182,000-$207,999)",3-4,No bikes,True,Inner,10->19,Student
Y24H5910331,Y24H5910331P01,Vehicle Driver,Private,0–50,"$6,000-$7,999 ($312,000-$415,999)",3-4,Sufficient bikes,True,Inner,50->59,Part time
Y24H5910331,Y24H5910331P02,Vehicle Driver,Private,0–50,"$6,000-$7,999 ($312,000-$415,999)",3-4,Sufficient bikes,True,Inner,40->49,Full time
Y24H5910340,Y24H5910340P01,Train,Public,0–50,"$3,000-$3,499 ($156,000-$181,999)",5+,Sufficient bikes,True,Inner,50->59,Full time
Y24H5910340,Y24H5910340P02,Vehicle Driver,Private,0–50,"$3,000-$3,499 ($156,000-$181,999)",5+,Sufficient bikes,True,Inner,40->49,Full time
Y24H5910405,Y24H5910405P02,Vehicle Driver,Private,0–50,"$2,500-$2,999 ($130,000-$155,999)",3-4,Sufficient bikes,True,Middle,40->49,Full time
Y24H5910410,Y24H5910410P02,Bicycle,Active,0–50,"$2,500-$2,999 ($130,000-$155,999)",3-4,Sufficient bikes,True,Middle,30->39,Part time
Y24H5910411,Y24H5910411P02,Bicycle,Active,0–50,"$5,000-$5,999 ($260,000-$311,999)",3-4,Sufficient bikes,True,Middle,30->39,Full time
Y24H5910412,Y24H5910412P01,Vehicle Driver,Private,0–50,"$4,000-$4,499 ($208,000-$233,999)",2,No bikes,True,Middle,20->29,Full time
Y24H5910412,Y24H5910412P02,Vehicle Driver,Private,0–50,"$4,000-$4,499 ($208,000-$233,999)",2,No bikes,True,Middle,20->29,Full time
Y24H5910418,Y24H5910418P03,Vehicle Driver,Private,0–50,"$2,000-$2,499 ($104,000-$129,999)",5+,No bikes,True,Middle,40->49,Full time
Y24H5910418,Y24H5910418P04,Vehicle Driver,Private,0–50,"$2,000-$2,499 ($104,000-$129,999)",5+,No bikes,True,Middle,40->49,Full time
Y24H5910429,Y24H5910429P01,Vehicle Driver,Private,0–50,"$2,500-$2,999 ($130,000-$155,999)",1,No bikes,True,Middle,60->69,Full time
Y24H5910432,Y24H5910432P01,Vehicle Driver,Private,0–50,"$2,500-$2,999 ($130,000-$155,999)",3-4,No bikes,True,Middle,50->59,Full time
Y24H5910432,Y24H5910432P03,Vehicle Driver,Private,0–50,"$2,500-$2,999 ($130,000-$155,999)",3-4,No bikes,True,Middle,20->29,Full time
Y24H5910520,Y24H5910520P01,Vehicle Driver,Private,0–50,"$3,000-$3,499 ($156,000-$181,999)",3-4,Insufficient bikes,True,Outer,40->49,Full time
Y24H5910520,Y24H5910520P03,Vehicle Passenger,Private,0–50,"$3,000-$3,499 ($156,000-$181,999)",3-4,Insufficient bikes,True,Outer,10->19,Student
Y24H5910523,Y24H5910523P01,Vehicle Driver,Private,0–50,"$6,000-$7,999 ($312,000-$415,999)",2,No bikes,True,Outer,60->69,Part time
Y24H5910525,Y24H5910525P01,Vehicle Driver,Private,0–50,"$5,000-$5,999 ($260,000-$311,999)",5+,No bikes,True,Outer,50->59,Full time
Y24H5910525,Y24H5910525P02,Vehicle Driver,Private,0–50,"$5,000-$5,999 ($260,000-$311,999)",5+,No bikes,True,Outer,50->59,Full time
Y24H5910525,Y24H5910525P04,Vehicle Driver,Private,0–50,"$5,000-$5,999 ($260,000-$311,999)",5+,No bikes,True,Outer,20->29,Full time
Y24H5910529,Y24H5910529P02,Vehicle Passenger,Private,0–50,"$4,000-$4,499 ($208,000-$233,999)",3-4,No bikes,True,Outer,40->49,Part time
Y24H5910533,Y24H5910533P01,Vehicle Driver,Private,0–50,"$2,000-$2,499 ($104,000-$129,999)",3-4,Insufficient bikes,True,Outer,30->39,Full time
Y24H5910533,Y24H5910533P02,Vehicle Driver,Private,0–50,"$2,000-$2,499 ($104,000-$129,999)",3-4,Insufficient bikes,True,Outer,30->39,Part time
Y24H5920208,Y24H5920208P02,Vehicle Driver,Private,0–50,"$2,000-$2,499 ($104,000-$129,999)",3-4,No bikes,True,Middle,50->59,Full time
Y24H5920208,Y24H5920208P03,Vehicle Driver,Private,0–50,"$2,000-$2,499 ($104,000-$129,999)",3-4,No bikes,True,Middle,50->59,Part time
Y24H5920212,Y24H5920212P01,Vehicle Driver,Private,0–50,"$1,000-$1,249 ($52,000-$64,999)",3-4,No bikes,True,Middle,30->39,Part time
Y24H5920212,Y24H5920212P02,Vehicle Driver,Private,0–50,"$1,000-$1,249 ($52,000-$64,999)",3-4,No bikes,True,Middle,30->39,Part time
Y24H5920301,Y24H5920301P01,Vehicle Driver,Private,0–50,"$2,500-$2,999 ($130,000-$155,999)",1,No bikes,True,Inner,40->49,Full time
Y24H5920304,Y24H5920304P01,Vehicle Driver,Private,0–50,"$1,000-$1,249 ($52,000-$64,999)",3-4,Insufficient bikes,True,Inner,50->59,Part time
Y24H5920304,Y24H5920304P02,Vehicle Driver,Private,0–50,"$1,000-$1,249 ($52,000-$64,999)",3-4,Insufficient bikes,True,Inner,40->49,Part time
Y24H5920304,Y24H5920304P02,Vehicle Driver,Private,0–50,"$1,000-$1,249 ($52,000-$64,999)",3-4,Insufficient bikes,True,Inner,40->49,Part time
Y24H5920304,Y24H5920304P02,Vehicle Passenger,Private,0–50,"$1,000-$1,249 ($52,000-$64,999)",3-4,Insufficient bikes,True,Inner,40->49,Part time
Y24H5920305,Y24H5920305P03,Vehicle Driver,Private,0–50,"$2,000-$2,499 ($104,000-$129,999)",3-4,No bikes,True,Inner,60->69,Full time
Y24H5920312,Y24H5920312P02,Train,Public,0–50,"$4,500-$4,999 ($234,000-$259,999)",3-4,Insufficient bikes,True,Inner,30->39,Full time
Y24H5920323,Y24H5920323P01,Vehicle Driver,Private,0–50,"$3,500-$3,999 ($182,000-$207,999)",1,No bikes,True,Inner,30->39,Full time
Y24H5920329,Y24H5920329P01,Train,Public,0–50,"$1,250-$1,499 ($65,000-$77,999)",1,Sufficient bikes,True,Inner,60->69,Full time
Y24H5920336,Y24H5920336P01,Vehicle Driver,Private,0–50,"$650-$799 ($33,800-$41,599)",1,Sufficient bikes,True,Inner,70+,Part time
Y24H5920403,Y24H5920403P01,Vehicle Driver,Private,0–50,"$4,500-$4,999 ($234,000-$259,999)",3-4,Insufficient bikes,True,Outer,60->69,Full time
Y24H5920403,Y24H5920403P02,Vehicle Driver,Private,0–50,"$4,500-$4,999 ($234,000-$259,999)",3-4,Insufficient bikes,True,Outer,50->59,Full time
Y24H5920403,Y24H5920403P03,Vehicle Driver,Private,0–50,"$4,500-$4,999 ($234,000-$259,999)",3-4,Insufficient bikes,True,Outer,20->29,Full time
Y24H5920405,Y24H5920405P01,Vehicle Driver,Private,0–50,"$800-$999 ($41,600-$51,999)",3-4,No bikes,True,Outer,40->49,Full time
Y24H5920406,Y24H5920406P02,Vehicle Driver,Private,0–50,"$4,500-$4,999 ($234,000-$259,999)",3-4,No bikes,True,Outer,50->59,Full time
Y24H5920409,Y24H5920409P01,Vehicle Driver,Private,0–50,"$150-$299 ($7,800-$15,599)",3-4,No bikes,True,Outer,60->69,Full time
Y24H5920409,Y24H5920409P02,Vehicle Driver,Private,0–50,"$150-$299 ($7,800-$15,599)",3-4,No bikes,True,Outer,50->59,Full time
Y24H5920414,Y24H5920414P01,Vehicle Driver,Private,0–50,"$3,500-$3,999 ($182,000-$207,999)",5+,Insufficient bikes,True,Outer,70+,Part time
Y24H5920414,Y24H5920414P01,Vehicle Driver,Private,0–50,"$3,500-$3,999 ($182,000-$207,999)",5+,Insufficient bikes,True,Outer,70+,Part time
Y24H5920431,Y24H5920431P02,Vehicle Driver,Private,0–50,"$5,000-$5,999 ($260,000-$311,999)",3-4,Insufficient bikes,True,Outer,30->39,Full time
Y24H5920436,Y24H5920436P01,Vehicle Driver,Private,0–50,"$3,000-$3,499 ($156,000-$181,999)",3-4,No bikes,True,Outer,60->69,Full time
Y24H5920436,Y24H5920436P01,Vehicle Driver,Private,0–50,"$3,000-$3,499 ($156,000-$181,999)",3-4,No bikes,True,Outer,60->69,Full time
Y24H5930108,Y24H5930108P01,Vehicle Driver,Private,0–50,"$2,500-$2,999 ($130,000-$155,999)",3-4,Sufficient bikes,True,Outer,50->59,Full time
Y24H5930123,Y24H5930123P01,Train,Public,0–50,"$5,000-$5,999 ($260,000-$311,999)",3-4,Sufficient bikes,True,Middle,50->59,Full time
Y24H5930123,Y24H5930123P02,Vehicle Driver,Private,0–50,"$5,000-$5,999 ($260,000-$311,999)",3-4,Sufficient bikes,True,Middle,50->59,Full time
Y24H5930124,Y24H5930124P02,Vehicle Driver,Private,0–50,"$4,000-$4,499 ($208,000-$233,999)",2,No bikes,True,Middle,20->29,Full time
Y24H5930130,Y24H5930130P01,Vehicle Driver,Private,0–50,"$800-$999 ($41,600-$51,999)",1,No bikes,True,Middle,20->29,Student
Y24H5930303,Y24H5930303P01,Walking,Active,0–50,"$1,250-$1,499 ($65,000-$77,999)",1,No bikes,False,Inner,20->29,Full time
Y24H5930319,Y24H5930319P01,Vehicle Driver,Private,0–50,"$3,500-$3,999 ($182,000-$207,999)",5+,No bikes,True,Inner,50->59,Full time
Y24H5930326,Y24H5930326P02,Vehicle Driver,Private,0–50,"$1,750-$1,999 ($91,000-$103,999)",2,Insufficient bikes,True,Inner,30->39,Full time
Y24H5930402,Y24H5930402P01,Vehicle Driver,Private,0–50,"$3,500-$3,999 ($182,000-$207,999)",5+,Insufficient bikes,True,Outer,40->49,Full time
Y24H5930403,Y24H5930403P01,Vehicle Driver,Private,0–50,"$1,500-$1,749 ($78,000-$90,999)",3-4,No bikes,True,Outer,40->49,Full time
Y24H5930414,Y24H5930414P01,Vehicle Driver,Private,0–50,"$3,500-$3,999 ($182,000-$207,999)",3-4,Insufficient bikes,True,Outer,40->49,Full time
Y24H5930416,Y24H5930416P01,Vehicle Driver,Private,0–50,"$1,750-$1,999 ($91,000-$103,999)",3-4,No bikes,True,Outer,30->39,Full time
Y24H5930416,Y24H5930416P02,Vehicle Driver,Private,0–50,"$1,750-$1,999 ($91,000-$103,999)",3-4,No bikes,True,Outer,30->39,Part time
Y24H5930418,Y24H5930418P03,Vehicle Driver,Private,0–50,"$1,000-$1,249 ($52,000-$64,999)",3-4,No bikes,True,Outer,40->49,Part time
Y24H5930420,Y24H5930420P01,Vehicle Driver,Private,0–50,"$3,500-$3,999 ($182,000-$207,999)",3-4,No bikes,True,Outer,50->59,Part time
Y24H5930420,Y24H5930420P03,Public Bus,Public,0–50,"$3,500-$3,999 ($182,000-$207,999)",3-4,No bikes,True,Outer,20->29,Student
Y24H5930420,Y24H5930420P04,Vehicle Driver,Private,0–50,"$3,500-$3,999 ($182,000-$207,999)",3-4,No bikes,True,Outer,20->29,Student
Y24H5930422,Y24H5930422P01,Train,Public,0–50,"$3,500-$3,999 ($182,000-$207,999)",3-4,Insufficient bikes,True,Outer,30->39,Full time
Y24H5930422,Y24H5930422P02,Vehicle Driver,Private,0–50,"$3,500-$3,999 ($182,000-$207,999)",3-4,Insufficient bikes,True,Outer,30->39,Part time
Y24H5930429,Y24H5930429P01,Vehicle Driver,Private,0–50,"$1,250-$1,499 ($65,000-$77,999)",2,Insufficient bikes,True,Outer,40->49,Full time
Y24H5930438,Y24H5930438P01,Vehicle Driver,Private,0–50,"$5,000-$5,999 ($260,000-$311,999)",2,Sufficient bikes,True,Outer,30->39,Full time
Y24H5930438,Y24H5930438P02,Vehicle Driver,Private,0–50,"$5,000-$5,999 ($260,000-$311,999)",2,Sufficient bikes,True,Outer,30->39,Full time
Y24H5930440,Y24H5930440P01,Vehicle Driver,Private,50–100,"$2,500-$2,999 ($130,000-$155,999)",3-4,No bikes,True,Outer,30->39,Full time
Y24H5930440,Y24H5930440P02,Vehicle Driver,Private,0–50,"$2,500-$2,999 ($130,000-$155,999)",3-4,No bikes,True,Outer,20->29,Part time
Y24H5930502,Y24H5930502P02,Vehicle Driver,Private,0–50,"$800-$999 ($41,600-$51,999)",2,Sufficient bikes,True,Middle,70+,Full time
Y24H5930503,Y24H5930503P02,Vehicle Driver,Private,0–50,"$6,000-$7,999 ($312,000-$415,999)",2,Insufficient bikes,True,Middle,30->39,Full time
Y24H5930509,Y24H5930509P02,Vehicle Driver,Private,0–50,"$2,000-$2,499 ($104,000-$129,999)",3-4,Insufficient bikes,True,Middle,40->49,Full time
Y24H5930515,Y24H5930515P01,Vehicle Driver,Private,0–50,"$1,750-$1,999 ($91,000-$103,999)",3-4,No bikes,True,Middle,20->29,Full time
Y24H5930515,Y24H5930515P03,Public Bus,Public,0–50,"$1,750-$1,999 ($91,000-$103,999)",3-4,No bikes,True,Middle,20->29,Part time
Y24H5930533,Y24H5930533P01,Train,Public,0–50,"$4,000-$4,499 ($208,000-$233,999)",2,No bikes,True,Middle,20->29,Full time
Y24H5930540,Y24H5930540P02,Vehicle Driver,Private,0–50,"$2,000-$2,499 ($104,000-$129,999)",3-4,No bikes,True,Middle,30->39,Part time
Y24H5930540,Y24H5930540P04,Public Bus,Public,0–50,"$2,000-$2,499 ($104,000-$129,999)",3-4,No bikes,True,Middle,20->29,Part time
Y24H5940115,Y24H5940115P01,Vehicle Driver,Private,100–150,"$2,500-$2,999 ($130,000-$155,999)",1,No bikes,True,Outer,60->69,Full time
Y24H5940126,Y24H5940126P02,Vehicle Driver,Private,0–50,"$1,500-$1,749 ($78,000-$90,999)",3-4,No bikes,True,Outer,60->69,Full time
Y24H5940130,Y24H5940130P01,Vehicle Driver,Private,0–50,"$1,000-$1,249 ($52,000-$64,999)",1,Sufficient bikes,True,Outer,50->59,Part time
Y24H5940130,Y24H5940130P01,Vehicle Driver,Private,0–50,"$1,000-$1,249 ($52,000-$64,999)",1,Sufficient bikes,True,Outer,50->59,Part time
Y24H5940131,Y24H5940131P01,Vehicle Driver,Private,0–50,"$4,000-$4,499 ($208,000-$233,999)",3-4,No bikes,True,Outer,60->69,Full time
Y24H5940131,Y24H5940131P03,Vehicle Driver,Private,0–50,"$4,000-$4,499 ($208,000-$233,999)",3-4,No bikes,True,Outer,30->39,Full time
Y24H5940137,Y24H5940137P01,Vehicle Driver,Private,0–50,"$2,500-$2,999 ($130,000-$155,999)",3-4,No bikes,True,Outer,40->49,Full time
Y24H5940204,Y24H5940204P01,Vehicle Driver,Private,0–50,"$2,500-$2,999 ($130,000-$155,999)",1,No bikes,True,Middle,50->59,Part time
Y24H5940217,Y24H5940217P02,Vehicle Driver,Private,0–50,"$4,000-$4,499 ($208,000-$233,999)",3-4,No bikes,True,Middle,40->49,Full time
Y24H5940218,Y24H5940218P01,Vehicle Driver,Private,0–50,"$500-$649 ($26,000-$33,799)",2,No bikes,True,Middle,40->49,Full time
Y24H5940222,Y24H5940222P01,Vehicle Driver,Private,0–50,"$4,000-$4,499 ($208,000-$233,999)",3-4,Insufficient bikes,True,Middle,60->69,Full time
Y24H5940222,Y24H5940222P02,Vehicle Driver,Private,0–50,"$4,000-$4,499 ($208,000-$233,999)",3-4,Insufficient bikes,True,Middle,30->39,Full time
Y24H5940230,Y24H5940230P02,Vehicle Driver,Private,0–50,"$400-$499 ($20,800-$25,999)",3-4,Insufficient bikes,True,Middle,20->29,Part time
Y24H5940233,Y24H5940233P02,Vehicle Driver,Private,0–50,"$3,500-$3,999 ($182,000-$207,999)",3-4,Insufficient bikes,True,Middle,40->49,Full time
Y24H5940235,Y24H5940235P01,Vehicle Driver,Private,0–50,"$2,500-$2,999 ($130,000-$155,999)",3-4,No bikes,True,Middle,40->49,Part time
Y24H5940235,Y24H5940235P01,Vehicle Driver,Private,0–50,"$2,500-$2,999 ($130,000-$155,999)",3-4,No bikes,True,Middle,40->49,Part time
Y24H5940409,Y24H5940409P01,Vehicle Driver,Private,0–50,"$3,500-$3,999 ($182,000-$207,999)",3-4,Sufficient bikes,True,Outer,50->59,Full time
Y24H5940409,Y24H5940409P02,Vehicle Driver,Private,0–50,"$3,500-$3,999 ($182,000-$207,999)",3-4,Sufficient bikes,True,Outer,50->59,Part time
Y24H5940409,Y24H5940409P03,Vehicle Driver,Private,0–50,"$3,500-$3,999 ($182,000-$207,999)",3-4,Sufficient bikes,True,Outer,20->29,Part time
Y24H5940411,Y24H5940411P01,Vehicle Driver,Private,0–50,"$5,000-$5,999 ($260,000-$311,999)",5+,Insufficient bikes,True,Outer,50->59,Part time
Y24H5940411,Y24H5940411P02,Vehicle Driver,Private,0–50,"$5,000-$5,999 ($260,000-$311,999)",5+,Insufficient bikes,True,Outer,50->59,Full time
Y24H5940411,Y24H5940411P03,Vehicle Driver,Private,0–50,"$5,000-$5,999 ($260,000-$311,999)",5+,Insufficient bikes,True,Outer,20->29,Full time
Y24H5940411,Y24H5940411P05,Vehicle Driver,Private,0–50,"$5,000-$5,999 ($260,000-$311,999)",5+,Insufficient bikes,True,Outer,20->29,Student
Y24H5940419,Y24H5940419P01,Vehicle Driver,Private,0–50,"$8,000 or more ($416,000 or more)",3-4,No bikes,True,Outer,50->59,Full time
Y24H5940419,Y24H5940419P02,Vehicle Driver,Private,0–50,"$8,000 or more ($416,000 or more)",3-4,No bikes,True,Outer,30->39,Full time
Y24H5940419,Y24H5940419P03,Vehicle Driver,Private,0–50,"$8,000 or more ($416,000 or more)",3-4,No bikes,True,Outer,30->39,Full time
Y24H5940419,Y24H5940419P04,Vehicle Driver,Private,0–50,"$8,000 or more ($416,000 or more)",3-4,No bikes,True,Outer,50->59,Full time
Y24H5940501,Y24H5940501P01,Vehicle Driver,Private,0–50,"$3,500-$3,999 ($182,000-$207,999)",3-4,Sufficient bikes,True,Outer,40->49,Full time
Y24H5940501,Y24H5940501P02,Vehicle Driver,Private,0–50,"$3,500-$3,999 ($182,000-$207,999)",3-4,Sufficient bikes,True,Outer,40->49,Part time
Y24H5940502,Y24H5940502P02,Train,Public,50–100,"$400-$499 ($20,800-$25,999)",5+,Sufficient bikes,True,Outer,40->49,Part time
Y24H5940503,Y24H5940503P01,Vehicle Driver,Private,50–100,"$5,000-$5,999 ($260,000-$311,999)",3-4,No bikes,True,Outer,50->59,Full time
Y24H5940508,Y24H5940508P01,Vehicle Driver,Private,50–100,"$1,750-$1,999 ($91,000-$103,999)",5+,Sufficient bikes,True,Outer,30->39,Full time
Y24H5940520,Y24H5940520P01,Vehicle Driver,Private,50–100,"$5,000-$5,999 ($260,000-$311,999)",2,No bikes,True,Outer,50->59,Full time
Y24H5940522,Y24H5940522P02,Train,Public,50–100,"$6,000-$7,999 ($312,000-$415,999)",3-4,Insufficient bikes,True,Outer,50->59,Full time
Y24H5940525,Y24H5940525P02,Vehicle Driver,Private,50–100,"$6,000-$7,999 ($312,000-$415,999)",3-4,Insufficient bikes,True,Outer,30->39,Full time
Y24H5940531,Y24H5940531P02,Vehicle Driver,Private,0–50,"$2,000-$2,499 ($104,000-$129,999)",2,Insufficient bikes,True,Outer,20->29,Full time
Y24H5940532,Y24H5940532P01,Vehicle Driver,Private,0–50,"$2,500-$2,999 ($130,000-$155,999)",3-4,Sufficient bikes,True,Outer,60->69,Full time
Y24H5940536,Y24H5940536P01,Vehicle Driver,Private,0–50,"$4,000-$4,499 ($208,000-$233,999)",5+,No bikes,True,Outer,40->49,Full time
Y24H5950201,Y24H5950201P04,Vehicle Driver,Private,0–50,"$1,250-$1,499 ($65,000-$77,999)",5+,No bikes,True,Middle,20->29,Full time
Y24H5950201,Y24H5950201P05,Vehicle Driver,Private,0–50,"$1,250-$1,499 ($65,000-$77,999)",5+,No bikes,True,Middle,20->29,Full time
Y24H5950201,Y24H5950201P06,Vehicle Passenger,Private,0–50,"$1,250-$1,499 ($65,000-$77,999)",5+,No bikes,True,Middle,20->29,Part time
Y24H5950204,Y24H5950204P02,Train,Public,0–50,"$3,000-$3,499 ($156,000-$181,999)",5+,Insufficient bikes,True,Middle,30->39,Full time
Y24H5950208,Y24H5950208P03,Vehicle Driver,Private,0–50,"$3,500-$3,999 ($182,000-$207,999)",3-4,Insufficient bikes,True,Middle,30->39,Full time
Y24H5950209,Y24H5950209P01,Vehicle Driver,Private,0–50,"$3,500-$3,999 ($182,000-$207,999)",5+,Insufficient bikes,True,Middle,40->49,Full time
Y24H5950215,Y24H5950215P01,Train,Public,0–50,"$2,500-$2,999 ($130,000-$155,999)",3-4,Sufficient bikes,True,Middle,40->49,Full time
Y24H5950216,Y24H5950216P01,Vehicle Driver,Private,0–50,"$5,000-$5,999 ($260,000-$311,999)",3-4,Insufficient bikes,True,Middle,60->69,Full time
Y24H5950216,Y24H5950216P02,Vehicle Driver,Private,0–50,"$5,000-$5,999 ($260,000-$311,999)",3-4,Insufficient bikes,True,Middle,50->59,Full time
Y24H5950216,Y24H5950216P03,Train,Public,0–50,"$5,000-$5,999 ($260,000-$311,999)",3-4,Insufficient bikes,True,Middle,20->29,Full time
Y24H5950217,Y24H5950217P01,Vehicle Driver,Private,0–50,"$2,500-$2,999 ($130,000-$155,999)",5+,Insufficient bikes,True,Middle,40->49,Full time
Y24H5950218,Y24H5950218P02,Vehicle Driver,Private,0–50,"$1,500-$1,749 ($78,000-$90,999)",5+,No bikes,True,Middle,40->49,Full time
Y24H5950218,Y24H5950218P04,Vehicle Passenger,Private,0–50,"$1,500-$1,749 ($78,000-$90,999)",5+,No bikes,True,Middle,10->19,Student
Y24H5950219,Y24H5950219P04,Vehicle Driver,Private,0–50,"$1,250-$1,499 ($65,000-$77,999)",3-4,No bikes,True,Middle,10->19,Full time
Y24H5950226,Y24H5950226P02,Vehicle Passenger,Private,0–50,"$1,250-$1,499 ($65,000-$77,999)",3-4,No bikes,True,Middle,30->39,Part time
Y24H5950229,Y24H5950229P01,Vehicle Driver,Private,0–50,"$1,500-$1,749 ($78,000-$90,999)",3-4,Sufficient bikes,True,Middle,30->39,Full time
Y24H5950230,Y24H5950230P03,Train,Public,0–50,"$3,000-$3,499 ($156,000-$181,999)",3-4,No bikes,True,Middle,20->29,Full time
Y24H5950234,Y24H5950234P01,Vehicle Driver,Private,0–50,"$4,500-$4,999 ($234,000-$259,999)",3-4,No bikes,True,Middle,60->69,Part time
Y24H5950234,Y24H5950234P01,Vehicle Driver,Private,0–50,"$4,500-$4,999 ($234,000-$259,999)",3-4,No bikes,True,Middle,60->69,Part time
Y24H5950234,Y24H5950234P02,Tram,Public,0–50,"$4,500-$4,999 ($234,000-$259,999)",3-4,No bikes,True,Middle,60->69,Part time
Y24H5950301,Y24H5950301P01,Train,Public,0–50,"$2,500-$2,999 ($130,000-$155,999)",1,Sufficient bikes,True,Inner,30->39,Full time
Y24H5950305,Y24H5950305P02,Tram,Public,0–50,"$3,000-$3,499 ($156,000-$181,999)",3-4,Insufficient bikes,True,Inner,30->39,Student
Y24H5950309,Y24H5950309P01,Tram,Public,0–50,"$4,000-$4,499 ($208,000-$233,999)",2,Insufficient bikes,True,Inner,20->29,Full time
Y24H5950310,Y24H5950310P02,Tram,Public,0–50,"$2,000-$2,499 ($104,000-$129,999)",2,No bikes,True,Inner,20->29,Full time
Y24H5950311,Y24H5950311P01,Vehicle Driver,Private,0–50,"$2,500-$2,999 ($130,000-$155,999)",1,Sufficient bikes,True,Inner,50->59,Full time
Y24H5950401,Y24H5950401P01,Train,Public,0–50,"$3,500-$3,999 ($182,000-$207,999)",5+,Insufficient bikes,True,Middle,40->49,Full time
Y24H5950401,Y24H5950401P02,Vehicle Driver,Private,0–50,"$3,500-$3,999 ($182,000-$207,999)",5+,Insufficient bikes,True,Middle,30->39,Part time
Y24H5950402,Y24H5950402P01,Walking,Active,0–50,"$3,000-$3,499 ($156,000-$181,999)",5+,Sufficient bikes,True,Middle,40->49,Full time
Y24H5950402,Y24H5950402P02,Vehicle Driver,Private,0–50,"$3,000-$3,499 ($156,000-$181,999)",5+,Sufficient bikes,True,Middle,30->39,Full time
Y24H5950407,Y24H5950407P03,Vehicle Driver,Private,0–50,"$2,500-$2,999 ($130,000-$155,999)",5+,Sufficient bikes,True,Middle,10->19,Student
Y24H5950411,Y24H5950411P02,Vehicle Driver,Private,0–50,"$2,500-$2,999 ($130,000-$155,999)",2,No bikes,True,Middle,30->39,Full time
Y24H5950417,Y24H5950417P01,Vehicle Driver,Private,0–50,"$1,000-$1,249 ($52,000-$64,999)",3-4,Insufficient bikes,True,Middle,40->49,Part time
Y24H5950417,Y24H5950417P01,Vehicle Driver,Private,0–50,"$1,000-$1,249 ($52,000-$64,999)",3-4,Insufficient bikes,True,Middle,40->49,Part time
Y24H5950431,Y24H5950431P03,Vehicle Driver,Private,0–50,"$5,000-$5,999 ($260,000-$311,999)",5+,No bikes,True,Middle,20->29,Student
Y24H5950433,Y24H5950433P04,Train,Public,0–50,"$6,000-$7,999 ($312,000-$415,999)",3-4,Sufficient bikes,True,Middle,20->29,Part time
Y24H5950510,Y24H5950510P01,Vehicle Driver,Private,0–50,"$2,500-$2,999 ($130,000-$155,999)",3-4,No bikes,True,Outer,40->49,Full time
Y24H5950514,Y24H5950514P01,Vehicle Driver,Private,0–50,"$3,500-$3,999 ($182,000-$207,999)",3-4,No bikes,True,Outer,20->29,Full time
Y24H5950518,Y24H5950518P01,Vehicle Driver,Private,0–50,"$3,500-$3,999 ($182,000-$207,999)",3-4,Sufficient bikes,True,Outer,30->39,Full time
Y24H5950518,Y24H5950518P02,Vehicle Driver,Private,0–50,"$3,500-$3,999 ($182,000-$207,999)",3-4,Sufficient bikes,True,Outer,30->39,Full time
Y24H5950522,Y24H5950522P01,Vehicle Driver,Private,0–50,"$1,750-$1,999 ($91,000-$103,999)",5+,Insufficient bikes,True,Outer,40->49,Full time
Y24H5970101,Y24H5970101P01,Vehicle Driver,Private,0–50,"$2,500-$2,999 ($130,000-$155,999)",3-4,Insufficient bikes,True,Outer,30->39,Full time
Y24H5970111,Y24H5970111P01,Vehicle Driver,Private,0–50,"$3,500-$3,999 ($182,000-$207,999)",3-4,Sufficient bikes,True,Outer,30->39,Part time
Y24H5970118,Y24H5970118P01,Vehicle Driver,Private,0–50,"$1,000-$1,249 ($52,000-$64,999)",1,No bikes,True,Outer,70+,Part time
Y24H5970133,Y24H5970133P01,Vehicle Driver,Private,50–100,"$2,500-$2,999 ($130,000-$155,999)",3-4,Insufficient bikes,True,Outer,40->49,Full time
Y24H5970210,Y24H5970210P01,Vehicle Driver,Private,0–50,"$1,250-$1,499 ($65,000-$77,999)",2,No bikes,True,Middle,60->69,Full time
Y24H5970224,Y24H5970224P02,Vehicle Driver,Private,0–50,"$3,500-$3,999 ($182,000-$207,999)",3-4,Insufficient bikes,True,Outer,40->49,Full time
Y24H5970231,Y24H5970231P01,Public Bus,Public,0–50,"$1-$149 ($1-$7,799)",3-4,No bikes,True,Outer,50->59,Part time
Y24H5970238,Y24H5970238P01,Train,Public,0–50,"$1,250-$1,499 ($65,000-$77,999)",2,No bikes,True,Outer,50->59,Full time
Y24H5970324,Y24H5970324P01,Vehicle Driver,Private,0–50,"$1,500-$1,749 ($78,000-$90,999)",2,No bikes,True,Inner,40->49,Full time
Y24H5970333,Y24H5970333P01,Walking,Active,0–50,"$2,500-$2,999 ($130,000-$155,999)",2,No bikes,True,Inner,50->59,Part time
Y24H5970333,Y24H5970333P02,Train,Public,0–50,"$2,500-$2,999 ($130,000-$155,999)",2,No bikes,True,Inner,50->59,Full time
Y24H5970425,Y24H5970425P02,Vehicle Driver,Private,0–50,"$650-$799 ($33,800-$41,599)",3-4,Insufficient bikes,True,Middle,30->39,Full time
Y24H5980211,Y24H5980211P01,Vehicle Driver,Private,0–50,"$2,500-$2,999 ($130,000-$155,999)",3-4,Sufficient bikes,True,Inner,50->59,Part time
Y24H5980211,Y24H5980211P02,Vehicle Driver,Private,0–50,"$2,500-$2,999 ($130,000-$155,999)",3-4,Sufficient bikes,True,Inner,40->49,Part time
Y24H5980211,Y24H5980211P03,Train,Public,0–50,"$2,500-$2,999 ($130,000-$155,999)",3-4,Sufficient bikes,True,Inner,10->19,Student
Y24H5980217,Y24H5980217P02,Vehicle Driver,Private,0–50,"$4,000-$4,499 ($208,000-$233,999)",3-4,Insufficient bikes,True,Inner,40->49,Part time
Y24H5980217,Y24H5980217P03,Vehicle Driver,Private,0–50,"$4,000-$4,499 ($208,000-$233,999)",3-4,Insufficient bikes,True,Inner,30->39,Full time
Y24H5980220,Y24H5980220P01,Vehicle Driver,Private,0–50,"$650-$799 ($33,800-$41,599)",2,Sufficient bikes,True,Inner,60->69,Part time
Y24H5980220,Y24H5980220P02,Tram,Public,0–50,"$650-$799 ($33,800-$41,599)",2,Sufficient bikes,True,Inner,60->69,Part time
Y24H5980225,Y24H5980225P03,Train,Public,0–50,"$2,000-$2,499 ($104,000-$129,999)",3-4,No bikes,True,Middle,20->29,Full time
Y24H5980227,Y24H5980227P01,Vehicle Driver,Private,0–50,"$3,500-$3,999 ($182,000-$207,999)",3-4,Insufficient bikes,True,Middle,50->59,Part time
Y24H5980227,Y24H5980227P03,Vehicle Driver,Private,0–50,"$3,500-$3,999 ($182,000-$207,999)",3-4,Insufficient bikes,True,Middle,20->29,Part time
Y24H5980301,Y24H5980301P01,Vehicle Driver,Private,0–50,"$2,500-$2,999 ($130,000-$155,999)",1,No bikes,True,Inner,30->39,Full time
Y24H5980303,Y24H5980303P01,Train,Public,0–50,"$2,500-$2,999 ($130,000-$155,999)",3-4,Sufficient bikes,True,Inner,50->59,Part time
Y24H5980304,Y24H5980304P01,Vehicle Driver,Private,0–50,"$2,500-$2,999 ($130,000-$155,999)",1,No bikes,True,Inner,50->59,Full time
Y24H5980307,Y24H5980307P02,Vehicle Driver,Private,0–50,"$2,500-$2,999 ($130,000-$155,999)",2,Insufficient bikes,True,Inner,30->39,Part time
Y24H5980317,Y24H5980317P01,Bicycle,Active,0–50,"$5,000-$5,999 ($260,000-$311,999)",5+,Sufficient bikes,True,Inner,40->49,Full time
Y24H5980317,Y24H5980317P02,Train,Public,0–50,"$5,000-$5,999 ($260,000-$311,999)",5+,Sufficient bikes,True,Inner,30->39,Part time
Y24H5980325,Y24H5980325P01,Vehicle Passenger,Private,0–50,"$2,500-$2,999 ($130,000-$155,999)",1,No bikes,False,Inner,50->59,Full time
Y24H5980337,Y24H5980337P01,Train,Public,0–50,"$2,500-$2,999 ($130,000-$155,999)",1,Sufficient bikes,False,Inner,30->39,Full time
Y24H5980409,Y24H5980409P01,Vehicle Driver,Private,0–50,"$2,500-$2,999 ($130,000-$155,999)",3-4,No bikes,True,Outer,30->39,Full time
Y24H5980409,Y24H5980409P02,Train,Public,0–50,"$2,500-$2,999 ($130,000-$155,999)",3-4,No bikes,True,Outer,30->39,Full time
Y24H5980426,Y24H5980426P01,Vehicle Driver,Private,0–50,"$1,500-$1,749 ($78,000-$90,999)",2,No bikes,True,Outer,40->49,Full time
Y24H5980438,Y24H5980438P01,Vehicle Driver,Private,0–50,"$500-$649 ($26,000-$33,799)",3-4,Insufficient bikes,True,Outer,40->49,Full time
Y24H5980503,Y24H5980503P01,Train,Public,0–50,"$2,500-$2,999 ($130,000-$155,999)",3-4,Insufficient bikes,True,Outer,30->39,Full time
Y24H5980509,Y24H5980509P01,Vehicle Driver,Private,50–100,"$1,250-$1,499 ($65,000-$77,999)",3-4,Insufficient bikes,True,Outer,30->39,Full time
Y24H5980538,Y24H5980538P01,Vehicle Driver,Private,0–50,"$2,000-$2,499 ($104,000-$129,999)",3-4,Sufficient bikes,True,Outer,30->39,Full time
Y24H5990202,Y24H5990202P02,Vehicle Driver,Private,0–50,"$1,750-$1,999 ($91,000-$103,999)",2,No bikes,True,Outer,50->59,Part time
Y24H5990203,Y24H5990203P01,Vehicle Driver,Private,50–100,"$4,500-$4,999 ($234,000-$259,999)",3-4,Sufficient bikes,True,Outer,40->49,Full time
Y24H5990203,Y24H5990203P02,Vehicle Driver,Private,0–50,"$4,500-$4,999 ($234,000-$259,999)",3-4,Sufficient bikes,True,Outer,40->49,Full time
Y24H5990210,Y24H5990210P01,Vehicle Driver,Private,0–50,"$3,000-$3,499 ($156,000-$181,999)",5+,Sufficient bikes,True,Outer,50->59,Part time
Y24H5990210,Y24H5990210P02,Vehicle Driver,Private,0–50,"$3,000-$3,499 ($156,000-$181,999)",5+,Sufficient bikes,True,Outer,30->39,Full time
Y24H5990216,Y24H5990216P01,Vehicle Driver,Private,0–50,"$2,000-$2,499 ($104,000-$129,999)",5+,Sufficient bikes,True,Outer,40->49,Full time
Y24H5990222,Y24H5990222P01,Vehicle Driver,Private,0–50,"$5,000-$5,999 ($260,000-$311,999)",3-4,Insufficient bikes,True,Outer,30->39,Full time
Y24H5990222,Y24H5990222P02,Train,Public,0–50,"$5,000-$5,999 ($260,000-$311,999)",3-4,Insufficient bikes,True,Outer,30->39,Full time
Y24H5990225,Y24H5990225P01,Vehicle Driver,Private,0–50,"$500-$649 ($26,000-$33,799)",2,No bikes,True,Outer,60->69,Part time
Y24H5990225,Y24H5990225P01,Vehicle Driver,Private,0–50,"$500-$649 ($26,000-$33,799)",2,No bikes,True,Outer,60->69,Part time
Y24H5990225,Y24H5990225P02,Vehicle Driver,Private,0–50,"$500-$649 ($26,000-$33,799)",2,No bikes,True,Outer,60->69,Full time
Y24H5990225,Y24H5990225P02,Vehicle Driver,Private,0–50,"$500-$649 ($26,000-$33,799)",2,No bikes,True,Outer,60->69,Full time
Y24H5990231,Y24H5990231P03,Vehicle Driver,Private,0–50,"$1,500-$1,749 ($78,000-$90,999)",3-4,Insufficient bikes,True,Outer,20->29,Full time
Y24H5990231,Y24H5990231P04,Vehicle Driver,Private,0–50,"$1,500-$1,749 ($78,000-$90,999)",3-4,Insufficient bikes,True,Outer,20->29,Full time
Y24H5990240,Y24H5990240P01,Vehicle Driver,Private,50–100,"$3,000-$3,499 ($156,000-$181,999)",3-4,Insufficient bikes,True,Outer,60->69,Part time
Y24H5990304,Y24H5990304P01,Train,Public,0–50,"$5,000-$5,999 ($260,000-$311,999)",5+,Sufficient bikes,True,Middle,50->59,Full time
Y24H5990304,Y24H5990304P02,Vehicle Driver,Private,0–50,"$5,000-$5,999 ($260,000-$311,999)",5+,Sufficient bikes,True,Middle,50->59,Part time
Y24H5990311,Y24H5990311P02,Vehicle Driver,Private,0–50,"$2,500-$2,999 ($130,000-$155,999)",3-4,Sufficient bikes,True,Middle,50->59,Full time
Y24H5990311,Y24H5990311P04,Vehicle Passenger,Private,0–50,"$2,500-$2,999 ($130,000-$155,999)",3-4,Sufficient bikes,True,Middle,10->19,Student
Y24H5990315,Y24H5990315P02,Vehicle Driver,Private,0–50,"$6,000-$7,999 ($312,000-$415,999)",5+,Insufficient bikes,True,Middle,50->59,Full time
Y24H5990315,Y24H5990315P04,Vehicle Driver,Private,0–50,"$6,000-$7,999 ($312,000-$415,999)",5+,Insufficient bikes,True,Middle,20->29,Part time
Y24H5990315,Y24H5990315P05,Vehicle Driver,Private,0–50,"$6,000-$7,999 ($312,000-$415,999)",5+,Insufficient bikes,True,Middle,10->19,Student
Y24H5990321,Y24H5990321P01,Vehicle Driver,Private,0–50,"$2,500-$2,999 ($130,000-$155,999)",2,Insufficient bikes,True,Middle,60->69,Full time
Y24H5990326,Y24H5990326P01,Vehicle Driver,Private,0–50,"$3,500-$3,999 ($182,000-$207,999)",3-4,Insufficient bikes,True,Middle,30->39,Full time
Y24H5990327,Y24H5990327P02,Vehicle Driver,Private,0–50,"$3,000-$3,499 ($156,000-$181,999)",3-4,Sufficient bikes,True,Middle,40->49,Full time
Y24H5990402,Y24H5990402P02,Train,Public,0–50,"$4,000-$4,499 ($208,000-$233,999)",2,Sufficient bikes,True,Outer,20->29,Full time
Y24H5990403,Y24H5990403P01,Vehicle Driver,Private,0–50,"$2,500-$2,999 ($130,000-$155,999)",1,No bikes,True,Outer,40->49,Full time
Y24H5990405,Y24H5990405P02,Vehicle Driver,Private,0–50,"$800-$999 ($41,600-$51,999)",2,No bikes,True,Outer,20->29,Part time
Y24H5990409,Y24H5990409P01,Vehicle Driver,Private,0–50,"$2,500-$2,999 ($130,000-$155,999)",1,No bikes,True,Outer,30->39,Full time
Y24H5990416,Y24H5990416P01,Vehicle Driver,Private,0–50,"$1,750-$1,999 ($91,000-$103,999)",3-4,No bikes,True,Outer,30->39,Full time
Y24H5990422,Y24H5990422P01,Vehicle Driver,Private,0–50,"$800-$999 ($41,600-$51,999)",2,Insufficient bikes,True,Outer,30->39,Full time
Y24H5990422,Y24H5990422P01,Vehicle Driver,Private,0–50,"$800-$999 ($41,600-$51,999)",2,Insufficient bikes,True,Outer,30->39,Full time
Y24H5990508,Y24H5990508P02,Vehicle Driver,Private,0–50,"$2,500-$2,999 ($130,000-$155,999)",2,No bikes,True,Middle,20->29,Full time
Y24H5990509,Y24H5990509P01,Vehicle Driver,Private,0–50,"$4,500-$4,999 ($234,000-$259,999)",3-4,No bikes,True,Middle,50->59,Full time
Y24H5990509,Y24H5990509P02,Vehicle Driver,Private,0–50,"$4,500-$4,999 ($234,000-$259,999)",3-4,No bikes,True,Middle,30->39,Full time
Y24H5990512,Y24H5990512P01,Vehicle Passenger,Private,0–50,"$500-$649 ($26,000-$33,799)",3-4,No bikes,True,Middle,30->39,Full time
Y24H5990522,Y24H5990522P01,Vehicle Driver,Private,0–50,"$2,500-$2,999 ($130,000-$155,999)",2,No bikes,True,Middle,60->69,Part time
Y24H5990533,Y24H5990533P01,Vehicle Driver,Private,0–50,"$3,000-$3,499 ($156,000-$181,999)",2,No bikes,True,Middle,20->29,Full time
Y24H5990533,Y24H5990533P02,Train,Public,0–50,"$3,000-$3,499 ($156,000-$181,999)",2,No bikes,True,Middle,20->29,Full time
Y24H5990537,Y24H5990537P01,Bicycle,Active,0–50,"$2,500-$2,999 ($130,000-$155,999)",1,Sufficient bikes,True,Middle,30->39,Full time
Y24H5990539,Y24H5990539P02,Vehicle Driver,Private,0–50,"$400-$499 ($20,800-$25,999)",2,No bikes,True,Middle,20->29,Student
Y24H6000202,Y24H6000202P02,Vehicle Driver,Private,0–50,"$6,000-$7,999 ($312,000-$415,999)",3-4,Sufficient bikes,True,Outer,60->69,Full time
Y24H6000211,Y24H6000211P01,Taxi / Rideshare,Private,0–50,"$4,000-$4,499 ($208,000-$233,999)",3-4,Sufficient bikes,True,Outer,50->59,Full time
Y24H6000212,Y24H6000212P02,Vehicle Driver,Private,0–50,"$3,000-$3,499 ($156,000-$181,999)",2,No bikes,True,Outer,40->49,Full time
Y24H6000217,Y24H6000217P02,Public Bus,Public,0–50,"$5,000-$5,999 ($260,000-$311,999)",3-4,Insufficient bikes,True,Outer,30->39,Full time
Y24H6000224,Y24H6000224P01,Vehicle Driver,Private,0–50,"$2,500-$2,999 ($130,000-$155,999)",2,No bikes,True,Middle,70+,Full time
Y24H6000224,Y24H6000224P02,Vehicle Passenger,Private,0–50,"$2,500-$2,999 ($130,000-$155,999)",2,No bikes,True,Middle,70+,Full time
Y24H6000229,Y24H6000229P01,Vehicle Driver,Private,0–50,"$4,500-$4,999 ($234,000-$259,999)",3-4,Insufficient bikes,True,Middle,30->39,Full time
Y24H6000229,Y24H6000229P02,Public Bus,Public,0–50,"$4,500-$4,999 ($234,000-$259,999)",3-4,Insufficient bikes,True,Middle,30->39,Full time
Y24H6000231,Y24H6000231P01,Vehicle Driver,Private,0–50,"$1,500-$1,749 ($78,000-$90,999)",2,No bikes,True,Middle,30->39,Full time
Y24H6000329,Y24H6000329P02,Tram,Public,0–50,"$5,000-$5,999 ($260,000-$311,999)",2,Sufficient bikes,True,Inner,20->29,Full time
Y24H6000337,Y24H6000337P01,Vehicle Driver,Private,0–50,"$3,500-$3,999 ($182,000-$207,999)",3-4,Insufficient bikes,True,Inner,50->59,Full time
Y24H6000337,Y24H6000337P02,Vehicle Driver,Private,0–50,"$3,500-$3,999 ($182,000-$207,999)",3-4,Insufficient bikes,True,Inner,50->59,Full time
Y24H6000338,Y24H6000338P01,Tram,Public,0–50,"$2,500-$2,999 ($130,000-$155,999)",5+,No bikes,False,Inner,20->29,Full time
Y24H6000338,Y24H6000338P02,Tram,Public,0–50,"$2,500-$2,999 ($130,000-$155,999)",5+,No bikes,False,Inner,20->29,Full time
Y24H6000340,Y24H6000340P02,Vehicle Passenger,Private,0–50,"$2,500-$2,999 ($130,000-$155,999)",2,Sufficient bikes,True,Inner,50->59,Full time
Y24H6000501,Y24H6000501P02,Train,Public,0–50,"$1,500-$1,749 ($78,000-$90,999)",2,No bikes,True,Outer,20->29,Full time
Y24H6000507,Y24H6000507P01,Vehicle Driver,Private,0–50,"$4,000-$4,499 ($208,000-$233,999)",3-4,Insufficient bikes,True,Outer,40->49,Full time
Y24H6000511,Y24H6000511P01,Vehicle Driver,Private,0–50,"$2,000-$2,499 ($104,000-$129,999)",3-4,No bikes,True,Outer,30->39,Full time
Y24H6000537,Y24H6000537P01,Vehicle Driver,Private,0–50,"$500-$649 ($26,000-$33,799)",3-4,Insufficient bikes,True,Outer,40->49,Part time
Y24H6000537,Y24H6000537P01,Vehicle Driver,Private,0–50,"$500-$649 ($26,000-$33,799)",3-4,Insufficient bikes,True,Outer,40->49,Part time
Y24H6010102,Y24H6010102P02,Vehicle Driver,Private,0–50,"$4,000-$4,499 ($208,000-$233,999)",3-4,No bikes,True,Outer,60->69,Full time
Y24H6010102,Y24H6010102P03,Vehicle Passenger,Private,0–50,"$4,000-$4,499 ($208,000-$233,999)",3-4,No bikes,True,Outer,20->29,Full time
Y24H6010105,Y24H6010105P02,Vehicle Driver,Private,0–50,"$800-$999 ($41,600-$51,999)",2,No bikes,True,Outer,70+,Part time
Y24H6010111,Y24H6010111P01,Vehicle Driver,Private,0–50,"$3,500-$3,999 ($182,000-$207,999)",3-4,No bikes,True,Outer,60->69,Part time
Y24H6010111,Y24H6010111P03,Vehicle Driver,Private,0–50,"$3,500-$3,999 ($182,000-$207,999)",3-4,No bikes,True,Outer,30->39,Part time
Y24H6010113,Y24H6010113P02,Vehicle Driver,Private,0–50,"$4,500-$4,999 ($234,000-$259,999)",5+,Sufficient bikes,True,Outer,40->49,Full time
Y24H6010124,Y24H6010124P01,Vehicle Driver,Private,0–50,"$2,000-$2,499 ($104,000-$129,999)",3-4,Sufficient bikes,True,Outer,40->49,Full time
Y24H6010125,Y24H6010125P03,Vehicle Driver,Private,0–50,"$2,500-$2,999 ($130,000-$155,999)",3-4,Sufficient bikes,True,Outer,30->39,Student
Y24H6010130,Y24H6010130P01,Vehicle Driver,Private,0–50,"$1,500-$1,749 ($78,000-$90,999)",2,No bikes,True,Outer,60->69,Part time
Y24H6010134,Y24H6010134P04,Vehicle Driver,Private,0–50,"$8,000 or more ($416,000 or more)",5+,Sufficient bikes,True,Outer,20->29,Student
Y24H6010134,Y24H6010134P05,Vehicle Passenger,Private,0–50,"$8,000 or more ($416,000 or more)",5+,Sufficient bikes,True,Outer,10->19,Student
Y24H6010206,Y24H6010206P02,Vehicle Driver,Private,0–50,"$1,250-$1,499 ($65,000-$77,999)",2,No bikes,True,Middle,70+,Full time
Y24H6010209,Y24H6010209P01,Vehicle Driver,Private,0–50,"$6,000-$7,999 ($312,000-$415,999)",3-4,Sufficient bikes,True,Middle,40->49,Full time
Y24H6010213,Y24H6010213P02,Vehicle Driver,Private,0–50,"$3,000-$3,499 ($156,000-$181,999)",3-4,No bikes,True,Middle,30->39,Full time
Y24H6010216,Y24H6010216P01,Vehicle Driver,Private,0–50,"$2,500-$2,999 ($130,000-$155,999)",5+,Insufficient bikes,True,Middle,40->49,Full time
Y24H6010218,Y24H6010218P02,Vehicle Driver,Private,0–50,"$1,250-$1,499 ($65,000-$77,999)",3-4,Insufficient bikes,True,Middle,50->59,Full time
Y24H6010224,Y24H6010224P01,Vehicle Driver,Private,0–50,"$4,000-$4,499 ($208,000-$233,999)",3-4,Sufficient bikes,True,Middle,50->59,Full time
Y24H6010224,Y24H6010224P02,Vehicle Passenger,Private,0–50,"$4,000-$4,499 ($208,000-$233,999)",3-4,Sufficient bikes,True,Middle,40->49,Full time
Y24H6010226,Y24H6010226P02,Walking,Active,0–50,"$1,250-$1,499 ($65,000-$77,999)",2,No bikes,False,Middle,60->69,Full time
Y24H6010227,Y24H6010227P01,Vehicle Driver,Private,0–50,"$3,500-$3,999 ($182,000-$207,999)",2,No bikes,True,Middle,60->69,Full time
Y24H6010227,Y24H6010227P02,Vehicle Driver,Private,0–50,"$3,500-$3,999 ($182,000-$207,999)",2,No bikes,True,Middle,50->59,Full time
Y24H6010231,Y24H6010231P04,Train,Public,0–50,"$6,000-$7,999 ($312,000-$415,999)",5+,Insufficient bikes,True,Middle,30->39,Full time
Y24H6010233,Y24H6010233P01,Vehicle Driver,Private,0–50,"$4,000-$4,499 ($208,000-$233,999)",2,No bikes,True,Middle,40->49,Full time
Y24H6010505,Y24H6010505P02,Vehicle Driver,Private,0–50,"$2,500-$2,999 ($130,000-$155,999)",3-4,Sufficient bikes,True,Middle,30->39,Full time
Y24H6010505,Y24H6010505P02,Vehicle Driver,Private,0–50,"$2,500-$2,999 ($130,000-$155,999)",3-4,Sufficient bikes,True,Middle,30->39,Full time
Y24H6010511,Y24H6010511P01,Vehicle Driver,Private,0–50,0,1,No bikes,True,Middle,30->39,Full time
Y24H6010516,Y24H6010516P01,Vehicle Driver,Private,0–50,"$500-$649 ($26,000-$33,799)",1,No bikes,True,Middle,60->69,Full time
Y24H6010540,Y24H6010540P02,Public Bus,Public,0–50,"$400-$499 ($20,800-$25,999)",3-4,No bikes,True,Outer,40->49,Part time
Y24H6020201,Y24H6020201P01,Vehicle Driver,Private,0–50,"$2,000-$2,499 ($104,000-$129,999)",3-4,No bikes,True,Outer,40->49,Full time
Y24H6020201,Y24H6020201P02,Vehicle Passenger,Private,0–50,"$2,000-$2,499 ($104,000-$129,999)",3-4,No bikes,True,Outer,40->49,Full time
Y24H6020202,Y24H6020202P01,Vehicle Driver,Private,100–150,"$4,000-$4,499 ($208,000-$233,999)",3-4,No bikes,True,Outer,60->69,Full time
Y24H6020202,Y24H6020202P02,Vehicle Driver,Private,0–50,"$4,000-$4,499 ($208,000-$233,999)",3-4,No bikes,True,Outer,60->69,Part time
Y24H6020203,Y24H6020203P02,Vehicle Driver,Private,0–50,"$2,500-$2,999 ($130,000-$155,999)",2,No bikes,True,Outer,50->59,Full time
Y24H6020208,Y24H6020208P01,Vehicle Driver,Private,50–100,"$5,000-$5,999 ($260,000-$311,999)",3-4,No bikes,True,Outer,60->69,Full time
Y24H6020211,Y24H6020211P01,Vehicle Driver,Private,0–50,"$650-$799 ($33,800-$41,599)",1,Sufficient bikes,True,Outer,60->69,Full time
Y24H6020226,Y24H6020226P02,Vehicle Driver,Private,0–50,"$500-$649 ($26,000-$33,799)",3-4,No bikes,True,Outer,60->69,Part time
Y24H6020226,Y24H6020226P02,Vehicle Driver,Private,0–50,"$500-$649 ($26,000-$33,799)",3-4,No bikes,True,Outer,60->69,Part time
Y24H6020236,Y24H6020236P01,Vehicle Driver,Private,0–50,"$1,000-$1,249 ($52,000-$64,999)",1,Sufficient bikes,True,Outer,60->69,Full time
Y24H6020302,Y24H6020302P01,Vehicle Driver,Private,0–50,"$3,500-$3,999 ($182,000-$207,999)",3-4,No bikes,True,Inner,50->59,Full time
Y24H6020302,Y24H6020302P02,Vehicle Driver,Private,0–50,"$3,500-$3,999 ($182,000-$207,999)",3-4,No bikes,True,Inner,50->59,Full time
Y24H6020302,Y24H6020302P03,Vehicle Driver,Private,0–50,"$3,500-$3,999 ($182,000-$207,999)",3-4,No bikes,True,Inner,20->29,Full time
Y24H6020312,Y24H6020312P01,Vehicle Driver,Private,0–50,"$3,000-$3,499 ($156,000-$181,999)",5+,Insufficient bikes,True,Inner,50->59,Full time
Y24H6020312,Y24H6020312P02,Train,Public,0–50,"$3,000-$3,499 ($156,000-$181,999)",5+,Insufficient bikes,True,Inner,40->49,Full time
Y24H6020325,Y24H6020325P01,Vehicle Driver,Private,0–50,"$2,500-$2,999 ($130,000-$155,999)",1,No bikes,True,Inner,60->69,Full time
Y24H6020326,Y24H6020326P01,Bicycle,Active,0–50,"$4,500-$4,999 ($234,000-$259,999)",2,Sufficient bikes,True,Inner,60->69,Full time
Y24H6020326,Y24H6020326P01,Vehicle Driver,Private,0–50,"$4,500-$4,999 ($234,000-$259,999)",2,Sufficient bikes,True,Inner,60->69,Full time
Y24H6020330,Y24H6020330P02,Vehicle Driver,Private,0–50,"$6,000-$7,999 ($312,000-$415,999)",3-4,Insufficient bikes,True,Inner,20->29,Full time
Y24H6020330,Y24H6020330P03,Vehicle Driver,Private,0–50,"$6,000-$7,999 ($312,000-$415,999)",3-4,Insufficient bikes,True,Inner,20->29,Full time
Y24H6020337,Y24H6020337P02,Train,Public,0–50,"$3,500-$3,999 ($182,000-$207,999)",3-4,Sufficient bikes,True,Inner,50->59,Full time
Y24H6020338,Y24H6020338P01,Bicycle,Active,0–50,"$5,000-$5,999 ($260,000-$311,999)",3-4,Insufficient bikes,True,Inner,30->39,Full time
Y24H6020338,Y24H6020338P02,Vehicle Driver,Private,0–50,"$5,000-$5,999 ($260,000-$311,999)",3-4,Insufficient bikes,True,Inner,30->39,Full time
Y24H6020338,Y24H6020338P03,Bicycle,Active,0–50,"$5,000-$5,999 ($260,000-$311,999)",3-4,Insufficient bikes,True,Inner,30->39,Full time
Y24H6020404,Y24H6020404P01,Vehicle Passenger,Private,0–50,"$2,000-$2,499 ($104,000-$129,999)",3-4,Sufficient bikes,True,Middle,40->49,Full time
Y24H6020404,Y24H6020404P02,Vehicle Driver,Private,0–50,"$2,000-$2,499 ($104,000-$129,999)",3-4,Sufficient bikes,True,Middle,40->49,Part time
Y24H6020424,Y24H6020424P02,Vehicle Driver,Private,0–50,"$4,000-$4,499 ($208,000-$233,999)",5+,Insufficient bikes,True,Middle,40->49,Full time
Y24H6020426,Y24H6020426P01,Vehicle Driver,Private,0–50,"$800-$999 ($41,600-$51,999)",1,Sufficient bikes,True,Middle,70+,Part time
Y24H6020432,Y24H6020432P02,Bicycle,Active,0–50,"$6,000-$7,999 ($312,000-$415,999)",5+,Sufficient bikes,True,Middle,40->49,Part time
Y24H6020508,Y24H6020508P01,Vehicle Driver,Private,50–100,"$6,000-$7,999 ($312,000-$415,999)",5+,Insufficient bikes,True,Outer,50->59,Full time
Y24H6020509,Y24H6020509P01,Vehicle Driver,Private,0–50,"$6,000-$7,999 ($312,000-$415,999)",5+,No bikes,True,Outer,50->59,Part time
Y24H6020509,Y24H6020509P02,Vehicle Driver,Private,0–50,"$6,000-$7,999 ($312,000-$415,999)",5+,No bikes,True,Outer,50->59,Full time
Y24H6020509,Y24H6020509P03,Vehicle Passenger,Private,0–50,"$6,000-$7,999 ($312,000-$415,999)",5+,No bikes,True,Outer,20->29,Full time
Y24H6020509,Y24H6020509P05,Vehicle Driver,Private,0–50,"$6,000-$7,999 ($312,000-$415,999)",5+,No bikes,True,Outer,20->29,Part time
Y24H6020511,Y24H6020511P02,Vehicle Driver,Private,0–50,"$4,000-$4,499 ($208,000-$233,999)",3-4,No bikes,True,Outer,20->29,Full time
Y24H6020512,Y24H6020512P01,Vehicle Driver,Private,0–50,"$2,500-$2,999 ($130,000-$155,999)",1,No bikes,True,Outer,50->59,Full time
Y24H6020515,Y24H6020515P01,Vehicle Driver,Private,0–50,"$2,000-$2,499 ($104,000-$129,999)",2,No bikes,True,Outer,50->59,Full time
Y24H6020515,Y24H6020515P02,Vehicle Driver,Private,0–50,"$2,000-$2,499 ($104,000-$129,999)",2,No bikes,True,Outer,50->59,Part time
Y24H6020518,Y24H6020518P02,Vehicle Driver,Private,0–50,"$1,000-$1,249 ($52,000-$64,999)",3-4,No bikes,True,Outer,60->69,Part time
Y24H6020522,Y24H6020522P02,Train,Public,0–50,"$2,500-$2,999 ($130,000-$155,999)",2,No bikes,True,Outer,30->39,Full time
Y24H6020527,Y24H6020527P02,Vehicle Driver,Private,0–50,"$2,000-$2,499 ($104,000-$129,999)",2,No bikes,True,Outer,30->39,Full time
Y24H6020532,Y24H6020532P01,Vehicle Driver,Private,0–50,"$2,500-$2,999 ($130,000-$155,999)",3-4,No bikes,True,Outer,40->49,Full time
Y24H6020532,Y24H6020532P02,Vehicle Driver,Private,0–50,"$2,500-$2,999 ($130,000-$155,999)",3-4,No bikes,True,Outer,40->49,Full time
Y24H6020540,Y24H6020540P01,Vehicle Driver,Private,0–50,"$2,500-$2,999 ($130,000-$155,999)",3-4,No bikes,True,Outer,40->49,Full time
Y24H6020540,Y24H6020540P02,Tram,Public,50–100,"$2,500-$2,999 ($130,000-$155,999)",3-4,No bikes,True,Outer,30->39,Part time
Y24H6026108,Y24H6026108P01,Vehicle Driver,Private,0–50,"$1,000-$1,249 ($52,000-$64,999)",1,No bikes,True,Other,30->39,Full time
Y24H6026116,Y24H6026116P02,Vehicle Driver,Private,0–50,"$2,500-$2,999 ($130,000-$155,999)",2,No bikes,True,Other,30->39,Full time
Y24H6026123,Y24H6026123P01,Vehicle Driver,Private,0–50,"$2,000-$2,499 ($104,000-$129,999)",2,No bikes,True,Other,60->69,Part time
Y24H6026123,Y24H6026123P02,Vehicle Driver,Private,0–50,"$2,000-$2,499 ($104,000-$129,999)",2,No bikes,True,Other,60->69,Full time
Y24H6026124,Y24H6026124P01,Vehicle Driver,Private,0–50,"$800-$999 ($41,600-$51,999)",1,No bikes,True,Other,50->59,Full time
Y24H6026132,Y24H6026132P01,Vehicle Driver,Private,0–50,"$3,000-$3,499 ($156,000-$181,999)",3-4,Sufficient bikes,True,Other,40->49,Full time
Y24H6026132,Y24H6026132P02,Vehicle Driver,Private,0–50,"$3,000-$3,499 ($156,000-$181,999)",3-4,Sufficient bikes,True,Other,30->39,Part time
Y24H6026133,Y24H6026133P01,Vehicle Driver,Private,0–50,"$3,000-$3,499 ($156,000-$181,999)",3-4,Sufficient bikes,True,Other,50->59,Full time
Y24H6026133,Y24H6026133P02,Vehicle Driver,Private,0–50,"$3,000-$3,499 ($156,000-$181,999)",3-4,Sufficient bikes,True,Other,40->49,Full time
Y24H6026133,Y24H6026133P02,Vehicle Driver,Private,0–50,"$3,000-$3,499 ($156,000-$181,999)",3-4,Sufficient bikes,True,Other,40->49,Full time
Y24H6026137,Y24H6026137P01,Vehicle Driver,Private,0–50,"$1,750-$1,999 ($91,000-$103,999)",1,No bikes,True,Other,40->49,Full time
Y24H6026137,Y24H6026137P01,Vehicle Driver,Private,0–50,"$1,750-$1,999 ($91,000-$103,999)",1,No bikes,True,Other,40->49,Full time
Y24H6026141,Y24H6026141P03,Vehicle Driver,Private,0–50,"$1,000-$1,249 ($52,000-$64,999)",5+,No bikes,True,Other,50->59,Full time
Y24H6026141,Y24H6026141P04,Vehicle Passenger,Private,0–50,"$1,000-$1,249 ($52,000-$64,999)",5+,No bikes,True,Other,50->59,Full time
Y24H6026141,Y24H6026141P05,Vehicle Driver,Private,0–50,"$1,000-$1,249 ($52,000-$64,999)",5+,No bikes,True,Other,30->39,Full time
Y24H6030102,Y24H6030102P02,Vehicle Driver,Private,50–100,"$800-$999 ($41,600-$51,999)",2,No bikes,True,Outer,40->49,Full time
Y24H6030105,Y24H6030105P02,Vehicle Driver,Private,0–50,"$5,000-$5,999 ($260,000-$311,999)",5+,Insufficient bikes,True,Outer,40->49,Full time
Y24H6030105,Y24H6030105P03,Vehicle Driver,Private,0–50,"$5,000-$5,999 ($260,000-$311,999)",5+,Insufficient bikes,True,Outer,40->49,Full time
Y24H6030105,Y24H6030105P04,Vehicle Driver,Private,0–50,"$5,000-$5,999 ($260,000-$311,999)",5+,Insufficient bikes,True,Outer,20->29,Student
Y24H6030106,Y24H6030106P03,Vehicle Passenger,Private,0–50,"$2,500-$2,999 ($130,000-$155,999)",3-4,Insufficient bikes,True,Outer,40->49,Full time
Y24H6030111,Y24H6030111P03,Vehicle Driver,Private,0–50,"$800-$999 ($41,600-$51,999)",3-4,Insufficient bikes,True,Outer,50->59,Full time
Y24H6030112,Y24H6030112P01,Vehicle Driver,Private,50–100,"$1,750-$1,999 ($91,000-$103,999)",2,Sufficient bikes,True,Outer,50->59,Full time
Y24H6030112,Y24H6030112P02,Vehicle Passenger,Private,50–100,"$1,750-$1,999 ($91,000-$103,999)",2,Sufficient bikes,True,Outer,50->59,Full time
Y24H6030122,Y24H6030122P02,Vehicle Driver,Private,0–50,"$3,500-$3,999 ($182,000-$207,999)",3-4,No bikes,True,Outer,50->59,Part time
Y24H6030122,Y24H6030122P04,Vehicle Driver,Private,0–50,"$3,500-$3,999 ($182,000-$207,999)",3-4,No bikes,True,Outer,20->29,Student
Y24H6030123,Y24H6030123P01,Vehicle Driver,Private,50–100,"$3,000-$3,499 ($156,000-$181,999)",3-4,Sufficient bikes,True,Outer,40->49,Full time
Y24H6030133,Y24H6030133P01,Walking,Active,0–50,"$2,000-$2,499 ($104,000-$129,999)",3-4,No bikes,True,Outer,50->59,Full time
Y24H6030133,Y24H6030133P02,Bicycle,Active,0–50,"$2,000-$2,499 ($104,000-$129,999)",3-4,No bikes,True,Outer,50->59,Full time
Y24H6030140,Y24H6030140P02,Vehicle Driver,Private,0–50,"$4,500-$4,999 ($234,000-$259,999)",3-4,Insufficient bikes,True,Outer,30->39,Part time
Y24H6030201,Y24H6030201P01,Vehicle Driver,Private,0–50,"$3,000-$3,499 ($156,000-$181,999)",3-4,No bikes,True,Outer,60->69,Part time
Y24H6030201,Y24H6030201P02,Vehicle Driver,Private,0–50,"$3,000-$3,499 ($156,000-$181,999)",3-4,No bikes,True,Outer,50->59,Full time
Y24H6030207,Y24H6030207P02,Vehicle Driver,Private,0–50,"$6,000-$7,999 ($312,000-$415,999)",3-4,Insufficient bikes,True,Outer,50->59,Full time
Y24H6030208,Y24H6030208P01,Vehicle Driver,Private,0–50,"$2,500-$2,999 ($130,000-$155,999)",3-4,Sufficient bikes,True,Outer,40->49,Full time
Y24H6030209,Y24H6030209P01,Vehicle Driver,Private,0–50,"$2,000-$2,499 ($104,000-$129,999)",3-4,No bikes,True,Outer,60->69,Full time
Y24H6030209,Y24H6030209P02,Vehicle Driver,Private,0–50,"$2,000-$2,499 ($104,000-$129,999)",3-4,No bikes,True,Outer,60->69,Part time
Y24H6030210,Y24H6030210P01,Vehicle Driver,Private,0–50,"$5,000-$5,999 ($260,000-$311,999)",3-4,Sufficient bikes,True,Outer,40->49,Full time
Y24H6030218,Y24H6030218P01,Vehicle Driver,Private,0–50,"$3,000-$3,499 ($156,000-$181,999)",3-4,No bikes,True,Outer,50->59,Full time
Y24H6030218,Y24H6030218P02,Vehicle Driver,Private,0–50,"$3,000-$3,499 ($156,000-$181,999)",3-4,No bikes,True,Outer,50->59,Full time
Y24H6030218,Y24H6030218P04,Vehicle Driver,Private,0–50,"$3,000-$3,499 ($156,000-$181,999)",3-4,No bikes,True,Outer,10->19,Full time
Y24H6030223,Y24H6030223P02,Vehicle Driver,Private,0–50,"$2,500-$2,999 ($130,000-$155,999)",3-4,Insufficient bikes,True,Outer,40->49,Full time
Y24H6030229,Y24H6030229P01,Vehicle Driver,Private,0–50,"$3,500-$3,999 ($182,000-$207,999)",3-4,Insufficient bikes,True,Outer,50->59,Full time
Y24H6030229,Y24H6030229P02,Vehicle Driver,Private,0–50,"$3,500-$3,999 ($182,000-$207,999)",3-4,Insufficient bikes,True,Outer,50->59,Part time
Y24H6030234,Y24H6030234P01,Vehicle Driver,Private,0–50,"$2,500-$2,999 ($130,000-$155,999)",2,Insufficient bikes,True,Outer,70+,Full time
Y24H6030238,Y24H6030238P02,Vehicle Driver,Private,0–50,"$1,250-$1,499 ($65,000-$77,999)",2,No bikes,True,Outer,60->69,Full time
Y24H6030240,Y24H6030240P01,Vehicle Driver,Private,0–50,"$1,000-$1,249 ($52,000-$64,999)",2,No bikes,True,Outer,70+,Part time
Y24H6030240,Y24H6030240P02,Vehicle Driver,Private,0–50,"$1,000-$1,249 ($52,000-$64,999)",2,No bikes,True,Outer,60->69,Part time
Y24H6030402,Y24H6030402P01,Vehicle Driver,Private,0–50,"$1,500-$1,749 ($78,000-$90,999)",5+,No bikes,True,Middle,50->59,Full time
Y24H6030405,Y24H6030405P01,Vehicle Driver,Private,0–50,"$5,000-$5,999 ($260,000-$311,999)",5+,Sufficient bikes,True,Middle,50->59,Full time
Y24H6030426,Y24H6030426P03,Vehicle Driver,Private,0–50,"$800-$999 ($41,600-$51,999)",3-4,No bikes,True,Middle,20->29,Full time
Y24H6030429,Y24H6030429P01,Vehicle Driver,Private,150–200,"$2,500-$2,999 ($130,000-$155,999)",2,Insufficient bikes,True,Middle,30->39,Full time
Y24H6030430,Y24H6030430P01,Train,Public,0–50,"$4,000-$4,499 ($208,000-$233,999)",3-4,Insufficient bikes,True,Middle,50->59,Full time
Y24H6030433,Y24H6030433P01,Vehicle Driver,Private,0–50,"$1,250-$1,499 ($65,000-$77,999)",2,No bikes,True,Middle,60->69,Part time
Y24H6030433,Y24H6030433P01,Vehicle Driver,Private,0–50,"$1,250-$1,499 ($65,000-$77,999)",2,No bikes,True,Middle,60->69,Part time
Y24H6030433,Y24H6030433P02,Vehicle Driver,Private,0–50,"$1,250-$1,499 ($65,000-$77,999)",2,No bikes,True,Middle,60->69,Part time
Y24H6030438,Y24H6030438P03,Vehicle Driver,Private,50–100,"$2,500-$2,999 ($130,000-$155,999)",3-4,No bikes,True,Middle,30->39,Full time
Y24H6030440,Y24H6030440P01,Vehicle Driver,Private,0–50,"$2,000-$2,499 ($104,000-$129,999)",3-4,No bikes,True,Middle,40->49,Full time
Y24H6030518,Y24H6030518P03,Vehicle Driver,Private,0–50,"$800-$999 ($41,600-$51,999)",3-4,No bikes,True,Outer,40->49,Part time
Y24H6030525,Y24H6030525P01,Vehicle Driver,Private,0–50,"$5,000-$5,999 ($260,000-$311,999)",3-4,Sufficient bikes,True,Outer,40->49,Full time
Y24H6030531,Y24H6030531P01,Train,Public,0–50,"$1,750-$1,999 ($91,000-$103,999)",1,Sufficient bikes,True,Outer,40->49,Full time
Y24H6030533,Y24H6030533P01,Vehicle Driver,Private,0–50,"$500-$649 ($26,000-$33,799)",2,No bikes,True,Outer,40->49,Full time
Y24H6030539,Y24H6030539P01,Vehicle Driver,Private,0–50,"$3,500-$3,999 ($182,000-$207,999)",2,No bikes,True,Outer,30->39,Full time
Y24H6030541,Y24H6030541P01,Vehicle Driver,Private,0–50,"$1,750-$1,999 ($91,000-$103,999)",3-4,Sufficient bikes,True,Outer,30->39,Full time
Y24H6036101,Y24H6036101P01,Vehicle Driver,Private,0–50,"$1,250-$1,499 ($65,000-$77,999)",5+,No bikes,True,Other,30->39,Full time
Y24H6036104,Y24H6036104P01,Vehicle Driver,Private,0–50,"$3,500-$3,999 ($182,000-$207,999)",2,Sufficient bikes,True,Other,40->49,Full time
Y24H6036115,Y24H6036115P01,Vehicle Driver,Private,0–50,"$1,750-$1,999 ($91,000-$103,999)",1,No bikes,True,Other,60->69,Full time
Y24H6036123,Y24H6036123P01,Vehicle Driver,Private,0–50,"$2,500-$2,999 ($130,000-$155,999)",2,Sufficient bikes,True,Other,60->69,Full time
Y24H6036123,Y24H6036123P01,Vehicle Driver,Private,0–50,"$2,500-$2,999 ($130,000-$155,999)",2,Sufficient bikes,True,Other,60->69,Full time
Y24H6036123,Y24H6036123P02,Vehicle Driver,Private,50–100,"$2,500-$2,999 ($130,000-$155,999)",2,Sufficient bikes,True,Other,50->59,Full time
Y24H6036126,Y24H6036126P01,Walking,Active,0–50,"$800-$999 ($41,600-$51,999)",3-4,Sufficient bikes,True,Other,40->49,Part time
Y24H6036204,Y24H6036204P01,Vehicle Driver,Private,0–50,"$1,500-$1,749 ($78,000-$90,999)",1,No bikes,True,Other,70+,Full time
Y24H6036209,Y24H6036209P02,Vehicle Driver,Private,0–50,"$1,500-$1,749 ($78,000-$90,999)",2,Sufficient bikes,True,Other,60->69,Full time
Y24H6036209,Y24H6036209P02,Vehicle Driver,Private,0–50,"$1,500-$1,749 ($78,000-$90,999)",2,Sufficient bikes,True,Other,60->69,Full time
Y24H6036220,Y24H6036220P02,Vehicle Driver,Private,0–50,"$4,000-$4,499 ($208,000-$233,999)",3-4,Insufficient bikes,True,Other,70+,Full time
Y24H6036236,Y24H6036236P01,Vehicle Driver,Private,0–50,"$2,500-$2,999 ($130,000-$155,999)",3-4,No bikes,True,Other,50->59,Full time
Y24H6036236,Y24H6036236P02,Vehicle Driver,Private,0–50,"$2,500-$2,999 ($130,000-$155,999)",3-4,No bikes,True,Other,30->39,Full time
Y24H6040103,Y24H6040103P03,Vehicle Driver,Private,0–50,"$500-$649 ($26,000-$33,799)",3-4,No bikes,True,Outer,30->39,Part time
Y24H6040105,Y24H6040105P02,Vehicle Driver,Private,0–50,"$4,000-$4,499 ($208,000-$233,999)",5+,No bikes,True,Outer,60->69,Part time
Y24H6040105,Y24H6040105P04,Train,Public,50–100,"$4,000-$4,499 ($208,000-$233,999)",5+,No bikes,True,Outer,30->39,Student
Y24H6040105,Y24H6040105P05,Vehicle Driver,Private,50–100,"$4,000-$4,499 ($208,000-$233,999)",5+,No bikes,True,Outer,20->29,Full time
Y24H6040111,Y24H6040111P01,Train,Public,50–100,"$2,500-$2,999 ($130,000-$155,999)",2,No bikes,True,Outer,30->39,Full time
Y24H6040124,Y24H6040124P01,Vehicle Driver,Private,0–50,"$2,500-$2,999 ($130,000-$155,999)",1,Sufficient bikes,True,Outer,40->49,Full time
Y24H6040125,Y24H6040125P01,Vehicle Driver,Private,0–50,"$2,500-$2,999 ($130,000-$155,999)",2,No bikes,True,Outer,60->69,Full time
Y24H6040125,Y24H6040125P02,Vehicle Driver,Private,0–50,"$2,500-$2,999 ($130,000-$155,999)",2,No bikes,True,Outer,50->59,Full time
Y24H6040137,Y24H6040137P01,Vehicle Driver,Private,0–50,"$3,000-$3,499 ($156,000-$181,999)",3-4,Sufficient bikes,True,Outer,60->69,Full time
Y24H6040137,Y24H6040137P02,Vehicle Driver,Private,0–50,"$3,000-$3,499 ($156,000-$181,999)",3-4,Sufficient bikes,True,Outer,50->59,Full time
Y24H6040138,Y24H6040138P01,Vehicle Driver,Private,0–50,"$2,500-$2,999 ($130,000-$155,999)",2,Sufficient bikes,True,Outer,60->69,Part time
Y24H6040138,Y24H6040138P02,Vehicle Driver,Private,0–50,"$2,500-$2,999 ($130,000-$155,999)",2,Sufficient bikes,True,Outer,60->69,Full time
Y24H6040207,Y24H6040207P01,Vehicle Driver,Private,0–50,"$1,250-$1,499 ($65,000-$77,999)",2,Sufficient bikes,True,Middle,70+,Part time
Y24H6040211,Y24H6040211P01,Vehicle Driver,Private,0–50,"$150-$299 ($7,800-$15,599)",3-4,No bikes,True,Middle,50->59,Full time
Y24H6040302,Y24H6040302P01,Train,Public,0–50,"$4,500-$4,999 ($234,000-$259,999)",3-4,Sufficient bikes,True,Middle,30->39,Part time
Y24H6040304,Y24H6040304P01,Vehicle Driver,Private,0–50,"$1,000-$1,249 ($52,000-$64,999)",1,No bikes,True,Middle,70+,Full time
Y24H6040305,Y24H6040305P02,Vehicle Driver,Private,0–50,"$6,000-$7,999 ($312,000-$415,999)",3-4,Insufficient bikes,True,Middle,40->49,Full time
Y24H6040305,Y24H6040305P02,Vehicle Driver,Private,0–50,"$6,000-$7,999 ($312,000-$415,999)",3-4,Insufficient bikes,True,Middle,40->49,Full time
Y24H6040311,Y24H6040311P01,Vehicle Driver,Private,0–50,"$3,000-$3,499 ($156,000-$181,999)",2,Insufficient bikes,True,Middle,40->49,Full time
Y24H6040317,Y24H6040317P03,Vehicle Driver,Private,0–50,"$3,500-$3,999 ($182,000-$207,999)",3-4,Sufficient bikes,True,Middle,20->29,Full time
Y24H6040319,Y24H6040319P01,Vehicle Driver,Private,0–50,"$5,000-$5,999 ($260,000-$311,999)",3-4,Insufficient bikes,True,Middle,50->59,Full time
Y24H6040331,Y24H6040331P01,Taxi / Rideshare,Private,0–50,"$5,000-$5,999 ($260,000-$311,999)",3-4,No bikes,True,Middle,70+,Full time
Y24H6040331,Y24H6040331P02,Vehicle Passenger,Private,50–100,"$5,000-$5,999 ($260,000-$311,999)",3-4,No bikes,True,Middle,70+,Full time
Y24H6040338,Y24H6040338P02,Train,Public,0–50,"$800-$999 ($41,600-$51,999)",3-4,Insufficient bikes,True,Middle,30->39,Full time
Y24H6040340,Y24H6040340P01,Walking,Active,0–50,"$1,500-$1,749 ($78,000-$90,999)",1,No bikes,False,Middle,50->59,Full time
Y24H6040501,Y24H6040501P01,Vehicle Driver,Private,0–50,"$1,000-$1,249 ($52,000-$64,999)",3-4,No bikes,True,Outer,40->49,Full time
Y24H6040501,Y24H6040501P01,Vehicle Driver,Private,0–50,"$1,000-$1,249 ($52,000-$64,999)",3-4,No bikes,True,Outer,40->49,Full time
Y24H6040509,Y24H6040509P01,Vehicle Passenger,Private,0–50,"$2,500-$2,999 ($130,000-$155,999)",2,No bikes,True,Outer,50->59,Full time
Y24H6040515,Y24H6040515P05,Vehicle Driver,Private,0–50,"$650-$799 ($33,800-$41,599)",5+,No bikes,True,Outer,20->29,Student
Y24H6040516,Y24H6040516P02,Vehicle Driver,Private,0–50,"$2,500-$2,999 ($130,000-$155,999)",2,No bikes,True,Outer,60->69,Full time
Y24H6040517,Y24H6040517P01,Train,Public,0–50,"$5,000-$5,999 ($260,000-$311,999)",3-4,No bikes,True,Outer,50->59,Full time
Y24H6040517,Y24H6040517P02,Vehicle Driver,Private,0–50,"$5,000-$5,999 ($260,000-$311,999)",3-4,No bikes,True,Outer,50->59,Full time
Y24H6040526,Y24H6040526P01,Vehicle Driver,Private,0–50,"$1,000-$1,249 ($52,000-$64,999)",3-4,Insufficient bikes,True,Outer,40->49,Part time
Y24H6040538,Y24H6040538P01,Vehicle Driver,Private,0–50,"$400-$499 ($20,800-$25,999)",3-4,Insufficient bikes,True,Outer,40->49,Full time
Y24H6040538,Y24H6040538P02,Train,Public,0–50,"$400-$499 ($20,800-$25,999)",3-4,Insufficient bikes,True,Outer,30->39,Full time
Y24H6046110,Y24H6046110P02,Vehicle Driver,Private,0–50,"$3,000-$3,499 ($156,000-$181,999)",3-4,No bikes,True,Other,60->69,Full time
Y24H6046110,Y24H6046110P03,Vehicle Driver,Private,0–50,"$3,000-$3,499 ($156,000-$181,999)",3-4,No bikes,True,Other,30->39,Part time
Y24H6046111,Y24H6046111P01,Vehicle Driver,Private,0–50,"$3,500-$3,999 ($182,000-$207,999)",3-4,No bikes,True,Other,60->69,Full time
Y24H6046111,Y24H6046111P02,Bicycle,Active,0–50,"$3,500-$3,999 ($182,000-$207,999)",3-4,No bikes,True,Other,60->69,Full time
Y24H6046112,Y24H6046112P01,Vehicle Driver,Private,0–50,"$2,500-$2,999 ($130,000-$155,999)",1,No bikes,True,Other,30->39,Full time
Y24H6046126,Y24H6046126P01,Walking,Active,0–50,"$2,500-$2,999 ($130,000-$155,999)",3-4,Insufficient bikes,True,Other,30->39,Full time
Y24H6046126,Y24H6046126P01,Vehicle Driver,Private,100–150,"$2,500-$2,999 ($130,000-$155,999)",3-4,Insufficient bikes,True,Other,30->39,Full time
Y24H6046126,Y24H6046126P01,Vehicle Driver,Private,0–50,"$2,500-$2,999 ($130,000-$155,999)",3-4,Insufficient bikes,True,Other,30->39,Full time
Y24H6046126,Y24H6046126P02,Walking,Active,0–50,"$2,500-$2,999 ($130,000-$155,999)",3-4,Insufficient bikes,True,Other,30->39,Part time
Y24H6046126,Y24H6046126P02,Walking,Active,0–50,"$2,500-$2,999 ($130,000-$155,999)",3-4,Insufficient bikes,True,Other,30->39,Part time
Y24H6046130,Y24H6046130P01,Vehicle Driver,Private,0–50,"$5,000-$5,999 ($260,000-$311,999)",2,Sufficient bikes,True,Other,50->59,Full time
Y24H6046133,Y24H6046133P01,Vehicle Driver,Private,0–50,"$3,500-$3,999 ($182,000-$207,999)",2,No bikes,True,Other,20->29,Full time
Y24H6046133,Y24H6046133P02,Vehicle Driver,Private,0–50,"$3,500-$3,999 ($182,000-$207,999)",2,No bikes,True,Other,20->29,Full time
Y24H6046140,Y24H6046140P01,Vehicle Driver,Private,0–50,"$2,000-$2,499 ($104,000-$129,999)",2,Sufficient bikes,True,Other,50->59,Full time
Y24H6046140,Y24H6046140P02,Vehicle Driver,Private,0–50,"$2,000-$2,499 ($104,000-$129,999)",2,Sufficient bikes,True,Other,50->59,Full time
Y24H6046205,Y24H6046205P02,Vehicle Driver,Private,0–50,"$2,000-$2,499 ($104,000-$129,999)",2,No bikes,True,Other,60->69,Full time
Y24H6046208,Y24H6046208P02,Vehicle Driver,Private,50–100,"$6,000-$7,999 ($312,000-$415,999)",3-4,Sufficient bikes,True,Other,30->39,Full time
Y24H6046210,Y24H6046210P01,Vehicle Driver,Private,0–50,"$3,000-$3,499 ($156,000-$181,999)",3-4,Sufficient bikes,True,Other,40->49,Full time
Y24H6046210,Y24H6046210P01,Vehicle Driver,Private,0–50,"$3,000-$3,499 ($156,000-$181,999)",3-4,Sufficient bikes,True,Other,40->49,Full time
Y24H6046210,Y24H6046210P02,Vehicle Driver,Private,0–50,"$3,000-$3,499 ($156,000-$181,999)",3-4,Sufficient bikes,True,Other,40->49,Part time
Y24H6046212,Y24H6046212P01,Vehicle Passenger,Private,0–50,"$1,000-$1,249 ($52,000-$64,999)",3-4,No bikes,True,Other,30->39,Part time
Y24H6046212,Y24H6046212P02,Vehicle Driver,Private,0–50,"$1,000-$1,249 ($52,000-$64,999)",3-4,No bikes,True,Other,30->39,Full time
Y24H6046215,Y24H6046215P01,Vehicle Driver,Private,0–50,"$1,250-$1,499 ($65,000-$77,999)",3-4,No bikes,True,Other,30->39,Full time
Y24H6046215,Y24H6046215P01,Vehicle Driver,Private,0–50,"$1,250-$1,499 ($65,000-$77,999)",3-4,No bikes,True,Other,30->39,Full time
Y24H6046223,Y24H6046223P01,Vehicle Driver,Private,0–50,"$800-$999 ($41,600-$51,999)",1,No bikes,True,Other,30->39,Full time
Y24H6046225,Y24H6046225P01,Vehicle Driver,Private,50–100,"$2,500-$2,999 ($130,000-$155,999)",1,No bikes,True,Other,20->29,Full time
Y24H6046239,Y24H6046239P02,Vehicle Driver,Private,0–50,"$3,500-$3,999 ($182,000-$207,999)",2,Sufficient bikes,True,Other,30->39,Full time
Y24H6050305,Y24H6050305P03,Vehicle Driver,Private,0–50,"$2,500-$2,999 ($130,000-$155,999)",5+,No bikes,True,Middle,40->49,Full time
Y24H6050305,Y24H6050305P05,Vehicle Driver,Private,0–50,"$2,500-$2,999 ($130,000-$155,999)",5+,No bikes,True,Middle,10->19,Part time
Y24H6050306,Y24H6050306P01,Vehicle Driver,Private,0–50,"$6,000-$7,999 ($312,000-$415,999)",3-4,Sufficient bikes,True,Middle,30->39,Full time
Y24H6050308,Y24H6050308P02,Vehicle Driver,Private,0–50,"$1,750-$1,999 ($91,000-$103,999)",3-4,Sufficient bikes,True,Middle,40->49,Full time
Y24H6050309,Y24H6050309P01,Vehicle Driver,Private,0–50,"$1,000-$1,249 ($52,000-$64,999)",5+,Insufficient bikes,True,Middle,40->49,Full time
Y24H6050312,Y24H6050312P01,Vehicle Driver,Private,0–50,"$6,000-$7,999 ($312,000-$415,999)",3-4,Sufficient bikes,True,Middle,50->59,Full time
Y24H6050315,Y24H6050315P01,Vehicle Driver,Private,0–50,"$4,500-$4,999 ($234,000-$259,999)",2,No bikes,True,Middle,30->39,Full time
Y24H6050316,Y24H6050316P01,Vehicle Driver,Private,0–50,"$5,000-$5,999 ($260,000-$311,999)",2,No bikes,True,Middle,60->69,Full time
Y24H6050316,Y24H6050316P01,Vehicle Driver,Private,0–50,"$5,000-$5,999 ($260,000-$311,999)",2,No bikes,True,Middle,60->69,Full time
Y24H6050316,Y24H6050316P02,Vehicle Driver,Private,0–50,"$5,000-$5,999 ($260,000-$311,999)",2,No bikes,True,Middle,60->69,Full time
Y24H6050323,Y24H6050323P01,Vehicle Passenger,Private,0–50,"$2,500-$2,999 ($130,000-$155,999)",2,No bikes,True,Middle,20->29,Full time
Y24H6050323,Y24H6050323P02,Vehicle Driver,Private,0–50,"$2,500-$2,999 ($130,000-$155,999)",2,No bikes,True,Middle,20->29,Full time
Y24H6050324,Y24H6050324P01,Train,Public,0–50,"$2,500-$2,999 ($130,000-$155,999)",1,No bikes,True,Middle,30->39,Full time
Y24H6050336,Y24H6050336P01,Vehicle Driver,Private,0–50,"$3,000-$3,499 ($156,000-$181,999)",2,No bikes,True,Middle,30->39,Full time
Y24H6050338,Y24H6050338P01,Vehicle Driver,Private,0–50,"$2,500-$2,999 ($130,000-$155,999)",1,No bikes,True,Middle,60->69,Full time
Y24H6050339,Y24H6050339P01,Vehicle Driver,Private,0–50,"$1,750-$1,999 ($91,000-$103,999)",2,No bikes,True,Middle,50->59,Full time
Y24H6050339,Y24H6050339P02,Vehicle Driver,Private,0–50,"$1,750-$1,999 ($91,000-$103,999)",2,No bikes,True,Middle,20->29,Full time
Y24H6050340,Y24H6050340P02,Walking,Active,0–50,"$2,500-$2,999 ($130,000-$155,999)",3-4,No bikes,True,Middle,50->59,Full time
Y24H6050340,Y24H6050340P03,Vehicle Driver,Private,0–50,"$2,500-$2,999 ($130,000-$155,999)",3-4,No bikes,True,Middle,30->39,Full time
Y24H6050409,Y24H6050409P01,Train,Public,50–100,"$2,000-$2,499 ($104,000-$129,999)",3-4,No bikes,True,Outer,40->49,Full time
Y24H6050409,Y24H6050409P03,Vehicle Driver,Private,0–50,"$2,000-$2,499 ($104,000-$129,999)",3-4,No bikes,True,Outer,20->29,Full time
Y24H6050415,Y24H6050415P01,Vehicle Driver,Private,0–50,"$4,000-$4,499 ($208,000-$233,999)",3-4,Insufficient bikes,True,Outer,30->39,Full time
Y24H6050415,Y24H6050415P02,Vehicle Driver,Private,0–50,"$4,000-$4,499 ($208,000-$233,999)",3-4,Insufficient bikes,True,Outer,30->39,Full time
Y24H6050432,Y24H6050432P02,Vehicle Driver,Private,0–50,"$3,000-$3,499 ($156,000-$181,999)",3-4,Insufficient bikes,True,Outer,30->39,Part time
Y24H6050441,Y24H6050441P01,Vehicle Driver,Private,0–50,"$1,750-$1,999 ($91,000-$103,999)",2,No bikes,True,Outer,30->39,Full time
Y24H6050508,Y24H6050508P01,Vehicle Driver,Private,0–50,"$1,000-$1,249 ($52,000-$64,999)",2,No bikes,True,Outer,20->29,Part time
Y24H6050517,Y24H6050517P01,Taxi / Rideshare,Private,0–50,"$2,500-$2,999 ($130,000-$155,999)",3-4,Insufficient bikes,True,Outer,30->39,Full time
Y24H6050518,Y24H6050518P01,Vehicle Driver,Private,0–50,"$6,000-$7,999 ($312,000-$415,999)",5+,No bikes,True,Outer,50->59,Full time
Y24H6050518,Y24H6050518P02,Vehicle Driver,Private,50–100,"$6,000-$7,999 ($312,000-$415,999)",5+,No bikes,True,Outer,30->39,Full time
Y24H6050521,Y24H6050521P02,Vehicle Driver,Private,0–50,"$6,000-$7,999 ($312,000-$415,999)",5+,Sufficient bikes,True,Outer,30->39,Part time
Y24H6050530,Y24H6050530P02,Train,Public,0–50,"$4,000-$4,499 ($208,000-$233,999)",3-4,Insufficient bikes,True,Outer,30->39,Full time
Y24H6050532,Y24H6050532P01,Train,Public,0–50,"$3,000-$3,499 ($156,000-$181,999)",3-4,No bikes,True,Outer,30->39,Full time
Y24H6050536,Y24H6050536P01,Vehicle Driver,Private,0–50,"$150-$299 ($7,800-$15,599)",3-4,No bikes,True,Outer,30->39,Not in labour force/Retired
Y24H6050539,Y24H6050539P01,Vehicle Driver,Private,250+,"$1,500-$1,749 ($78,000-$90,999)",3-4,Insufficient bikes,True,Outer,30->39,Full time
Y24H6056105,Y24H6056105P01,Vehicle Driver,Private,0–50,"$3,000-$3,499 ($156,000-$181,999)",3-4,Insufficient bikes,True,Other,60->69,Full time
Y24H6056105,Y24H6056105P01,Vehicle Driver,Private,0–50,"$3,000-$3,499 ($156,000-$181,999)",3-4,Insufficient bikes,True,Other,60->69,Full time
Y24H6056105,Y24H6056105P02,Vehicle Driver,Private,0–50,"$3,000-$3,499 ($156,000-$181,999)",3-4,Insufficient bikes,True,Other,50->59,Full time
Y24H6056105,Y24H6056105P02,Vehicle Passenger,Private,0–50,"$3,000-$3,499 ($156,000-$181,999)",3-4,Insufficient bikes,True,Other,50->59,Full time
Y24H6056105,Y24H6056105P02,Vehicle Driver,Private,0–50,"$3,000-$3,499 ($156,000-$181,999)",3-4,Insufficient bikes,True,Other,50->59,Full time
Y24H6056105,Y24H6056105P03,Vehicle Driver,Private,0–50,"$3,000-$3,499 ($156,000-$181,999)",3-4,Insufficient bikes,True,Other,20->29,Full time
Y24H6056105,Y24H6056105P03,Vehicle Driver,Private,0–50,"$3,000-$3,499 ($156,000-$181,999)",3-4,Insufficient bikes,True,Other,20->29,Full time
Y24H6056105,Y24H6056105P03,Vehicle Driver,Private,0–50,"$3,000-$3,499 ($156,000-$181,999)",3-4,Insufficient bikes,True,Other,20->29,Full time
Y24H6056111,Y24H6056111P01,Vehicle Driver,Private,50–100,"$2,500-$2,999 ($130,000-$155,999)",2,No bikes,True,Other,50->59,Full time
Y24H6056112,Y24H6056112P01,Vehicle Driver,Private,0–50,"$3,000-$3,499 ($156,000-$181,999)",3-4,Sufficient bikes,True,Other,40->49,Full time
Y24H6056112,Y24H6056112P02,Vehicle Passenger,Private,0–50,"$3,000-$3,499 ($156,000-$181,999)",3-4,Sufficient bikes,True,Other,40->49,Full time
Y24H6056122,Y24H6056122P02,Vehicle Driver,Private,0–50,"$2,000-$2,499 ($104,000-$129,999)",2,No bikes,True,Other,60->69,Part time
Y24H6056125,Y24H6056125P01,Vehicle Driver,Private,0–50,"$1,750-$1,999 ($91,000-$103,999)",2,Sufficient bikes,True,Other,50->59,Full time
Y24H6056125,Y24H6056125P02,Bicycle,Active,0–50,"$1,750-$1,999 ($91,000-$103,999)",2,Sufficient bikes,True,Other,50->59,Full time
Y24H6056137,Y24H6056137P01,Vehicle Driver,Private,0–50,"$1,500-$1,749 ($78,000-$90,999)",1,Sufficient bikes,True,Other,60->69,Full time
Y24H6056142,Y24H6056142P01,Vehicle Driver,Private,0–50,"$1,500-$1,749 ($78,000-$90,999)",2,No bikes,True,Other,60->69,Full time
Y24H6056201,Y24H6056201P01,Vehicle Driver,Private,0–50,"$2,000-$2,499 ($104,000-$129,999)",3-4,Sufficient bikes,True,Other,60->69,Full time
Y24H6056201,Y24H6056201P02,Walking,Active,0–50,"$2,000-$2,499 ($104,000-$129,999)",3-4,Sufficient bikes,True,Other,50->59,Full time
Y24H6056201,Y24H6056201P03,Vehicle Driver,Private,0–50,"$2,000-$2,499 ($104,000-$129,999)",3-4,Sufficient bikes,True,Other,20->29,Part time
Y24H6056213,Y24H6056213P02,Vehicle Passenger,Private,0–50,"$4,000-$4,499 ($208,000-$233,999)",2,Sufficient bikes,True,Other,50->59,Part time
Y24H6056237,Y24H6056237P01,Bicycle,Active,0–50,"$3,500-$3,999 ($182,000-$207,999)",3-4,Sufficient bikes,True,Other,50->59,Full time
Y24H6056237,Y24H6056237P02,Vehicle Driver,Private,0–50,"$3,500-$3,999 ($182,000-$207,999)",3-4,Sufficient bikes,True,Other,40->49,Part time
Y24H6060103,Y24H6060103P01,Vehicle Driver,Private,0–50,"$650-$799 ($33,800-$41,599)",1,Sufficient bikes,True,Middle,60->69,Part time
Y24H6060109,Y24H6060109P01,Train,Public,0–50,"$5,000-$5,999 ($260,000-$311,999)",3-4,Insufficient bikes,True,Middle,60->69,Full time
Y24H6060109,Y24H6060109P02,Train,Public,0–50,"$5,000-$5,999 ($260,000-$311,999)",3-4,Insufficient bikes,True,Middle,50->59,Full time
Y24H6060109,Y24H6060109P03,Train,Public,0–50,"$5,000-$5,999 ($260,000-$311,999)",3-4,Insufficient bikes,True,Middle,20->29,Full time
Y24H6060110,Y24H6060110P01,Public Bus,Public,0–50,"$1,000-$1,249 ($52,000-$64,999)",1,No bikes,False,Middle,20->29,Part time
Y24H6060111,Y24H6060111P01,Vehicle Passenger,Private,0–50,"$2,500-$2,999 ($130,000-$155,999)",1,Sufficient bikes,True,Middle,40->49,Full time
Y24H6060201,Y24H6060201P02,Vehicle Passenger,Private,0–50,"$650-$799 ($33,800-$41,599)",3-4,No bikes,True,Middle,30->39,Full time
Y24H6060203,Y24H6060203P02,Train,Public,0–50,"$1,500-$1,749 ($78,000-$90,999)",2,No bikes,True,Middle,30->39,Full time
Y24H6060204,Y24H6060204P01,Train,Public,0–50,"$1,500-$1,749 ($78,000-$90,999)",1,No bikes,False,Middle,30->39,Part time
Y24H6060205,Y24H6060205P02,Vehicle Driver,Private,0–50,"$2,000-$2,499 ($104,000-$129,999)",2,No bikes,True,Middle,40->49,Full time
Y24H6060226,Y24H6060226P01,Vehicle Driver,Private,0–50,"$1,000-$1,249 ($52,000-$64,999)",1,No bikes,True,Middle,60->69,Part time
Y24H6060308,Y24H6060308P01,Bicycle,Active,0–50,"$2,500-$2,999 ($130,000-$155,999)",2,Insufficient bikes,False,Inner,20->29,Full time
Y24H6060326,Y24H6060326P01,Vehicle Driver,Private,0–50,"$3,500-$3,999 ($182,000-$207,999)",3-4,No bikes,True,Inner,50->59,Full time
Y24H6060326,Y24H6060326P02,Vehicle Passenger,Private,0–50,"$3,500-$3,999 ($182,000-$207,999)",3-4,No bikes,True,Inner,40->49,Full time
Y24H6060334,Y24H6060334P02,Vehicle Driver,Private,0–50,"$1,750-$1,999 ($91,000-$103,999)",2,Sufficient bikes,True,Inner,30->39,Student
Y24H6060339,Y24H6060339P01,Tram,Public,0–50,"$150-$299 ($7,800-$15,599)",2,No bikes,False,Inner,20->29,Full time
Y24H6060416,Y24H6060416P04,Vehicle Driver,Private,0–50,"$1-$149 ($1-$7,799)",3-4,No bikes,True,Outer,50->59,Full time
Y24H6066102,Y24H6066102P02,School Bus,Public,0–50,"$2,000-$2,499 ($104,000-$129,999)",2,No bikes,True,Other,50->59,Part time
Y24H6066109,Y24H6066109P02,Vehicle Driver,Private,0–50,"$1,000-$1,249 ($52,000-$64,999)",5+,Insufficient bikes,True,Other,30->39,Full time
Y24H6066110,Y24H6066110P02,Vehicle Driver,Private,0–50,"$3,500-$3,999 ($182,000-$207,999)",2,No bikes,True,Other,40->49,Full time
Y24H6066131,Y24H6066131P01,Vehicle Driver,Private,0–50,"$2,500-$2,999 ($130,000-$155,999)",2,No bikes,True,Other,30->39,Full time
Y24H6066131,Y24H6066131P02,Vehicle Driver,Private,0–50,"$2,500-$2,999 ($130,000-$155,999)",2,No bikes,True,Other,30->39,Full time
Y24H6066135,Y24H6066135P01,Vehicle Driver,Private,50–100,"$3,000-$3,499 ($156,000-$181,999)",5+,Sufficient bikes,True,Other,40->49,Part time
Y24H6066137,Y24H6066137P02,Vehicle Driver,Private,0–50,"$800-$999 ($41,600-$51,999)",3-4,Insufficient bikes,True,Other,40->49,Full time
Y24H6066138,Y24H6066138P01,Vehicle Driver,Private,0–50,"$800-$999 ($41,600-$51,999)",1,No bikes,True,Other,60->69,Part time
Y24H6066139,Y24H6066139P01,Vehicle Driver,Private,0–50,"$1,000-$1,249 ($52,000-$64,999)",2,Sufficient bikes,True,Other,40->49,Full time
Y24H6066202,Y24H6066202P01,Vehicle Driver,Private,0–50,"$2,500-$2,999 ($130,000-$155,999)",1,No bikes,True,Other,30->39,Full time
Y24H6066209,Y24H6066209P02,Vehicle Driver,Private,0–50,"$1,250-$1,499 ($65,000-$77,999)",3-4,Sufficient bikes,True,Other,30->39,Part time
Y24H6066218,Y24H6066218P01,Vehicle Driver,Private,0–50,"$4,000-$4,499 ($208,000-$233,999)",3-4,Sufficient bikes,True,Other,50->59,Full time
Y24H6066218,Y24H6066218P02,Vehicle Driver,Private,0–50,"$4,000-$4,499 ($208,000-$233,999)",3-4,Sufficient bikes,True,Other,50->59,Full time
Y24H6066221,Y24H6066221P02,Vehicle Passenger,Private,0–50,"$3,000-$3,499 ($156,000-$181,999)",3-4,No bikes,True,Other,70+,Part time
Y24H6066221,Y24H6066221P03,Vehicle Driver,Private,0–50,"$3,000-$3,499 ($156,000-$181,999)",3-4,No bikes,True,Other,30->39,Part time
Y24H6066232,Y24H6066232P01,Vehicle Driver,Private,0–50,"$3,000-$3,499 ($156,000-$181,999)",3-4,Sufficient bikes,True,Other,60->69,Full time
Y24H6066232,Y24H6066232P02,Vehicle Driver,Private,50–100,"$3,000-$3,499 ($156,000-$181,999)",3-4,Sufficient bikes,True,Other,50->59,Full time
Y24H6070104,Y24H6070104P01,Vehicle Passenger,Private,0–50,"$4,000-$4,499 ($208,000-$233,999)",3-4,Insufficient bikes,True,Outer,50->59,Full time
Y24H6070104,Y24H6070104P02,Vehicle Driver,Private,0–50,"$4,000-$4,499 ($208,000-$233,999)",3-4,Insufficient bikes,True,Outer,40->49,Part time
Y24H6070109,Y24H6070109P01,Vehicle Driver,Private,0–50,"$3,000-$3,499 ($156,000-$181,999)",5+,No bikes,True,Outer,30->39,Full time
Y24H6070109,Y24H6070109P03,Vehicle Passenger,Private,0–50,"$3,000-$3,499 ($156,000-$181,999)",5+,No bikes,True,Outer,20->29,Full time
Y24H6070109,Y24H6070109P05,Vehicle Passenger,Private,0–50,"$3,000-$3,499 ($156,000-$181,999)",5+,No bikes,True,Outer,20->29,Full time
Y24H6070109,Y24H6070109P06,Vehicle Passenger,Private,0–50,"$3,000-$3,499 ($156,000-$181,999)",5+,No bikes,True,Outer,20->29,Full time
Y24H6070119,Y24H6070119P01,Vehicle Driver,Private,0–50,"$1,250-$1,499 ($65,000-$77,999)",2,Insufficient bikes,True,Outer,60->69,Full time
Y24H6070134,Y24H6070134P01,Vehicle Driver,Private,0–50,"$2,500-$2,999 ($130,000-$155,999)",3-4,Insufficient bikes,True,Outer,40->49,Full time
Y24H6070139,Y24H6070139P01,Vehicle Driver,Private,0–50,"$150-$299 ($7,800-$15,599)",2,Insufficient bikes,True,Outer,60->69,Part time
Y24H6070204,Y24H6070204P01,Train,Public,0–50,"$1,750-$1,999 ($91,000-$103,999)",3-4,Insufficient bikes,True,Outer,50->59,Full time
Y24H6070204,Y24H6070204P02,Public Bus,Public,0–50,"$1,750-$1,999 ($91,000-$103,999)",3-4,Insufficient bikes,True,Outer,40->49,Part time
Y24H6070209,Y24H6070209P03,Vehicle Driver,Private,0–50,"$3,500-$3,999 ($182,000-$207,999)",3-4,No bikes,True,Outer,20->29,Part time
Y24H6070238,Y24H6070238P01,Vehicle Driver,Private,50–100,"$3,000-$3,499 ($156,000-$181,999)",3-4,Insufficient bikes,True,Middle,30->39,Part time
Y24H6070238,Y24H6070238P02,Vehicle Driver,Private,0–50,"$3,000-$3,499 ($156,000-$181,999)",3-4,Insufficient bikes,True,Middle,30->39,Full time
Y24H6070239,Y24H6070239P01,Train,Public,0–50,"$2,500-$2,999 ($130,000-$155,999)",2,Sufficient bikes,True,Middle,40->49,Full time
Y24H6070317,Y24H6070317P01,Vehicle Driver,Private,0–50,"$1,500-$1,749 ($78,000-$90,999)",1,No bikes,True,Inner,30->39,Full time
Y24H6070324,Y24H6070324P01,Vehicle Passenger,Private,0–50,"$5,000-$5,999 ($260,000-$311,999)",3-4,No bikes,True,Inner,60->69,Full time
Y24H6070324,Y24H6070324P03,Vehicle Driver,Private,0–50,"$5,000-$5,999 ($260,000-$311,999)",3-4,No bikes,True,Inner,20->29,Full time
Y24H6070326,Y24H6070326P01,Vehicle Driver,Private,200–250,"$3,500-$3,999 ($182,000-$207,999)",1,No bikes,True,Inner,50->59,Full time
Y24H6070332,Y24H6070332P02,Train,Public,0–50,"$2,000-$2,499 ($104,000-$129,999)",2,No bikes,True,Inner,50->59,Part time
Y24H6070338,Y24H6070338P01,Train,Public,0–50,"$4,500-$4,999 ($234,000-$259,999)",3-4,No bikes,True,Inner,30->39,Part time
Y24H6070338,Y24H6070338P02,Train,Public,0–50,"$4,500-$4,999 ($234,000-$259,999)",3-4,No bikes,True,Inner,30->39,Full time
Y24H6070409,Y24H6070409P01,Train,Public,0–50,"$3,500-$3,999 ($182,000-$207,999)",1,No bikes,True,Middle,60->69,Full time
Y24H6070410,Y24H6070410P01,Vehicle Driver,Private,0–50,"$1,000-$1,249 ($52,000-$64,999)",3-4,Sufficient bikes,True,Middle,40->49,Part time
Y24H6070417,Y24H6070417P01,Train,Public,0–50,"$1,500-$1,749 ($78,000-$90,999)",2,Sufficient bikes,True,Middle,50->59,Full time
Y24H6070423,Y24H6070423P01,Walking,Active,0–50,"$2,500-$2,999 ($130,000-$155,999)",1,No bikes,False,Middle,40->49,Full time
Y24H6070442,Y24H6070442P01,Train,Public,0–50,"$2,000-$2,499 ($104,000-$129,999)",3-4,Insufficient bikes,True,Middle,50->59,Full time
Y24H6076125,Y24H6076125P01,Vehicle Driver,Private,0–50,"$500-$649 ($26,000-$33,799)",2,No bikes,True,Other,50->59,Full time
Y24H6076125,Y24H6076125P02,Vehicle Driver,Private,0–50,"$500-$649 ($26,000-$33,799)",2,No bikes,True,Other,50->59,Not in labour force/Retired
Y24H6076210,Y24H6076210P01,Vehicle Driver,Private,0–50,"$800-$999 ($41,600-$51,999)",1,Sufficient bikes,True,Other,50->59,Part time
Y24H6076223,Y24H6076223P02,Vehicle Driver,Private,0–50,"$650-$799 ($33,800-$41,599)",2,No bikes,True,Other,60->69,Part time
Y24H6076230,Y24H6076230P01,Vehicle Driver,Private,0–50,"$1,250-$1,499 ($65,000-$77,999)",3-4,No bikes,True,Other,30->39,Full time
Y24H6076230,Y24H6076230P01,Vehicle Driver,Private,0–50,"$1,250-$1,499 ($65,000-$77,999)",3-4,No bikes,True,Other,30->39,Full time
Y24H6076230,Y24H6076230P02,Vehicle Driver,Private,0–50,"$1,250-$1,499 ($65,000-$77,999)",3-4,No bikes,True,Other,30->39,Part time
Y24H6080101,Y24H6080101P01,Vehicle Driver,Private,0–50,"$2,000-$2,499 ($104,000-$129,999)",3-4,Insufficient bikes,True,Outer,30->39,Full time
Y24H6080101,Y24H6080101P01,Vehicle Driver,Private,0–50,"$2,000-$2,499 ($104,000-$129,999)",3-4,Insufficient bikes,True,Outer,30->39,Full time
Y24H6080102,Y24H6080102P01,Vehicle Driver,Private,50–100,"$1,500-$1,749 ($78,000-$90,999)",1,Sufficient bikes,True,Outer,60->69,Full time
Y24H6080108,Y24H6080108P01,Vehicle Driver,Private,0–50,"$2,500-$2,999 ($130,000-$155,999)",1,No bikes,True,Outer,40->49,Full time
Y24H6080110,Y24H6080110P02,Vehicle Driver,Private,50–100,"$2,500-$2,999 ($130,000-$155,999)",2,No bikes,True,Outer,60->69,Full time
Y24H6080118,Y24H6080118P02,Vehicle Driver,Private,50–100,"$1,000-$1,249 ($52,000-$64,999)",5+,Insufficient bikes,True,Outer,40->49,Full time
Y24H6080118,Y24H6080118P04,Vehicle Passenger,Private,0–50,"$1,000-$1,249 ($52,000-$64,999)",5+,Insufficient bikes,True,Outer,10->19,Student
Y24H6080123,Y24H6080123P02,Vehicle Driver,Private,50–100,"$2,500-$2,999 ($130,000-$155,999)",5+,Sufficient bikes,True,Outer,40->49,Full time
Y24H6080126,Y24H6080126P01,Walking,Active,0–50,"$1,000-$1,249 ($52,000-$64,999)",1,No bikes,False,Outer,70+,Not in labour force/Retired
Y24H6080132,Y24H6080132P01,Vehicle Driver,Private,0–50,"$3,000-$3,499 ($156,000-$181,999)",2,Insufficient bikes,True,Outer,30->39,Full time
Y24H6080132,Y24H6080132P02,Vehicle Driver,Private,0–50,"$3,000-$3,499 ($156,000-$181,999)",2,Insufficient bikes,True,Outer,30->39,Full time
Y24H6080139,Y24H6080139P01,Vehicle Driver,Private,0–50,"$1,000-$1,249 ($52,000-$64,999)",1,No bikes,True,Outer,70+,Full time
Y24H6080139,Y24H6080139P01,Vehicle Driver,Private,0–50,"$1,000-$1,249 ($52,000-$64,999)",1,No bikes,True,Outer,70+,Full time
Y24H6080308,Y24H6080308P02,Train,Public,0–50,"$3,000-$3,499 ($156,000-$181,999)",3-4,No bikes,True,Inner,50->59,Full time
Y24H6080309,Y24H6080309P01,Vehicle Driver,Private,0–50,"$4,500-$4,999 ($234,000-$259,999)",2,Sufficient bikes,True,Inner,50->59,Part time
Y24H6080309,Y24H6080309P02,Vehicle Driver,Private,0–50,"$4,500-$4,999 ($234,000-$259,999)",2,Sufficient bikes,True,Inner,50->59,Full time
Y24H6080317,Y24H6080317P01,Vehicle Driver,Private,0–50,"$5,000-$5,999 ($260,000-$311,999)",3-4,Insufficient bikes,True,Inner,40->49,Full time
Y24H6080323,Y24H6080323P01,Train,Public,0–50,"$5,000-$5,999 ($260,000-$311,999)",2,Sufficient bikes,True,Inner,60->69,Part time
Y24H6080325,Y24H6080325P01,Train,Public,0–50,"$1,250-$1,499 ($65,000-$77,999)",1,No bikes,False,Inner,20->29,Full time
Y24H6080327,Y24H6080327P04,Vehicle Passenger,Private,0–50,"$8,000 or more ($416,000 or more)",3-4,Insufficient bikes,True,Inner,20->29,Student
Y24H6080329,Y24H6080329P01,Vehicle Driver,Private,0–50,"$2,500-$2,999 ($130,000-$155,999)",1,No bikes,True,Inner,40->49,Full time
Y24H6080329,Y24H6080329P01,Vehicle Driver,Private,0–50,"$2,500-$2,999 ($130,000-$155,999)",1,No bikes,True,Inner,40->49,Full time
Y24H6080336,Y24H6080336P01,Walking,Active,0–50,"$800-$999 ($41,600-$51,999)",3-4,Sufficient bikes,True,Inner,40->49,Part time
Y24H6080403,Y24H6080403P01,Vehicle Driver,Private,0–50,"$3,000-$3,499 ($156,000-$181,999)",3-4,Sufficient bikes,True,Outer,40->49,Full time
Y24H6080403,Y24H6080403P02,Vehicle Driver,Private,0–50,"$3,000-$3,499 ($156,000-$181,999)",3-4,Sufficient bikes,True,Outer,40->49,Full time
Y24H6080409,Y24H6080409P02,Vehicle Driver,Private,0–50,"$1,750-$1,999 ($91,000-$103,999)",2,No bikes,True,Outer,60->69,Full time
Y24H6080417,Y24H6080417P01,Vehicle Driver,Private,0–50,"$2,500-$2,999 ($130,000-$155,999)",1,No bikes,True,Outer,40->49,Full time
Y24H6080418,Y24H6080418P01,Vehicle Driver,Private,0–50,"$1-$149 ($1-$7,799)",1,No bikes,True,Outer,60->69,Part time
Y24H6080424,Y24H6080424P01,Vehicle Driver,Private,0–50,"$1,750-$1,999 ($91,000-$103,999)",2,No bikes,True,Outer,30->39,Full time
Y24H6080428,Y24H6080428P01,Train,Public,0–50,"$1,250-$1,499 ($65,000-$77,999)",3-4,No bikes,True,Outer,20->29,Student
Y24H6080428,Y24H6080428P02,Vehicle Driver,Private,0–50,"$1,250-$1,499 ($65,000-$77,999)",3-4,No bikes,True,Outer,20->29,Student
Y24H6080431,Y24H6080431P02,Vehicle Driver,Private,0–50,"$4,500-$4,999 ($234,000-$259,999)",3-4,Insufficient bikes,True,Outer,70+,Full time
Y24H6080431,Y24H6080431P03,Vehicle Driver,Private,0–50,"$4,500-$4,999 ($234,000-$259,999)",3-4,Insufficient bikes,True,Outer,60->69,Full time
Y24H6080437,Y24H6080437P01,Vehicle Driver,Private,0–50,"$5,000-$5,999 ($260,000-$311,999)",3-4,Sufficient bikes,True,Outer,40->49,Full time
Y24H6080437,Y24H6080437P02,Vehicle Driver,Private,0–50,"$5,000-$5,999 ($260,000-$311,999)",3-4,Sufficient bikes,True,Outer,30->39,Full time
Y24H6080439,Y24H6080439P01,Train,Public,0–50,"$3,500-$3,999 ($182,000-$207,999)",3-4,No bikes,True,Outer,40->49,Full time
Y24H6080502,Y24H6080502P02,Train,Public,0–50,"$1-$149 ($1-$7,799)",2,No bikes,True,Middle,20->29,Full time
Y24H6080510,Y24H6080510P02,Vehicle Driver,Private,0–50,"$1,750-$1,999 ($91,000-$103,999)",2,Insufficient bikes,True,Middle,20->29,Full time
Y24H6080510,Y24H6080510P02,Vehicle Driver,Private,0–50,"$1,750-$1,999 ($91,000-$103,999)",2,Insufficient bikes,True,Middle,20->29,Full time
Y24H6080510,Y24H6080510P02,Vehicle Driver,Private,0–50,"$1,750-$1,999 ($91,000-$103,999)",2,Insufficient bikes,True,Middle,20->29,Full time
Y24H6080513,Y24H6080513P02,Vehicle Driver,Private,0–50,"$3,500-$3,999 ($182,000-$207,999)",3-4,Sufficient bikes,True,Middle,30->39,Full time
Y24H6080515,Y24H6080515P01,Vehicle Driver,Private,50–100,"$2,000-$2,499 ($104,000-$129,999)",3-4,No bikes,True,Middle,40->49,Full time
Y24H6080515,Y24H6080515P02,Vehicle Driver,Private,0–50,"$2,000-$2,499 ($104,000-$129,999)",3-4,No bikes,True,Middle,40->49,Full time
Y24H6080517,Y24H6080517P01,Vehicle Driver,Private,0–50,"$1,500-$1,749 ($78,000-$90,999)",1,No bikes,True,Middle,50->59,Full time
Y24H6080518,Y24H6080518P02,Vehicle Driver,Private,0–50,"$4,000-$4,499 ($208,000-$233,999)",3-4,Sufficient bikes,True,Middle,40->49,Full time
Y24H6080530,Y24H6080530P01,Vehicle Driver,Private,0–50,"$1,250-$1,499 ($65,000-$77,999)",3-4,Sufficient bikes,True,Inner,40->49,Part time
Y24H6080533,Y24H6080533P01,Train,Public,0–50,"$1,750-$1,999 ($91,000-$103,999)",1,No bikes,True,Inner,20->29,Full time
Y24H6080539,Y24H6080539P02,Vehicle Driver,Private,0–50,"$2,500-$2,999 ($130,000-$155,999)",2,Sufficient bikes,True,Inner,30->39,Full time
Y24H6086105,Y24H6086105P02,Vehicle Driver,Private,0–50,"$2,000-$2,499 ($104,000-$129,999)",3-4,Sufficient bikes,True,Other,30->39,Full time
Y24H6086112,Y24H6086112P01,Vehicle Driver,Private,0–50,"$1,250-$1,499 ($65,000-$77,999)",2,No bikes,True,Other,30->39,Full time
Y24H6086112,Y24H6086112P02,Vehicle Driver,Private,0–50,"$1,250-$1,499 ($65,000-$77,999)",2,No bikes,True,Other,20->29,Part time
Y24H6086125,Y24H6086125P02,Vehicle Driver,Private,0–50,"$6,000-$7,999 ($312,000-$415,999)",5+,Insufficient bikes,True,Other,40->49,Not in labour force/Retired
Y24H6086130,Y24H6086130P01,Vehicle Driver,Private,0–50,"$3,500-$3,999 ($182,000-$207,999)",1,No bikes,True,Other,30->39,Full time
Y24H6086133,Y24H6086133P01,Vehicle Driver,Private,0–50,"$2,500-$2,999 ($130,000-$155,999)",2,No bikes,True,Other,30->39,Full time
Y24H6086133,Y24H6086133P02,Vehicle Passenger,Private,0–50,"$2,500-$2,999 ($130,000-$155,999)",2,No bikes,True,Other,30->39,Part time
Y24H6086136,Y24H6086136P01,Vehicle Passenger,Private,0–50,"$3,000-$3,499 ($156,000-$181,999)",3-4,No bikes,True,Other,20->29,Part time
Y24H6086136,Y24H6086136P02,Vehicle Passenger,Private,0–50,"$3,000-$3,499 ($156,000-$181,999)",3-4,No bikes,True,Other,20->29,Part time
Y24H6086136,Y24H6086136P03,Vehicle Driver,Private,0–50,"$3,000-$3,499 ($156,000-$181,999)",3-4,No bikes,True,Other,20->29,Part time
Y24H6086136,Y24H6086136P04,Vehicle Driver,Private,0–50,"$3,000-$3,499 ($156,000-$181,999)",3-4,No bikes,True,Other,20->29,Part time
Y24H6086139,Y24H6086139P01,Vehicle Driver,Private,50–100,"$3,000-$3,499 ($156,000-$181,999)",5+,Insufficient bikes,True,Other,40->49,Part time
Y24H6086139,Y24H6086139P02,Vehicle Passenger,Private,0–50,"$3,000-$3,499 ($156,000-$181,999)",5+,Insufficient bikes,True,Other,40->49,Part time
Y24H6086140,Y24H6086140P01,Vehicle Driver,Private,0–50,"$1,250-$1,499 ($65,000-$77,999)",3-4,No bikes,True,Other,30->39,Full time
Y24H6086211,Y24H6086211P02,Vehicle Driver,Private,0–50,"$1,750-$1,999 ($91,000-$103,999)",3-4,Insufficient bikes,True,Other,20->29,Full time
Y24H6086219,Y24H6086219P01,Vehicle Driver,Private,0–50,"$1,500-$1,749 ($78,000-$90,999)",1,No bikes,True,Other,60->69,Full time
Y24H6086224,Y24H6086224P01,Vehicle Driver,Private,0–50,0,1,Sufficient bikes,True,Other,60->69,Not in labour force/Retired
Y24H6086224,Y24H6086224P01,Bicycle,Active,0–50,0,1,Sufficient bikes,True,Other,60->69,Not in labour force/Retired
Y24H6086225,Y24H6086225P01,Vehicle Driver,Private,0–50,"$1,250-$1,499 ($65,000-$77,999)",1,No bikes,True,Other,20->29,Full time
Y24H6086225,Y24H6086225P01,Vehicle Driver,Private,0–50,"$1,250-$1,499 ($65,000-$77,999)",1,No bikes,True,Other,20->29,Full time
Y24H6086238,Y24H6086238P01,Vehicle Driver,Private,0–50,"$500-$649 ($26,000-$33,799)",1,No bikes,True,Other,60->69,Part time
Y24H6090201,Y24H6090201P02,Vehicle Driver,Private,0–50,"$4,000-$4,499 ($208,000-$233,999)",2,No bikes,True,Middle,30->39,Full time
Y24H6090204,Y24H6090204P01,Vehicle Driver,Private,0–50,"$3,000-$3,499 ($156,000-$181,999)",3-4,Sufficient bikes,True,Middle,50->59,Full time
Y24H6090208,Y24H6090208P01,Train,Public,0–50,"$5,000-$5,999 ($260,000-$311,999)",2,No bikes,True,Middle,30->39,Full time
Y24H6090209,Y24H6090209P02,Train,Public,0–50,"$4,000-$4,499 ($208,000-$233,999)",3-4,Sufficient bikes,True,Middle,30->39,Full time
Y24H6090224,Y24H6090224P01,Vehicle Driver,Private,0–50,"$2,500-$2,999 ($130,000-$155,999)",3-4,No bikes,True,Middle,50->59,Part time
Y24H6090225,Y24H6090225P01,Vehicle Driver,Private,0–50,"$6,000-$7,999 ($312,000-$415,999)",3-4,Sufficient bikes,True,Middle,40->49,Full time
Y24H6090229,Y24H6090229P01,Vehicle Driver,Private,0–50,"$1,750-$1,999 ($91,000-$103,999)",1,No bikes,True,Middle,50->59,Full time
Y24H6090302,Y24H6090302P01,Train,Public,0–50,"$2,500-$2,999 ($130,000-$155,999)",1,No bikes,True,Inner,40->49,Full time
Y24H6090309,Y24H6090309P02,Train,Public,0–50,"$800-$999 ($41,600-$51,999)",3-4,Insufficient bikes,True,Inner,20->29,Full time
Y24H6090317,Y24H6090317P01,Vehicle Driver,Private,0–50,"$2,500-$2,999 ($130,000-$155,999)",2,No bikes,True,Inner,50->59,Full time
Y24H6090320,Y24H6090320P01,Train,Public,0–50,"$3,500-$3,999 ($182,000-$207,999)",3-4,No bikes,False,Inner,30->39,Full time
Y24H6090320,Y24H6090320P02,Train,Public,0–50,"$3,500-$3,999 ($182,000-$207,999)",3-4,No bikes,False,Inner,30->39,Part time
Y24H6090320,Y24H6090320P03,Train,Public,0–50,"$3,500-$3,999 ($182,000-$207,999)",3-4,No bikes,False,Inner,20->29,Full time
Y24H6090324,Y24H6090324P02,Vehicle Driver,Private,0–50,"$6,000-$7,999 ($312,000-$415,999)",3-4,Sufficient bikes,True,Inner,40->49,Full time
Y24H6090337,Y24H6090337P01,Vehicle Driver,Private,50–100,"$3,500-$3,999 ($182,000-$207,999)",2,No bikes,True,Inner,40->49,Full time
Y24H6090337,Y24H6090337P02,Train,Public,0–50,"$3,500-$3,999 ($182,000-$207,999)",2,No bikes,True,Inner,40->49,Full time
Y24H6090406,Y24H6090406P03,Vehicle Passenger,Private,0–50,"$5,000-$5,999 ($260,000-$311,999)",5+,Insufficient bikes,True,Outer,30->39,Full time
Y24H6090406,Y24H6090406P04,Vehicle Driver,Private,0–50,"$5,000-$5,999 ($260,000-$311,999)",5+,Insufficient bikes,True,Outer,20->29,Part time
Y24H6090425,Y24H6090425P01,Vehicle Driver,Private,0–50,"$500-$649 ($26,000-$33,799)",1,No bikes,True,Outer,50->59,Full time
Y24H6090503,Y24H6090503P02,Vehicle Driver,Private,0–50,"$3,500-$3,999 ($182,000-$207,999)",2,No bikes,True,Outer,20->29,Full time
Y24H6090505,Y24H6090505P01,Motorcycle,Private,0–50,"$3,500-$3,999 ($182,000-$207,999)",2,Sufficient bikes,True,Outer,60->69,Full time
Y24H6090515,Y24H6090515P02,Vehicle Driver,Private,0–50,"$4,500-$4,999 ($234,000-$259,999)",2,Insufficient bikes,True,Outer,60->69,Full time
Y24H6090523,Y24H6090523P02,Vehicle Driver,Private,0–50,"$1,500-$1,749 ($78,000-$90,999)",2,Insufficient bikes,True,Outer,30->39,Full time
Y24H6096104,Y24H6096104P01,Bicycle,Active,0–50,"$4,500-$4,999 ($234,000-$259,999)",3-4,No bikes,True,Other,60->69,Full time
Y24H6096104,Y24H6096104P01,Bicycle,Active,0–50,"$4,500-$4,999 ($234,000-$259,999)",3-4,No bikes,True,Other,60->69,Full time
Y24H6096104,Y24H6096104P02,Vehicle Driver,Private,0–50,"$4,500-$4,999 ($234,000-$259,999)",3-4,No bikes,True,Other,50->59,Full time
Y24H6096105,Y24H6096105P04,Vehicle Driver,Private,0–50,"$5,000-$5,999 ($260,000-$311,999)",3-4,Insufficient bikes,True,Other,20->29,Full time
Y24H6096122,Y24H6096122P01,Vehicle Driver,Private,0–50,"$2,000-$2,499 ($104,000-$129,999)",3-4,Sufficient bikes,True,Other,30->39,Full time
Y24H6096122,Y24H6096122P01,Vehicle Driver,Private,0–50,"$2,000-$2,499 ($104,000-$129,999)",3-4,Sufficient bikes,True,Other,30->39,Full time
Y24H6096122,Y24H6096122P02,Walking,Active,0–50,"$2,000-$2,499 ($104,000-$129,999)",3-4,Sufficient bikes,True,Other,30->39,Full time
Y24H6096129,Y24H6096129P01,Vehicle Driver,Private,0–50,"$4,000-$4,499 ($208,000-$233,999)",2,Sufficient bikes,True,Other,50->59,Full time
Y24H6096131,Y24H6096131P01,Walking,Active,0–50,"$3,000-$3,499 ($156,000-$181,999)",3-4,No bikes,True,Other,40->49,Full time
Y24H6096131,Y24H6096131P02,Vehicle Driver,Private,0–50,"$3,000-$3,499 ($156,000-$181,999)",3-4,No bikes,True,Other,40->49,Part time
Y24H6096136,Y24H6096136P02,Vehicle Driver,Private,0–50,"$3,000-$3,499 ($156,000-$181,999)",2,No bikes,True,Other,20->29,Full time
Y24H6110111,Y24H6110111P02,Vehicle Driver,Private,50–100,"$2,500-$2,999 ($130,000-$155,999)",2,No bikes,True,Outer,50->59,Full time
Y24H6110112,Y24H6110112P01,Vehicle Driver,Private,0–50,"$5,000-$5,999 ($260,000-$311,999)",3-4,Insufficient bikes,True,Outer,50->59,Full time
Y24H6110117,Y24H6110117P01,Vehicle Driver,Private,0–50,"$650-$799 ($33,800-$41,599)",2,No bikes,True,Outer,70+,Part time
Y24H6110117,Y24H6110117P01,Vehicle Driver,Private,0–50,"$650-$799 ($33,800-$41,599)",2,No bikes,True,Outer,70+,Part time
Y24H6110118,Y24H6110118P03,Vehicle Driver,Private,0–50,"$6,000-$7,999 ($312,000-$415,999)",5+,No bikes,True,Outer,20->29,Part time
Y24H6110118,Y24H6110118P04,Vehicle Driver,Private,50–100,"$6,000-$7,999 ($312,000-$415,999)",5+,No bikes,True,Outer,20->29,Full time
Y24H6110118,Y24H6110118P05,Vehicle Passenger,Private,0–50,"$6,000-$7,999 ($312,000-$415,999)",5+,No bikes,True,Outer,10->19,Student
Y24H6110125,Y24H6110125P02,Train,Public,50–100,"$6,000-$7,999 ($312,000-$415,999)",3-4,Insufficient bikes,True,Outer,30->39,Full time
Y24H6110126,Y24H6110126P01,Vehicle Driver,Private,0–50,"$650-$799 ($33,800-$41,599)",2,Insufficient bikes,True,Outer,60->69,Part time
Y24H6110126,Y24H6110126P01,Vehicle Driver,Private,0–50,"$650-$799 ($33,800-$41,599)",2,Insufficient bikes,True,Outer,60->69,Part time
Y24H6110126,Y24H6110126P02,Vehicle Driver,Private,0–50,"$650-$799 ($33,800-$41,599)",2,Insufficient bikes,True,Outer,60->69,Full time
Y24H6110132,Y24H6110132P02,Vehicle Driver,Private,0–50,"$2,500-$2,999 ($130,000-$155,999)",2,Insufficient bikes,True,Outer,60->69,Full time
Y24H6110136,Y24H6110136P02,Vehicle Driver,Private,0–50,"$4,000-$4,499 ($208,000-$233,999)",3-4,Sufficient bikes,True,Outer,30->39,Full time
Y24H6110140,Y24H6110140P01,Vehicle Driver,Private,0–50,"$1,250-$1,499 ($65,000-$77,999)",2,Insufficient bikes,True,Outer,50->59,Part time
Y24H6110202,Y24H6110202P01,Vehicle Driver,Private,0–50,"$5,000-$5,999 ($260,000-$311,999)",3-4,Sufficient bikes,True,Outer,60->69,Full time
Y24H6110202,Y24H6110202P03,Vehicle Driver,Private,0–50,"$5,000-$5,999 ($260,000-$311,999)",3-4,Sufficient bikes,True,Outer,20->29,Full time
Y24H6110203,Y24H6110203P01,Vehicle Driver,Private,0–50,"$3,500-$3,999 ($182,000-$207,999)",2,Sufficient bikes,True,Outer,50->59,Full time
Y24H6110203,Y24H6110203P02,Vehicle Driver,Private,0–50,"$3,500-$3,999 ($182,000-$207,999)",2,Sufficient bikes,True,Outer,40->49,Full time
Y24H6110209,Y24H6110209P01,Vehicle Driver,Private,0–50,"$5,000-$5,999 ($260,000-$311,999)",2,No bikes,True,Outer,30->39,Full time
Y24H6110223,Y24H6110223P01,Vehicle Driver,Private,0–50,"$1,500-$1,749 ($78,000-$90,999)",1,No bikes,True,Outer,40->49,Full time
Y24H6110233,Y24H6110233P01,Vehicle Driver,Private,0–50,"$4,000-$4,499 ($208,000-$233,999)",3-4,Sufficient bikes,True,Outer,50->59,Full time
Y24H6110233,Y24H6110233P02,Vehicle Driver,Private,0–50,"$4,000-$4,499 ($208,000-$233,999)",3-4,Sufficient bikes,True,Outer,20->29,Full time
Y24H6110233,Y24H6110233P03,Vehicle Driver,Private,0–50,"$4,000-$4,499 ($208,000-$233,999)",3-4,Sufficient bikes,True,Outer,20->29,Student
Y24H6110236,Y24H6110236P02,Vehicle Driver,Private,0–50,"$1,750-$1,999 ($91,000-$103,999)",3-4,Insufficient bikes,True,Outer,20->29,Full time
Y24H6110237,Y24H6110237P01,Vehicle Driver,Private,0–50,"$2,500-$2,999 ($130,000-$155,999)",2,No bikes,True,Outer,20->29,Part time
Y24H6110237,Y24H6110237P01,Vehicle Driver,Private,0–50,"$2,500-$2,999 ($130,000-$155,999)",2,No bikes,True,Outer,20->29,Part time
Y24H6110237,Y24H6110237P02,Vehicle Driver,Private,0–50,"$2,500-$2,999 ($130,000-$155,999)",2,No bikes,True,Outer,20->29,Full time
Y24H6110301,Y24H6110301P02,Vehicle Driver,Private,0–50,"$3,500-$3,999 ($182,000-$207,999)",3-4,Insufficient bikes,True,Middle,60->69,Full time
Y24H6110302,Y24H6110302P02,Vehicle Driver,Private,50–100,"$6,000-$7,999 ($312,000-$415,999)",3-4,Sufficient bikes,True,Middle,30->39,Full time
Y24H6110305,Y24H6110305P01,Vehicle Driver,Private,0–50,"$1,250-$1,499 ($65,000-$77,999)",2,No bikes,True,Middle,70+,Part time
Y24H6110305,Y24H6110305P02,Vehicle Driver,Private,0–50,"$1,250-$1,499 ($65,000-$77,999)",2,No bikes,True,Middle,70+,Part time
Y24H6110315,Y24H6110315P01,Train,Public,0–50,"$5,000-$5,999 ($260,000-$311,999)",3-4,Sufficient bikes,True,Middle,40->49,Part time
Y24H6110317,Y24H6110317P01,Bicycle,Active,0–50,"$4,000-$4,499 ($208,000-$233,999)",5+,No bikes,True,Middle,60->69,Full time
Y24H6110317,Y24H6110317P03,Public Bus,Public,0–50,"$4,000-$4,499 ($208,000-$233,999)",5+,No bikes,True,Middle,20->29,Part time
Y24H6110324,Y24H6110324P02,Vehicle Driver,Private,0–50,"$3,000-$3,499 ($156,000-$181,999)",3-4,Insufficient bikes,True,Middle,50->59,Full time
Y24H6110329,Y24H6110329P02,Vehicle Passenger,Private,0–50,"$800-$999 ($41,600-$51,999)",2,Insufficient bikes,True,Middle,10->19,Student
Y24H6110338,Y24H6110338P01,Vehicle Driver,Private,0–50,"$1,250-$1,499 ($65,000-$77,999)",2,No bikes,True,Middle,30->39,Full time
Y24H6110504,Y24H6110504P01,Walking,Active,0–50,"$2,500-$2,999 ($130,000-$155,999)",3-4,No bikes,True,Outer,40->49,Part time
Y24H6110504,Y24H6110504P02,Vehicle Driver,Private,0–50,"$2,500-$2,999 ($130,000-$155,999)",3-4,No bikes,True,Outer,30->39,Full time
Y24H6110520,Y24H6110520P03,Vehicle Passenger,Private,0–50,"$3,500-$3,999 ($182,000-$207,999)",5+,Insufficient bikes,True,Outer,10->19,Student
Y24H6110533,Y24H6110533P01,Vehicle Driver,Private,0–50,"$1,750-$1,999 ($91,000-$103,999)",3-4,No bikes,True,Outer,30->39,Full time
Y24H6110541,Y24H6110541P01,Vehicle Driver,Private,0–50,"$1,500-$1,749 ($78,000-$90,999)",2,No bikes,True,Outer,20->29,Full time
Y24H6110541,Y24H6110541P01,Vehicle Driver,Private,0–50,"$1,500-$1,749 ($78,000-$90,999)",2,No bikes,True,Outer,20->29,Full time
Y24H6116103,Y24H6116103P01,Vehicle Driver,Private,0–50,"$3,500-$3,999 ($182,000-$207,999)",2,No bikes,True,Other,60->69,Full time
Y24H6116103,Y24H6116103P01,Vehicle Driver,Private,0–50,"$3,500-$3,999 ($182,000-$207,999)",2,No bikes,True,Other,60->69,Full time
Y24H6116109,Y24H6116109P01,Bicycle,Active,0–50,"$2,000-$2,499 ($104,000-$129,999)",2,Insufficient bikes,True,Other,70+,Part time
Y24H6116115,Y24H6116115P01,Vehicle Driver,Private,50–100,"$1,750-$1,999 ($91,000-$103,999)",1,No bikes,True,Other,70+,Full time
Y24H6116119,Y24H6116119P01,Walking,Active,0–50,"$150-$299 ($7,800-$15,599)",2,No bikes,True,Other,20->29,Full time
Y24H6116124,Y24H6116124P01,Vehicle Driver,Private,0–50,"$2,500-$2,999 ($130,000-$155,999)",2,Sufficient bikes,True,Other,40->49,Full time
Y24H6116125,Y24H6116125P01,Vehicle Driver,Private,50–100,0,1,No bikes,True,Other,60->69,Part time
Y24H6116136,Y24H6116136P01,Bicycle,Active,0–50,"$5,000-$5,999 ($260,000-$311,999)",3-4,No bikes,True,Other,50->59,Full time
Y24H6116136,Y24H6116136P01,Bicycle,Active,0–50,"$5,000-$5,999 ($260,000-$311,999)",3-4,No bikes,True,Other,50->59,Full time
Y24H6116136,Y24H6116136P02,Bicycle,Active,0–50,"$5,000-$5,999 ($260,000-$311,999)",3-4,No bikes,True,Other,50->59,Full time
Y24H6116136,Y24H6116136P02,Bicycle,Active,0–50,"$5,000-$5,999 ($260,000-$311,999)",3-4,No bikes,True,Other,50->59,Full time
Y24H6116139,Y24H6116139P02,Vehicle Driver,Private,0–50,"$2,000-$2,499 ($104,000-$129,999)",2,No bikes,True,Other,60->69,Part time
Y24H6116212,Y24H6116212P01,Vehicle Driver,Private,0–50,"$2,500-$2,999 ($130,000-$155,999)",1,Sufficient bikes,True,Other,50->59,Full time
Y24H6116218,Y24H6116218P01,Vehicle Driver,Private,0–50,"$650-$799 ($33,800-$41,599)",2,No bikes,True,Other,60->69,Part time
Y24H6116218,Y24H6116218P02,Vehicle Driver,Private,0–50,"$650-$799 ($33,800-$41,599)",2,No bikes,True,Other,60->69,Part time
Y24H6116219,Y24H6116219P01,Walking,Active,0–50,"$650-$799 ($33,800-$41,599)",1,Sufficient bikes,False,Other,50->59,Part time
Y24H6116234,Y24H6116234P02,Vehicle Driver,Private,50–100,"$2,000-$2,499 ($104,000-$129,999)",2,No bikes,True,Other,60->69,Part time
Y24H6120108,Y24H6120108P02,Vehicle Driver,Private,0–50,"$1,000-$1,249 ($52,000-$64,999)",2,No bikes,True,Outer,50->59,Full time
Y24H6120115,Y24H6120115P01,Vehicle Passenger,Private,0–50,"$2,000-$2,499 ($104,000-$129,999)",2,Insufficient bikes,True,Outer,20->29,Full time
Y24H6120116,Y24H6120116P01,Vehicle Driver,Private,0–50,"$800-$999 ($41,600-$51,999)",1,No bikes,True,Outer,70+,Full time
Y24H6120124,Y24H6120124P02,Vehicle Driver,Private,0–50,"$2,000-$2,499 ($104,000-$129,999)",3-4,No bikes,True,Outer,60->69,Full time
Y24H6120124,Y24H6120124P03,Vehicle Driver,Private,0–50,"$2,000-$2,499 ($104,000-$129,999)",3-4,No bikes,True,Outer,20->29,Full time
Y24H6120126,Y24H6120126P01,Vehicle Driver,Private,0–50,"$1,750-$1,999 ($91,000-$103,999)",1,Sufficient bikes,True,Outer,60->69,Part time
Y24H6120128,Y24H6120128P02,Vehicle Passenger,Private,0–50,"$1,250-$1,499 ($65,000-$77,999)",3-4,Insufficient bikes,True,Outer,30->39,Part time
Y24H6120142,Y24H6120142P03,Vehicle Passenger,Private,0–50,"$3,000-$3,499 ($156,000-$181,999)",3-4,Sufficient bikes,True,Outer,10->19,Student
Y24H6120202,Y24H6120202P02,Vehicle Driver,Private,0–50,"$5,000-$5,999 ($260,000-$311,999)",3-4,Insufficient bikes,True,Middle,40->49,Full time
Y24H6120209,Y24H6120209P01,Vehicle Driver,Private,0–50,"$1,250-$1,499 ($65,000-$77,999)",1,No bikes,True,Middle,60->69,Full time
Y24H6120211,Y24H6120211P01,Vehicle Driver,Private,0–50,"$650-$799 ($33,800-$41,599)",3-4,No bikes,True,Middle,30->39,Full time
Y24H6120219,Y24H6120219P02,Vehicle Driver,Private,0–50,"$1,750-$1,999 ($91,000-$103,999)",3-4,Insufficient bikes,True,Middle,30->39,Full time
Y24H6120225,Y24H6120225P01,Train,Public,0–50,"$3,500-$3,999 ($182,000-$207,999)",2,No bikes,True,Middle,30->39,Full time
Y24H6120225,Y24H6120225P02,Train,Public,0–50,"$3,500-$3,999 ($182,000-$207,999)",2,No bikes,True,Middle,20->29,Full time
Y24H6120234,Y24H6120234P01,Vehicle Driver,Private,0–50,"$3,500-$3,999 ($182,000-$207,999)",3-4,Sufficient bikes,True,Middle,50->59,Full time
Y24H6120234,Y24H6120234P03,Vehicle Driver,Private,0–50,"$3,500-$3,999 ($182,000-$207,999)",3-4,Sufficient bikes,True,Middle,20->29,Student
Y24H6120237,Y24H6120237P02,Train,Public,0–50,"$3,500-$3,999 ($182,000-$207,999)",3-4,Insufficient bikes,True,Middle,40->49,Full time
Y24H6120238,Y24H6120238P01,Train,Public,0–50,"$5,000-$5,999 ($260,000-$311,999)",3-4,Insufficient bikes,True,Middle,40->49,Full time
Y24H6120238,Y24H6120238P02,Train,Public,0–50,"$5,000-$5,999 ($260,000-$311,999)",3-4,Insufficient bikes,True,Middle,30->39,Part time
Y24H6120301,Y24H6120301P01,Train,Public,0–50,"$500-$649 ($26,000-$33,799)",2,No bikes,False,Inner,20->29,Part time
Y24H6120303,Y24H6120303P02,Walking,Active,0–50,"$6,000-$7,999 ($312,000-$415,999)",3-4,Sufficient bikes,True,Inner,50->59,Full time
Y24H6120303,Y24H6120303P03,Bicycle,Active,0–50,"$6,000-$7,999 ($312,000-$415,999)",3-4,Sufficient bikes,True,Inner,20->29,Full time
Y24H6120304,Y24H6120304P01,Vehicle Driver,Private,0–50,"$3,500-$3,999 ($182,000-$207,999)",1,No bikes,True,Inner,50->59,Full time
Y24H6120317,Y24H6120317P01,Train,Public,0–50,"$2,500-$2,999 ($130,000-$155,999)",3-4,Sufficient bikes,True,Inner,40->49,Full time
Y24H6120318,Y24H6120318P01,Vehicle Driver,Private,0–50,"$2,500-$2,999 ($130,000-$155,999)",3-4,No bikes,True,Inner,60->69,Part time
Y24H6120318,Y24H6120318P02,Vehicle Driver,Private,0–50,"$2,500-$2,999 ($130,000-$155,999)",3-4,No bikes,True,Inner,30->39,Part time
Y24H6120318,Y24H6120318P03,Tram,Public,0–50,"$2,500-$2,999 ($130,000-$155,999)",3-4,No bikes,True,Inner,20->29,Student
Y24H6120325,Y24H6120325P02,Walking,Active,0–50,"$3,000-$3,499 ($156,000-$181,999)",2,Insufficient bikes,True,Inner,60->69,Part time
Y24H6120329,Y24H6120329P01,Vehicle Passenger,Private,0–50,"$3,500-$3,999 ($182,000-$207,999)",2,No bikes,True,Inner,30->39,Full time
Y24H6120330,Y24H6120330P02,Vehicle Driver,Private,0–50,"$1,250-$1,499 ($65,000-$77,999)",2,Insufficient bikes,True,Inner,60->69,Part time
Y24H6120330,Y24H6120330P02,Vehicle Driver,Private,0–50,"$1,250-$1,499 ($65,000-$77,999)",2,Insufficient bikes,True,Inner,60->69,Part time
Y24H6120331,Y24H6120331P01,Train,Public,0–50,"$800-$999 ($41,600-$51,999)",2,No bikes,True,Inner,40->49,Part time
Y24H6120337,Y24H6120337P03,Tram,Public,0–50,"$2,500-$2,999 ($130,000-$155,999)",3-4,No bikes,True,Inner,30->39,Full time
Y24H6120339,Y24H6120339P01,Tram,Public,0–50,"$2,500-$2,999 ($130,000-$155,999)",2,Sufficient bikes,True,Inner,40->49,Full time
Y24H6120339,Y24H6120339P02,Tram,Public,0–50,"$2,500-$2,999 ($130,000-$155,999)",2,Sufficient bikes,True,Inner,40->49,Full time
Y24H6120416,Y24H6120416P01,Vehicle Driver,Private,0–50,"$2,000-$2,499 ($104,000-$129,999)",5+,No bikes,True,Outer,30->39,Full time
Y24H6120429,Y24H6120429P02,Vehicle Driver,Private,0–50,"$5,000-$5,999 ($260,000-$311,999)",3-4,Sufficient bikes,True,Outer,40->49,Full time
Y24H6120430,Y24H6120430P01,Vehicle Driver,Private,0–50,"$3,500-$3,999 ($182,000-$207,999)",3-4,No bikes,True,Outer,60->69,Full time
Y24H6120430,Y24H6120430P03,Vehicle Driver,Private,0–50,"$3,500-$3,999 ($182,000-$207,999)",3-4,No bikes,True,Outer,20->29,Full time
Y24H6120433,Y24H6120433P01,Vehicle Driver,Private,0–50,"$2,500-$2,999 ($130,000-$155,999)",1,Sufficient bikes,True,Outer,60->69,Full time
Y24H6126116,Y24H6126116P01,Vehicle Driver,Private,0–50,"$2,000-$2,499 ($104,000-$129,999)",5+,No bikes,True,Other,50->59,Part time
Y24H6126116,Y24H6126116P03,Public Bus,Public,0–50,"$2,000-$2,499 ($104,000-$129,999)",5+,No bikes,True,Other,10->19,Student
Y24H6126123,Y24H6126123P01,Vehicle Driver,Private,0–50,"$1,250-$1,499 ($65,000-$77,999)",2,No bikes,True,Other,50->59,Full time
Y24H6126227,Y24H6126227P01,Vehicle Driver,Private,0–50,"$3,000-$3,499 ($156,000-$181,999)",3-4,Insufficient bikes,True,Other,40->49,Full time
Y24H6126240,Y24H6126240P01,Vehicle Driver,Private,0–50,"$1,000-$1,249 ($52,000-$64,999)",5+,Insufficient bikes,True,Other,40->49,Part time
Y24H6130123,Y24H6130123P01,Vehicle Driver,Private,0–50,"$1,500-$1,749 ($78,000-$90,999)",3-4,Insufficient bikes,True,Middle,30->39,Full time
Y24H6130129,Y24H6130129P01,Vehicle Driver,Private,0–50,"$2,500-$2,999 ($130,000-$155,999)",1,No bikes,True,Middle,20->29,Full time
Y24H6130136,Y24H6130136P01,Train,Public,0–50,"$2,500-$2,999 ($130,000-$155,999)",1,No bikes,True,Middle,50->59,Full time
Y24H6130138,Y24H6130138P01,Vehicle Driver,Private,0–50,"$3,000-$3,499 ($156,000-$181,999)",1,No bikes,True,Middle,30->39,Full time
Y24H6130202,Y24H6130202P02,Train,Public,0–50,"$1,000-$1,249 ($52,000-$64,999)",2,No bikes,True,Outer,50->59,Full time
Y24H6130209,Y24H6130209P01,Vehicle Driver,Private,0–50,"$4,000-$4,499 ($208,000-$233,999)",5+,Insufficient bikes,True,Outer,40->49,Part time
Y24H6130209,Y24H6130209P02,Vehicle Driver,Private,0–50,"$4,000-$4,499 ($208,000-$233,999)",5+,Insufficient bikes,True,Outer,40->49,Full time
Y24H6130211,Y24H6130211P02,Vehicle Driver,Private,0–50,"$5,000-$5,999 ($260,000-$311,999)",3-4,Insufficient bikes,True,Outer,30->39,Full time
Y24H6130226,Y24H6130226P01,Vehicle Driver,Private,50–100,"$2,500-$2,999 ($130,000-$155,999)",3-4,Sufficient bikes,True,Outer,50->59,Full time
Y24H6130229,Y24H6130229P01,Vehicle Driver,Private,0–50,"$2,000-$2,499 ($104,000-$129,999)",3-4,No bikes,True,Outer,50->59,Full time
Y24H6130229,Y24H6130229P02,Vehicle Driver,Private,0–50,"$2,000-$2,499 ($104,000-$129,999)",3-4,No bikes,True,Outer,20->29,Part time
Y24H6130231,Y24H6130231P03,Vehicle Driver,Private,0–50,"$4,000-$4,499 ($208,000-$233,999)",5+,No bikes,True,Outer,40->49,Part time
Y24H6130231,Y24H6130231P04,Vehicle Driver,Private,0–50,"$4,000-$4,499 ($208,000-$233,999)",5+,No bikes,True,Outer,20->29,Full time
Y24H6130236,Y24H6130236P02,Vehicle Passenger,Private,0–50,"$4,500-$4,999 ($234,000-$259,999)",3-4,Insufficient bikes,True,Outer,40->49,Full time
Y24H6130237,Y24H6130237P01,Vehicle Driver,Private,0–50,"$3,000-$3,499 ($156,000-$181,999)",3-4,No bikes,True,Outer,60->69,Full time
Y24H6130237,Y24H6130237P03,Vehicle Driver,Private,0–50,"$3,000-$3,499 ($156,000-$181,999)",3-4,No bikes,True,Outer,30->39,Full time
Y24H6130238,Y24H6130238P02,Vehicle Driver,Private,0–50,"$2,000-$2,499 ($104,000-$129,999)",3-4,Insufficient bikes,True,Outer,40->49,Full time
Y24H6130331,Y24H6130331P01,Train,Public,0–50,"$1,250-$1,499 ($65,000-$77,999)",1,No bikes,True,Inner,20->29,Full time
Y24H6130401,Y24H6130401P01,Vehicle Driver,Private,0–50,"$2,000-$2,499 ($104,000-$129,999)",3-4,Insufficient bikes,True,Outer,20->29,Full time
Y24H6130401,Y24H6130401P02,Vehicle Driver,Private,0–50,"$2,000-$2,499 ($104,000-$129,999)",3-4,Insufficient bikes,True,Outer,20->29,Part time
Y24H6130402,Y24H6130402P01,Vehicle Driver,Private,0–50,"$2,500-$2,999 ($130,000-$155,999)",1,Sufficient bikes,True,Outer,60->69,Full time
Y24H6130408,Y24H6130408P02,Vehicle Driver,Private,0–50,"$4,500-$4,999 ($234,000-$259,999)",5+,No bikes,True,Outer,40->49,Full time
Y24H6130408,Y24H6130408P03,Vehicle Driver,Private,0–50,"$4,500-$4,999 ($234,000-$259,999)",5+,No bikes,True,Outer,20->29,Part time
Y24H6130408,Y24H6130408P04,Train,Public,0–50,"$4,500-$4,999 ($234,000-$259,999)",5+,No bikes,True,Outer,10->19,Part time
Y24H6130415,Y24H6130415P03,Vehicle Driver,Private,50–100,"$4,000-$4,499 ($208,000-$233,999)",3-4,No bikes,True,Outer,20->29,Full time
Y24H6130429,Y24H6130429P02,Train,Public,0–50,"$6,000-$7,999 ($312,000-$415,999)",5+,No bikes,True,Outer,40->49,Full time
Y24H6130436,Y24H6130436P01,Vehicle Driver,Private,0–50,"$3,000-$3,499 ($156,000-$181,999)",3-4,Insufficient bikes,True,Outer,40->49,Part time
Y24H6130436,Y24H6130436P03,Vehicle Driver,Private,0–50,"$3,000-$3,499 ($156,000-$181,999)",3-4,Insufficient bikes,True,Outer,20->29,Full time
Y24H6130436,Y24H6130436P04,Vehicle Passenger,Private,0–50,"$3,000-$3,499 ($156,000-$181,999)",3-4,Insufficient bikes,True,Outer,10->19,Student
Y24H6130438,Y24H6130438P01,Vehicle Driver,Private,0–50,"$3,000-$3,499 ($156,000-$181,999)",5+,Insufficient bikes,True,Outer,40->49,Part time
Y24H6136205,Y24H6136205P01,Vehicle Driver,Private,0–50,"$400-$499 ($20,800-$25,999)",3-4,Sufficient bikes,True,Other,30->39,Part time
Y24H6136209,Y24H6136209P01,Vehicle Driver,Private,0–50,"$800-$999 ($41,600-$51,999)",2,Sufficient bikes,True,Other,70+,Part time
Y24H6136210,Y24H6136210P02,Vehicle Driver,Private,0–50,"$4,000-$4,499 ($208,000-$233,999)",5+,Sufficient bikes,True,Other,30->39,Full time
Y24H6136221,Y24H6136221P01,Vehicle Driver,Private,0–50,"$400-$499 ($20,800-$25,999)",2,No bikes,True,Other,60->69,Full time
Y24H6136225,Y24H6136225P01,Vehicle Driver,Private,0–50,"$3,000-$3,499 ($156,000-$181,999)",3-4,No bikes,True,Other,50->59,Full time
Y24H6136225,Y24H6136225P01,Vehicle Driver,Private,0–50,"$3,000-$3,499 ($156,000-$181,999)",3-4,No bikes,True,Other,50->59,Full time
Y24H6136231,Y24H6136231P02,Vehicle Driver,Private,0–50,"$4,000-$4,499 ($208,000-$233,999)",3-4,No bikes,True,Other,50->59,Part time
Y24H6136236,Y24H6136236P01,Vehicle Driver,Private,0–50,"$2,500-$2,999 ($130,000-$155,999)",5+,Sufficient bikes,True,Other,50->59,Part time
Y24H6136236,Y24H6136236P02,Vehicle Driver,Private,0–50,"$2,500-$2,999 ($130,000-$155,999)",5+,Sufficient bikes,True,Other,40->49,Full time
Y24H6136237,Y24H6136237P01,Vehicle Driver,Private,50–100,"$4,000-$4,499 ($208,000-$233,999)",3-4,No bikes,True,Other,50->59,Full time
Y24H6136237,Y24H6136237P03,Vehicle Driver,Private,0–50,"$4,000-$4,499 ($208,000-$233,999)",3-4,No bikes,True,Other,20->29,Part time
Y24H6136237,Y24H6136237P04,Vehicle Driver,Private,0–50,"$4,000-$4,499 ($208,000-$233,999)",3-4,No bikes,True,Other,20->29,Full time
Y24H6136242,Y24H6136242P01,Vehicle Driver,Private,0–50,"$3,000-$3,499 ($156,000-$181,999)",3-4,Sufficient bikes,True,Other,50->59,Full time
Y24H6140202,Y24H6140202P02,Vehicle Driver,Private,0–50,"$6,000-$7,999 ($312,000-$415,999)",3-4,Insufficient bikes,True,Inner,40->49,Full time
Y24H6140204,Y24H6140204P02,Vehicle Driver,Private,0–50,"$8,000 or more ($416,000 or more)",5+,Insufficient bikes,True,Inner,60->69,Part time
Y24H6140204,Y24H6140204P03,Vehicle Driver,Private,0–50,"$8,000 or more ($416,000 or more)",5+,Insufficient bikes,True,Inner,30->39,Full time
Y24H6140204,Y24H6140204P04,Vehicle Driver,Private,0–50,"$8,000 or more ($416,000 or more)",5+,Insufficient bikes,True,Inner,30->39,Full time
Y24H6140205,Y24H6140205P02,Vehicle Driver,Private,0–50,"$3,000-$3,499 ($156,000-$181,999)",3-4,Sufficient bikes,True,Inner,40->49,Full time
Y24H6140210,Y24H6140210P01,Bicycle,Active,0–50,"$2,500-$2,999 ($130,000-$155,999)",2,Insufficient bikes,True,Inner,60->69,Full time
Y24H6140213,Y24H6140213P03,Vehicle Driver,Private,0–50,"$5,000-$5,999 ($260,000-$311,999)",3-4,Sufficient bikes,True,Inner,10->19,Part time
Y24H6140230,Y24H6140230P02,Vehicle Driver,Private,0–50,"$3,500-$3,999 ($182,000-$207,999)",3-4,Insufficient bikes,True,Inner,30->39,Full time
Y24H6140230,Y24H6140230P04,Vehicle Driver,Private,0–50,"$3,500-$3,999 ($182,000-$207,999)",3-4,Insufficient bikes,True,Inner,30->39,Part time
Y24H6140237,Y24H6140237P01,Vehicle Driver,Private,0–50,"$2,500-$2,999 ($130,000-$155,999)",3-4,Insufficient bikes,True,Inner,30->39,Full time
Y24H6140238,Y24H6140238P02,Vehicle Driver,Private,0–50,"$2,500-$2,999 ($130,000-$155,999)",2,No bikes,True,Inner,60->69,Full time
Y24H6140302,Y24H6140302P01,Vehicle Driver,Private,0–50,"$6,000-$7,999 ($312,000-$415,999)",5+,Insufficient bikes,True,Inner,40->49,Full time
Y24H6140302,Y24H6140302P02,Vehicle Driver,Private,0–50,"$6,000-$7,999 ($312,000-$415,999)",5+,Insufficient bikes,True,Inner,40->49,Full time
Y24H6140303,Y24H6140303P01,Walking,Active,0–50,"$5,000-$5,999 ($260,000-$311,999)",3-4,Insufficient bikes,True,Inner,40->49,Full time
Y24H6140329,Y24H6140329P01,Vehicle Driver,Private,0–50,"$6,000-$7,999 ($312,000-$415,999)",3-4,Sufficient bikes,True,Inner,40->49,Full time
Y24H6140330,Y24H6140330P01,Vehicle Driver,Private,0–50,"$6,000-$7,999 ($312,000-$415,999)",3-4,Sufficient bikes,True,Inner,40->49,Full time
Y24H6140330,Y24H6140330P02,Vehicle Driver,Private,0–50,"$6,000-$7,999 ($312,000-$415,999)",3-4,Sufficient bikes,True,Inner,40->49,Part time
Y24H6140333,Y24H6140333P02,Vehicle Driver,Private,0–50,"$4,500-$4,999 ($234,000-$259,999)",3-4,Insufficient bikes,True,Inner,60->69,Part time
Y24H6140337,Y24H6140337P01,Bicycle,Active,0–50,0,1,No bikes,True,Inner,60->69,Full time
Y24H6140401,Y24H6140401P01,Vehicle Driver,Private,0–50,"$1,000-$1,249 ($52,000-$64,999)",1,Sufficient bikes,True,Inner,60->69,Part time
Y24H6140413,Y24H6140413P01,Vehicle Driver,Private,0–50,"$2,000-$2,499 ($104,000-$129,999)",3-4,Insufficient bikes,True,Inner,40->49,Full time
Y24H6140413,Y24H6140413P02,Vehicle Passenger,Private,0–50,"$2,000-$2,499 ($104,000-$129,999)",3-4,Insufficient bikes,True,Inner,30->39,Full time
Y24H6140415,Y24H6140415P02,Tram,Public,0–50,"$2,500-$2,999 ($130,000-$155,999)",3-4,Insufficient bikes,False,Inner,40->49,Full time
Y24H6140418,Y24H6140418P01,Vehicle Driver,Private,0–50,"$1,000-$1,249 ($52,000-$64,999)",2,No bikes,True,Inner,60->69,Full time
Y24H6140418,Y24H6140418P02,Vehicle Driver,Private,0–50,"$1,000-$1,249 ($52,000-$64,999)",2,No bikes,True,Inner,50->59,Part time
Y24H6140419,Y24H6140419P01,Vehicle Driver,Private,0–50,"$4,000-$4,499 ($208,000-$233,999)",3-4,Insufficient bikes,True,Inner,20->29,Student
Y24H6140420,Y24H6140420P01,Vehicle Driver,Private,0–50,"$3,000-$3,499 ($156,000-$181,999)",2,No bikes,True,Inner,70+,Part time
Y24H6140421,Y24H6140421P03,Vehicle Passenger,Private,0–50,"$3,000-$3,499 ($156,000-$181,999)",3-4,Sufficient bikes,True,Inner,10->19,Student
Y24H6140424,Y24H6140424P01,Walking,Active,0–50,"$1,750-$1,999 ($91,000-$103,999)",1,Sufficient bikes,True,Inner,40->49,Full time
Y24H6140509,Y24H6140509P01,Vehicle Driver,Private,0–50,"$1,750-$1,999 ($91,000-$103,999)",1,Sufficient bikes,True,Outer,30->39,Full time
Y24H6140510,Y24H6140510P01,Train,Public,0–50,"$800-$999 ($41,600-$51,999)",1,Sufficient bikes,False,Outer,50->59,Full time
Y24H6140516,Y24H6140516P01,Vehicle Driver,Private,0–50,"$2,000-$2,499 ($104,000-$129,999)",2,Sufficient bikes,True,Outer,50->59,Full time
Y24H6140516,Y24H6140516P02,Vehicle Passenger,Private,0–50,"$2,000-$2,499 ($104,000-$129,999)",2,Sufficient bikes,True,Outer,40->49,Full time
Y24H6140522,Y24H6140522P01,Train,Public,0–50,"$1,750-$1,999 ($91,000-$103,999)",3-4,No bikes,True,Outer,30->39,Full time
Y24H6140522,Y24H6140522P03,Train,Public,0–50,"$1,750-$1,999 ($91,000-$103,999)",3-4,No bikes,True,Outer,20->29,Student
Y24H6140531,Y24H6140531P01,Vehicle Driver,Private,0–50,"$2,000-$2,499 ($104,000-$129,999)",3-4,No bikes,True,Outer,30->39,Full time
Y24H6140531,Y24H6140531P02,Vehicle Passenger,Private,0–50,"$2,000-$2,499 ($104,000-$129,999)",3-4,No bikes,True,Outer,20->29,Part time
Y24H6140531,Y24H6140531P03,Vehicle Passenger,Private,0–50,"$2,000-$2,499 ($104,000-$129,999)",3-4,No bikes,True,Outer,20->29,Full time
Y24H6140540,Y24H6140540P01,Train,Public,0–50,"$2,000-$2,499 ($104,000-$129,999)",2,No bikes,True,Outer,40->49,Full time
Y24H6140540,Y24H6140540P02,Vehicle Driver,Private,0–50,"$2,000-$2,499 ($104,000-$129,999)",2,No bikes,True,Outer,40->49,Full time
Y24H6146101,Y24H6146101P01,Vehicle Driver,Private,0–50,"$2,000-$2,499 ($104,000-$129,999)",3-4,No bikes,True,Other,50->59,Full time
Y24H6146108,Y24H6146108P01,Vehicle Driver,Private,150–200,"$1,000-$1,249 ($52,000-$64,999)",3-4,Insufficient bikes,True,Other,60->69,Full time
Y24H6146108,Y24H6146108P02,Vehicle Driver,Private,0–50,"$1,000-$1,249 ($52,000-$64,999)",3-4,Insufficient bikes,True,Other,50->59,Part time
Y24H6146112,Y24H6146112P01,Vehicle Driver,Private,0–50,"$1,250-$1,499 ($65,000-$77,999)",1,No bikes,True,Other,60->69,Part time
Y24H6146132,Y24H6146132P02,Vehicle Driver,Private,0–50,"$2,500-$2,999 ($130,000-$155,999)",2,No bikes,True,Other,60->69,Part time
Y24H6146137,Y24H6146137P01,Walking,Active,0–50,"$2,500-$2,999 ($130,000-$155,999)",3-4,No bikes,True,Other,50->59,Full time
Y24H6146137,Y24H6146137P02,Walking,Active,0–50,"$2,500-$2,999 ($130,000-$155,999)",3-4,No bikes,True,Other,40->49,Full time
Y24H6146140,Y24H6146140P02,Vehicle Passenger,Private,0–50,"$1,750-$1,999 ($91,000-$103,999)",3-4,No bikes,True,Other,40->49,Part time
Y24H6146203,Y24H6146203P01,Vehicle Driver,Private,0–50,"$4,000-$4,499 ($208,000-$233,999)",2,Sufficient bikes,True,Other,30->39,Full time
Y24H6146203,Y24H6146203P02,Vehicle Driver,Private,0–50,"$4,000-$4,499 ($208,000-$233,999)",2,Sufficient bikes,True,Other,30->39,Full time
Y24H6146204,Y24H6146204P01,Vehicle Driver,Private,0–50,"$4,000-$4,499 ($208,000-$233,999)",5+,Sufficient bikes,True,Other,40->49,Full time
Y24H6146204,Y24H6146204P02,Vehicle Driver,Private,0–50,"$4,000-$4,499 ($208,000-$233,999)",5+,Sufficient bikes,True,Other,40->49,Part time
Y24H6146209,Y24H6146209P01,Vehicle Driver,Private,0–50,"$5,000-$5,999 ($260,000-$311,999)",3-4,No bikes,True,Other,50->59,Part time
Y24H6146209,Y24H6146209P03,Vehicle Driver,Private,0–50,"$5,000-$5,999 ($260,000-$311,999)",3-4,No bikes,True,Other,20->29,Full time
Y24H6146210,Y24H6146210P01,Vehicle Driver,Private,0–50,"$1,000-$1,249 ($52,000-$64,999)",3-4,Sufficient bikes,True,Other,60->69,Full time
Y24H6146215,Y24H6146215P01,Walking,Active,0–50,"$3,000-$3,499 ($156,000-$181,999)",3-4,Insufficient bikes,True,Other,30->39,Full time
Y24H6146215,Y24H6146215P02,Vehicle Driver,Private,0–50,"$3,000-$3,499 ($156,000-$181,999)",3-4,Insufficient bikes,True,Other,30->39,Part time
Y24H6146220,Y24H6146220P02,Vehicle Driver,Private,0–50,"$2,000-$2,499 ($104,000-$129,999)",2,No bikes,True,Other,20->29,Full time
Y24H6146223,Y24H6146223P01,Walking,Active,0–50,"$3,000-$3,499 ($156,000-$181,999)",2,No bikes,True,Other,50->59,Full time
Y24H6146223,Y24H6146223P01,Walking,Active,0–50,"$3,000-$3,499 ($156,000-$181,999)",2,No bikes,True,Other,50->59,Full time
Y24H6146223,Y24H6146223P02,Vehicle Passenger,Private,0–50,"$3,000-$3,499 ($156,000-$181,999)",2,No bikes,True,Other,20->29,Part time
Y24H6146225,Y24H6146225P01,Walking,Active,0–50,"$4,500-$4,999 ($234,000-$259,999)",2,Sufficient bikes,True,Other,50->59,Full time
Y24H6146225,Y24H6146225P02,Walking,Active,0–50,"$4,500-$4,999 ($234,000-$259,999)",2,Sufficient bikes,True,Other,20->29,Full time
Y24H6150104,Y24H6150104P01,Vehicle Driver,Private,0–50,"$2,500-$2,999 ($130,000-$155,999)",5+,Sufficient bikes,True,Outer,30->39,Part time
Y24H6150108,Y24H6150108P01,Vehicle Driver,Private,0–50,"$1,250-$1,499 ($65,000-$77,999)",2,Sufficient bikes,True,Outer,40->49,Full time
Y24H6150115,Y24H6150115P01,Vehicle Driver,Private,0–50,"$2,000-$2,499 ($104,000-$129,999)",2,No bikes,True,Outer,50->59,Full time
Y24H6150115,Y24H6150115P02,Vehicle Driver,Private,0–50,"$2,000-$2,499 ($104,000-$129,999)",2,No bikes,True,Outer,50->59,Full time
Y24H6150119,Y24H6150119P01,Vehicle Driver,Private,0–50,"$1,250-$1,499 ($65,000-$77,999)",3-4,Insufficient bikes,True,Outer,20->29,Full time
Y24H6150119,Y24H6150119P02,Vehicle Driver,Private,0–50,"$1,250-$1,499 ($65,000-$77,999)",3-4,Insufficient bikes,True,Outer,20->29,Part time
Y24H6150119,Y24H6150119P02,Vehicle Driver,Private,0–50,"$1,250-$1,499 ($65,000-$77,999)",3-4,Insufficient bikes,True,Outer,20->29,Part time
Y24H6150123,Y24H6150123P02,Vehicle Driver,Private,0–50,"$1,250-$1,499 ($65,000-$77,999)",2,No bikes,True,Outer,60->69,Full time
Y24H6150124,Y24H6150124P01,Vehicle Driver,Private,0–50,"$3,500-$3,999 ($182,000-$207,999)",2,No bikes,True,Outer,60->69,Full time
Y24H6150125,Y24H6150125P01,Vehicle Driver,Private,50–100,"$3,500-$3,999 ($182,000-$207,999)",3-4,Sufficient bikes,True,Outer,40->49,Full time
Y24H6150125,Y24H6150125P02,Vehicle Driver,Private,0–50,"$3,500-$3,999 ($182,000-$207,999)",3-4,Sufficient bikes,True,Outer,40->49,Full time
Y24H6150131,Y24H6150131P02,Vehicle Driver,Private,0–50,0,2,No bikes,True,Outer,60->69,Part time
Y24H6150132,Y24H6150132P01,Vehicle Driver,Private,0–50,"$5,000-$5,999 ($260,000-$311,999)",2,Insufficient bikes,True,Outer,20->29,Full time
Y24H6150140,Y24H6150140P01,Train,Public,0–50,"$2,000-$2,499 ($104,000-$129,999)",2,Insufficient bikes,True,Outer,30->39,Part time
Y24H6150140,Y24H6150140P02,Vehicle Driver,Private,0–50,"$2,000-$2,499 ($104,000-$129,999)",2,Insufficient bikes,True,Outer,20->29,Full time
Y24H6150302,Y24H6150302P01,Bicycle,Active,0–50,"$2,500-$2,999 ($130,000-$155,999)",1,Sufficient bikes,False,Inner,40->49,Part time
Y24H6150303,Y24H6150303P01,Vehicle Driver,Private,0–50,"$5,000-$5,999 ($260,000-$311,999)",3-4,No bikes,True,Inner,50->59,Part time
Y24H6150303,Y24H6150303P02,Vehicle Driver,Private,0–50,"$5,000-$5,999 ($260,000-$311,999)",3-4,No bikes,True,Inner,50->59,Full time
Y24H6150303,Y24H6150303P03,Vehicle Driver,Private,0–50,"$5,000-$5,999 ($260,000-$311,999)",3-4,No bikes,True,Inner,20->29,Part time
Y24H6150305,Y24H6150305P01,Vehicle Driver,Private,0–50,"$3,500-$3,999 ($182,000-$207,999)",3-4,Insufficient bikes,True,Inner,50->59,Full time
Y24H6150305,Y24H6150305P03,Vehicle Driver,Private,0–50,"$3,500-$3,999 ($182,000-$207,999)",3-4,Insufficient bikes,True,Inner,20->29,Student
Y24H6150308,Y24H6150308P01,Vehicle Driver,Private,0–50,"$1,500-$1,749 ($78,000-$90,999)",2,Insufficient bikes,True,Inner,60->69,Part time
Y24H6150316,Y24H6150316P01,Vehicle Driver,Private,0–50,"$5,000-$5,999 ($260,000-$311,999)",2,No bikes,True,Inner,70+,Full time
Y24H6150322,Y24H6150322P02,Vehicle Driver,Private,0–50,"$3,500-$3,999 ($182,000-$207,999)",3-4,No bikes,True,Inner,30->39,Full time
Y24H6150331,Y24H6150331P02,Train,Public,0–50,0,2,Sufficient bikes,True,Inner,50->59,Full time
Y24H6150336,Y24H6150336P03,Train,Public,0–50,"$5,000-$5,999 ($260,000-$311,999)",3-4,No bikes,True,Inner,20->29,Full time
Y24H6150340,Y24H6150340P01,Vehicle Driver,Private,0–50,"$2,500-$2,999 ($130,000-$155,999)",1,No bikes,True,Inner,30->39,Full time
Y24H6150511,Y24H6150511P02,Vehicle Driver,Private,0–50,"$1,250-$1,499 ($65,000-$77,999)",2,No bikes,True,Outer,30->39,Part time
Y24H6150515,Y24H6150515P01,Vehicle Driver,Private,0–50,"$1,750-$1,999 ($91,000-$103,999)",1,Sufficient bikes,True,Outer,60->69,Full time
Y24H6150519,Y24H6150519P03,Vehicle Passenger,Private,0–50,"$650-$799 ($33,800-$41,599)",3-4,Sufficient bikes,True,Outer,10->19,Full time
Y24H6150522,Y24H6150522P02,Vehicle Driver,Private,0–50,"$1,500-$1,749 ($78,000-$90,999)",2,No bikes,True,Outer,60->69,Full time
Y24H6150524,Y24H6150524P01,Train,Public,0–50,"$1,250-$1,499 ($65,000-$77,999)",3-4,Insufficient bikes,True,Outer,60->69,Full time
Y24H6150524,Y24H6150524P02,Vehicle Driver,Private,0–50,"$1,250-$1,499 ($65,000-$77,999)",3-4,Insufficient bikes,True,Outer,20->29,Full time
Y24H6150524,Y24H6150524P03,Public Bus,Public,0–50,"$1,250-$1,499 ($65,000-$77,999)",3-4,Insufficient bikes,True,Outer,20->29,Part time
Y24H6150539,Y24H6150539P01,Train,Public,0–50,"$2,000-$2,499 ($104,000-$129,999)",3-4,Insufficient bikes,True,Outer,40->49,Full time
Y24H6156123,Y24H6156123P01,Vehicle Driver,Private,0–50,"$1,250-$1,499 ($65,000-$77,999)",2,No bikes,True,Other,20->29,Part time
Y24H6156123,Y24H6156123P02,Vehicle Passenger,Private,0–50,"$1,250-$1,499 ($65,000-$77,999)",2,No bikes,True,Other,20->29,Part time
Y24H6156124,Y24H6156124P01,Vehicle Driver,Private,0–50,"$650-$799 ($33,800-$41,599)",2,Sufficient bikes,True,Other,30->39,Part time
Y24H6156124,Y24H6156124P02,Walking,Active,0–50,"$650-$799 ($33,800-$41,599)",2,Sufficient bikes,True,Other,20->29,Full time
Y24H6156131,Y24H6156131P01,Vehicle Driver,Private,0–50,"$1,500-$1,749 ($78,000-$90,999)",1,No bikes,True,Other,60->69,Full time
Y24H6156131,Y24H6156131P01,Vehicle Driver,Private,0–50,"$1,500-$1,749 ($78,000-$90,999)",1,No bikes,True,Other,60->69,Full time
Y24H6156204,Y24H6156204P01,Walking,Active,0–50,"$650-$799 ($33,800-$41,599)",1,No bikes,False,Other,20->29,Student
Y24H6156205,Y24H6156205P01,Vehicle Driver,Private,0–50,"$1,250-$1,499 ($65,000-$77,999)",1,Sufficient bikes,True,Other,20->29,Full time
Y24H6156223,Y24H6156223P01,Vehicle Driver,Private,0–50,"$2,000-$2,499 ($104,000-$129,999)",3-4,Insufficient bikes,True,Other,50->59,Part time
Y24H6156223,Y24H6156223P02,Walking,Active,0–50,"$2,000-$2,499 ($104,000-$129,999)",3-4,Insufficient bikes,True,Other,20->29,Part time
Y24H6156229,Y24H6156229P01,Vehicle Driver,Private,0–50,"$800-$999 ($41,600-$51,999)",3-4,No bikes,True,Other,40->49,Part time
Y24H6156231,Y24H6156231P02,Vehicle Driver,Private,0–50,"$2,500-$2,999 ($130,000-$155,999)",3-4,No bikes,True,Other,50->59,Full time
Y24H6156231,Y24H6156231P03,Vehicle Driver,Private,0–50,"$2,500-$2,999 ($130,000-$155,999)",3-4,No bikes,True,Other,20->29,Full time
Y24H6156236,Y24H6156236P02,Bicycle,Active,0–50,"$3,500-$3,999 ($182,000-$207,999)",2,No bikes,True,Other,20->29,Full time
Y24H6156236,Y24H6156236P02,Vehicle Driver,Private,0–50,"$3,500-$3,999 ($182,000-$207,999)",2,No bikes,True,Other,20->29,Full time
Y24H6160108,Y24H6160108P01,Vehicle Driver,Private,0–50,"$6,000-$7,999 ($312,000-$415,999)",3-4,Sufficient bikes,True,Outer,40->49,Part time
Y24H6160108,Y24H6160108P02,Vehicle Driver,Private,0–50,"$6,000-$7,999 ($312,000-$415,999)",3-4,Sufficient bikes,True,Outer,40->49,Full time
Y24H6160208,Y24H6160208P01,Vehicle Driver,Private,0–50,"$4,000-$4,499 ($208,000-$233,999)",5+,Insufficient bikes,True,Middle,50->59,Part time
Y24H6160216,Y24H6160216P02,Vehicle Driver,Private,0–50,"$3,500-$3,999 ($182,000-$207,999)",2,No bikes,True,Middle,50->59,Full time
Y24H6160217,Y24H6160217P02,Vehicle Passenger,Private,0–50,"$3,000-$3,499 ($156,000-$181,999)",3-4,Sufficient bikes,True,Middle,60->69,Part time
Y24H6160222,Y24H6160222P01,Vehicle Driver,Private,0–50,"$1,500-$1,749 ($78,000-$90,999)",1,No bikes,True,Middle,50->59,Full time
Y24H6160233,Y24H6160233P04,Vehicle Driver,Private,0–50,"$6,000-$7,999 ($312,000-$415,999)",3-4,No bikes,True,Middle,30->39,Full time
Y24H6160310,Y24H6160310P01,Walking,Active,0–50,"$2,500-$2,999 ($130,000-$155,999)",1,Sufficient bikes,False,Inner,60->69,Part time
Y24H6160311,Y24H6160311P01,Vehicle Driver,Private,0–50,"$800-$999 ($41,600-$51,999)",1,No bikes,True,Inner,70+,Part time
Y24H6160401,Y24H6160401P01,Vehicle Driver,Private,0–50,"$800-$999 ($41,600-$51,999)",1,No bikes,True,Outer,60->69,Full time
Y24H6160404,Y24H6160404P01,Vehicle Driver,Private,0–50,"$800-$999 ($41,600-$51,999)",2,No bikes,True,Outer,70+,Part time
Y24H6160417,Y24H6160417P01,Vehicle Driver,Private,0–50,"$1,000-$1,249 ($52,000-$64,999)",2,No bikes,True,Outer,50->59,Full time
Y24H6160430,Y24H6160430P01,Vehicle Driver,Private,0–50,"$800-$999 ($41,600-$51,999)",1,No bikes,True,Outer,60->69,Full time
Y24H6160432,Y24H6160432P02,Train,Public,0–50,"$2,500-$2,999 ($130,000-$155,999)",3-4,Insufficient bikes,True,Outer,40->49,Full time
Y24H6160436,Y24H6160436P03,Train,Public,0–50,"$4,000-$4,499 ($208,000-$233,999)",5+,Insufficient bikes,True,Outer,30->39,Full time
Y24H6170117,Y24H6170117P03,Vehicle Driver,Private,0–50,"$2,000-$2,499 ($104,000-$129,999)",3-4,No bikes,True,Outer,40->49,Part time
Y24H6170123,Y24H6170123P01,Vehicle Driver,Private,0–50,"$2,500-$2,999 ($130,000-$155,999)",3-4,No bikes,True,Outer,40->49,Full time
Y24H6170123,Y24H6170123P02,Vehicle Driver,Private,0–50,"$2,500-$2,999 ($130,000-$155,999)",3-4,No bikes,True,Outer,20->29,Student
Y24H6170124,Y24H6170124P02,Walking,Active,0–50,"$2,500-$2,999 ($130,000-$155,999)",3-4,Insufficient bikes,True,Outer,30->39,Part time
Y24H6170129,Y24H6170129P01,Vehicle Driver,Private,50–100,"$1,500-$1,749 ($78,000-$90,999)",2,Sufficient bikes,True,Outer,60->69,Part time
Y24H6170129,Y24H6170129P02,Vehicle Driver,Private,0–50,"$1,500-$1,749 ($78,000-$90,999)",2,Sufficient bikes,True,Outer,60->69,Part time
Y24H6170301,Y24H6170301P02,Vehicle Driver,Private,0–50,"$6,000-$7,999 ($312,000-$415,999)",3-4,No bikes,True,Inner,40->49,Full time
Y24H6170303,Y24H6170303P01,Train,Public,0–50,"$2,000-$2,499 ($104,000-$129,999)",2,No bikes,True,Inner,30->39,Full time
Y24H6170303,Y24H6170303P02,Vehicle Driver,Private,0–50,"$2,000-$2,499 ($104,000-$129,999)",2,No bikes,True,Inner,20->29,Full time
Y24H6170308,Y24H6170308P02,Vehicle Driver,Private,0–50,"$5,000-$5,999 ($260,000-$311,999)",5+,Sufficient bikes,True,Inner,40->49,Full time
Y24H6170309,Y24H6170309P02,Vehicle Driver,Private,0–50,"$3,000-$3,499 ($156,000-$181,999)",2,No bikes,True,Inner,20->29,Full time
Y24H6170311,Y24H6170311P01,Train,Public,0–50,"$800-$999 ($41,600-$51,999)",2,No bikes,True,Inner,20->29,Full time
Y24H6170311,Y24H6170311P02,Walking,Active,0–50,"$800-$999 ($41,600-$51,999)",2,No bikes,True,Inner,20->29,Full time
Y24H6170315,Y24H6170315P02,Vehicle Driver,Private,0–50,"$1,000-$1,249 ($52,000-$64,999)",3-4,Sufficient bikes,True,Inner,60->69,Part time
Y24H6170317,Y24H6170317P01,Train,Public,0–50,"$1,250-$1,499 ($65,000-$77,999)",2,No bikes,True,Inner,50->59,Full time
Y24H6170319,Y24H6170319P02,Train,Public,0–50,"$4,000-$4,499 ($208,000-$233,999)",3-4,Sufficient bikes,True,Inner,40->49,Full time
Y24H6170322,Y24H6170322P01,Vehicle Driver,Private,0–50,"$500-$649 ($26,000-$33,799)",1,No bikes,True,Inner,40->49,Full time
Y24H6170323,Y24H6170323P01,Vehicle Driver,Private,0–50,"$1,500-$1,749 ($78,000-$90,999)",1,No bikes,True,Inner,30->39,Full time
Y24H6170324,Y24H6170324P01,Vehicle Driver,Private,0–50,"$3,000-$3,499 ($156,000-$181,999)",2,No bikes,True,Inner,30->39,Full time
Y24H6170324,Y24H6170324P02,Train,Public,0–50,"$3,000-$3,499 ($156,000-$181,999)",2,No bikes,True,Inner,30->39,Part time
Y24H6170332,Y24H6170332P01,Vehicle Driver,Private,0–50,"$1,750-$1,999 ($91,000-$103,999)",1,No bikes,True,Inner,20->29,Full time
Y24H6170409,Y24H6170409P01,Motorcycle,Private,0–50,"$3,500-$3,999 ($182,000-$207,999)",1,Sufficient bikes,True,Inner,40->49,Full time
Y24H6170410,Y24H6170410P01,Tram,Public,0–50,"$3,500-$3,999 ($182,000-$207,999)",2,Insufficient bikes,True,Inner,20->29,Full time
Y24H6170411,Y24H6170411P01,Tram,Public,0–50,"$1,000-$1,249 ($52,000-$64,999)",1,No bikes,False,Inner,60->69,Full time
Y24H6170415,Y24H6170415P02,Vehicle Driver,Private,0–50,"$4,000-$4,499 ($208,000-$233,999)",3-4,Sufficient bikes,True,Inner,30->39,Full time
Y24H6170424,Y24H6170424P02,Tram,Public,0–50,"$3,000-$3,499 ($156,000-$181,999)",2,No bikes,True,Inner,20->29,Full time
Y24H6170426,Y24H6170426P01,Taxi / Rideshare,Private,0–50,"$2,500-$2,999 ($130,000-$155,999)",1,No bikes,True,Inner,30->39,Full time
Y24H6170432,Y24H6170432P01,Vehicle Driver,Private,0–50,"$1,000-$1,249 ($52,000-$64,999)",3-4,Sufficient bikes,True,Inner,50->59,Part time
Y24H6170434,Y24H6170434P01,Walking,Active,0–50,"$1,000-$1,249 ($52,000-$64,999)",2,Sufficient bikes,False,Inner,40->49,Part time
Y24H6170436,Y24H6170436P01,Vehicle Driver,Private,50–100,"$1,750-$1,999 ($91,000-$103,999)",1,Sufficient bikes,True,Inner,40->49,Full time
Y24H6170438,Y24H6170438P01,Tram,Public,0–50,"$1,250-$1,499 ($65,000-$77,999)",2,Sufficient bikes,True,Inner,30->39,Full time
Y24H6180101,Y24H6180101P01,Vehicle Driver,Private,0–50,"$1,750-$1,999 ($91,000-$103,999)",3-4,No bikes,True,Outer,40->49,Full time
Y24H6180103,Y24H6180103P03,Vehicle Driver,Private,0–50,"$4,500-$4,999 ($234,000-$259,999)",5+,No bikes,True,Outer,40->49,Full time
Y24H6180104,Y24H6180104P04,Vehicle Driver,Private,50–100,"$3,000-$3,499 ($156,000-$181,999)",3-4,No bikes,True,Outer,20->29,Full time
Y24H6180109,Y24H6180109P01,Vehicle Driver,Private,0–50,"$4,000-$4,499 ($208,000-$233,999)",5+,No bikes,True,Outer,60->69,Part time
Y24H6180109,Y24H6180109P03,Vehicle Driver,Private,0–50,"$4,000-$4,499 ($208,000-$233,999)",5+,No bikes,True,Outer,20->29,Full time
Y24H6180109,Y24H6180109P04,Train,Public,0–50,"$4,000-$4,499 ($208,000-$233,999)",5+,No bikes,True,Outer,20->29,Full time
Y24H6180109,Y24H6180109P06,Vehicle Driver,Private,0–50,"$4,000-$4,499 ($208,000-$233,999)",5+,No bikes,True,Outer,20->29,Full time
Y24H6180116,Y24H6180116P02,Vehicle Driver,Private,0–50,"$1,000-$1,249 ($52,000-$64,999)",2,No bikes,True,Outer,60->69,Part time
Y24H6180118,Y24H6180118P01,Vehicle Driver,Private,0–50,"$1,750-$1,999 ($91,000-$103,999)",2,No bikes,True,Outer,50->59,Full time
Y24H6180123,Y24H6180123P02,Vehicle Passenger,Private,0–50,"$3,000-$3,499 ($156,000-$181,999)",2,No bikes,True,Outer,20->29,Full time
Y24H6180126,Y24H6180126P01,Vehicle Driver,Private,0–50,"$4,500-$4,999 ($234,000-$259,999)",2,No bikes,True,Outer,40->49,Student
Y24H6180138,Y24H6180138P01,Vehicle Driver,Private,0–50,"$1,250-$1,499 ($65,000-$77,999)",2,No bikes,True,Outer,30->39,Full time
Y24H6180203,Y24H6180203P01,Vehicle Driver,Private,0–50,"$4,000-$4,499 ($208,000-$233,999)",3-4,Sufficient bikes,True,Outer,40->49,Full time
Y24H6180205,Y24H6180205P01,Vehicle Driver,Private,0–50,"$2,500-$2,999 ($130,000-$155,999)",1,Sufficient bikes,True,Outer,50->59,Full time
Y24H6180209,Y24H6180209P01,Vehicle Driver,Private,0–50,"$1,750-$1,999 ($91,000-$103,999)",2,No bikes,True,Outer,60->69,Full time
Y24H6180210,Y24H6180210P01,Train,Public,0–50,"$1,250-$1,499 ($65,000-$77,999)",2,Sufficient bikes,True,Outer,30->39,Full time
Y24H6180217,Y24H6180217P01,Vehicle Driver,Private,0–50,"$4,000-$4,499 ($208,000-$233,999)",3-4,Sufficient bikes,True,Outer,50->59,Full time
Y24H6180217,Y24H6180217P03,Vehicle Driver,Private,50–100,"$4,000-$4,499 ($208,000-$233,999)",3-4,Sufficient bikes,True,Outer,20->29,Full time
Y24H6180218,Y24H6180218P01,Vehicle Driver,Private,0–50,"$5,000-$5,999 ($260,000-$311,999)",2,Sufficient bikes,True,Outer,30->39,Full time
Y24H6180219,Y24H6180219P01,Vehicle Driver,Private,0–50,"$2,000-$2,499 ($104,000-$129,999)",2,No bikes,True,Outer,50->59,Part time
Y24H6180219,Y24H6180219P02,Vehicle Driver,Private,0–50,"$2,000-$2,499 ($104,000-$129,999)",2,No bikes,True,Outer,50->59,Full time
Y24H6180220,Y24H6180220P01,Vehicle Driver,Private,0–50,"$3,000-$3,499 ($156,000-$181,999)",2,No bikes,True,Outer,50->59,Full time
Y24H6180224,Y24H6180224P01,Vehicle Driver,Private,0–50,"$800-$999 ($41,600-$51,999)",2,No bikes,True,Outer,60->69,Part time
Y24H6180225,Y24H6180225P01,Vehicle Driver,Private,0–50,"$3,000-$3,499 ($156,000-$181,999)",2,Sufficient bikes,True,Outer,30->39,Full time
Y24H6180225,Y24H6180225P02,Vehicle Driver,Private,0–50,"$3,000-$3,499 ($156,000-$181,999)",2,Sufficient bikes,True,Outer,30->39,Full time
Y24H6180227,Y24H6180227P01,Vehicle Driver,Private,0–50,"$3,500-$3,999 ($182,000-$207,999)",3-4,Insufficient bikes,True,Outer,40->49,Part time
Y24H6180227,Y24H6180227P03,Public Bus,Public,0–50,"$3,500-$3,999 ($182,000-$207,999)",3-4,Insufficient bikes,True,Outer,10->19,Student
Y24H6180237,Y24H6180237P01,Vehicle Driver,Private,0–50,"$3,000-$3,499 ($156,000-$181,999)",3-4,Sufficient bikes,True,Outer,50->59,Full time
Y24H6180237,Y24H6180237P02,Vehicle Driver,Private,0–50,"$3,000-$3,499 ($156,000-$181,999)",3-4,Sufficient bikes,True,Outer,40->49,Full time
Y24H6180409,Y24H6180409P01,Train,Public,0–50,"$1,750-$1,999 ($91,000-$103,999)",2,Insufficient bikes,True,Inner,30->39,Full time
Y24H6180410,Y24H6180410P01,Vehicle Driver,Private,0–50,"$800-$999 ($41,600-$51,999)",3-4,Sufficient bikes,True,Inner,50->59,Part time
Y24H6180410,Y24H6180410P02,Train,Public,0–50,"$800-$999 ($41,600-$51,999)",3-4,Sufficient bikes,True,Inner,50->59,Full time
Y24H6180428,Y24H6180428P01,Vehicle Driver,Private,0–50,"$2,500-$2,999 ($130,000-$155,999)",1,No bikes,True,Middle,30->39,Full time
Y24H6180430,Y24H6180430P01,Train,Public,0–50,"$3,000-$3,499 ($156,000-$181,999)",2,Insufficient bikes,True,Middle,30->39,Full time
Y24H6180430,Y24H6180430P02,Train,Public,0–50,"$3,000-$3,499 ($156,000-$181,999)",2,Insufficient bikes,True,Middle,30->39,Full time
Y24H6180509,Y24H6180509P01,Vehicle Driver,Private,0–50,"$150-$299 ($7,800-$15,599)",5+,Insufficient bikes,True,Middle,50->59,Full time
Y24H6180509,Y24H6180509P02,Vehicle Driver,Private,0–50,"$150-$299 ($7,800-$15,599)",5+,Insufficient bikes,True,Middle,40->49,Full time
Y24H6180509,Y24H6180509P03,Motorcycle,Private,0–50,"$150-$299 ($7,800-$15,599)",5+,Insufficient bikes,True,Middle,30->39,Full time
Y24H6180510,Y24H6180510P02,Vehicle Driver,Private,0–50,"$1,500-$1,749 ($78,000-$90,999)",3-4,Insufficient bikes,True,Middle,20->29,Part time
Y24H6180515,Y24H6180515P01,Vehicle Driver,Private,0–50,"$4,000-$4,499 ($208,000-$233,999)",3-4,Insufficient bikes,True,Middle,60->69,Full time
Y24H6180515,Y24H6180515P02,Vehicle Driver,Private,0–50,"$4,000-$4,499 ($208,000-$233,999)",3-4,Insufficient bikes,True,Middle,50->59,Full time
Y24H6180518,Y24H6180518P01,Vehicle Driver,Private,0–50,"$1,000-$1,249 ($52,000-$64,999)",1,No bikes,True,Middle,60->69,Full time
Y24H6180523,Y24H6180523P01,Vehicle Driver,Private,50–100,"$5,000-$5,999 ($260,000-$311,999)",2,No bikes,True,Middle,30->39,Full time
Y24H6180523,Y24H6180523P02,Vehicle Driver,Private,0–50,"$5,000-$5,999 ($260,000-$311,999)",2,No bikes,True,Middle,30->39,Full time
Y24H6180524,Y24H6180524P02,Vehicle Driver,Private,0–50,"$3,000-$3,499 ($156,000-$181,999)",2,No bikes,True,Middle,50->59,Full time
Y24H6180529,Y24H6180529P01,Vehicle Driver,Private,0–50,"$5,000-$5,999 ($260,000-$311,999)",3-4,Insufficient bikes,True,Middle,50->59,Full time
Y24H6180529,Y24H6180529P02,Vehicle Driver,Private,0–50,"$5,000-$5,999 ($260,000-$311,999)",3-4,Insufficient bikes,True,Middle,20->29,Full time
Y24H6180529,Y24H6180529P03,Vehicle Driver,Private,0–50,"$5,000-$5,999 ($260,000-$311,999)",3-4,Insufficient bikes,True,Middle,10->19,Part time
Y24H6180536,Y24H6180536P02,Vehicle Driver,Private,0–50,"$3,500-$3,999 ($182,000-$207,999)",5+,No bikes,True,Middle,30->39,Full time
Y24H6190108,Y24H6190108P01,Vehicle Driver,Private,0–50,"$800-$999 ($41,600-$51,999)",1,No bikes,True,Outer,50->59,Full time
Y24H6190110,Y24H6190110P01,Vehicle Driver,Private,50–100,"$3,500-$3,999 ($182,000-$207,999)",2,Insufficient bikes,True,Outer,50->59,Full time
Y24H6190115,Y24H6190115P01,Vehicle Driver,Private,0–50,"$1,750-$1,999 ($91,000-$103,999)",1,Sufficient bikes,True,Outer,40->49,Full time
Y24H6190117,Y24H6190117P01,Vehicle Driver,Private,0–50,"$1,250-$1,499 ($65,000-$77,999)",3-4,Insufficient bikes,True,Outer,40->49,Part time
Y24H6190118,Y24H6190118P01,Vehicle Driver,Private,0–50,"$3,000-$3,499 ($156,000-$181,999)",3-4,Sufficient bikes,True,Outer,50->59,Part time
Y24H6190118,Y24H6190118P02,Vehicle Driver,Private,100–150,"$3,000-$3,499 ($156,000-$181,999)",3-4,Sufficient bikes,True,Outer,50->59,Full time
Y24H6190122,Y24H6190122P01,Vehicle Driver,Private,0–50,"$2,000-$2,499 ($104,000-$129,999)",3-4,Sufficient bikes,True,Outer,50->59,Full time
Y24H6190124,Y24H6190124P01,Vehicle Driver,Private,0–50,"$2,000-$2,499 ($104,000-$129,999)",2,Sufficient bikes,True,Outer,60->69,Full time
Y24H6190130,Y24H6190130P01,Vehicle Driver,Private,0–50,"$3,000-$3,499 ($156,000-$181,999)",3-4,No bikes,True,Outer,60->69,Full time
Y24H6190132,Y24H6190132P01,Vehicle Driver,Private,0–50,"$5,000-$5,999 ($260,000-$311,999)",3-4,Sufficient bikes,True,Outer,40->49,Part time
Y24H6190132,Y24H6190132P02,Vehicle Driver,Private,50–100,"$5,000-$5,999 ($260,000-$311,999)",3-4,Sufficient bikes,True,Outer,30->39,Full time
Y24H6190136,Y24H6190136P01,Vehicle Driver,Private,0–50,"$2,000-$2,499 ($104,000-$129,999)",2,Sufficient bikes,True,Outer,50->59,Full time
Y24H6190138,Y24H6190138P02,Vehicle Driver,Private,0–50,"$2,500-$2,999 ($130,000-$155,999)",2,Sufficient bikes,True,Outer,30->39,Part time
Y24H6190139,Y24H6190139P01,Vehicle Driver,Private,50–100,"$3,500-$3,999 ($182,000-$207,999)",3-4,No bikes,True,Outer,50->59,Full time
Y24H6190139,Y24H6190139P02,Vehicle Driver,Private,0–50,"$3,500-$3,999 ($182,000-$207,999)",3-4,No bikes,True,Outer,40->49,Full time
Y24H6190212,Y24H6190212P02,Vehicle Driver,Private,0–50,"$4,500-$4,999 ($234,000-$259,999)",2,No bikes,True,Middle,60->69,Part time
Y24H6190214,Y24H6190214P03,Vehicle Driver,Private,0–50,"$3,000-$3,499 ($156,000-$181,999)",3-4,Insufficient bikes,True,Middle,20->29,Student
Y24H6190219,Y24H6190219P02,Vehicle Driver,Private,0–50,"$1,000-$1,249 ($52,000-$64,999)",3-4,No bikes,True,Middle,60->69,Full time
Y24H6190222,Y24H6190222P01,Vehicle Driver,Private,0–50,"$1,000-$1,249 ($52,000-$64,999)",2,Sufficient bikes,True,Middle,70+,Part time
Y24H6190222,Y24H6190222P01,Vehicle Driver,Private,0–50,"$1,000-$1,249 ($52,000-$64,999)",2,Sufficient bikes,True,Middle,70+,Part time
Y24H6190226,Y24H6190226P02,Vehicle Driver,Private,0–50,"$1,250-$1,499 ($65,000-$77,999)",3-4,Insufficient bikes,True,Middle,30->39,Full time
Y24H6190229,Y24H6190229P02,Vehicle Driver,Private,0–50,"$2,500-$2,999 ($130,000-$155,999)",3-4,Insufficient bikes,True,Middle,30->39,Part time
Y24H6190232,Y24H6190232P01,Bicycle,Active,0–50,"$5,000-$5,999 ($260,000-$311,999)",2,Sufficient bikes,True,Middle,50->59,Full time
Y24H6190239,Y24H6190239P01,Tram,Public,0–50,"$3,500-$3,999 ($182,000-$207,999)",3-4,Insufficient bikes,True,Middle,50->59,Full time
Y24H6190241,Y24H6190241P01,Vehicle Driver,Private,0–50,"$1,500-$1,749 ($78,000-$90,999)",2,Sufficient bikes,True,Middle,60->69,Full time
Y24H6190302,Y24H6190302P02,Vehicle Driver,Private,0–50,"$3,500-$3,999 ($182,000-$207,999)",2,No bikes,True,Middle,50->59,Full time
Y24H6190304,Y24H6190304P01,Train,Public,0–50,"$3,500-$3,999 ($182,000-$207,999)",5+,No bikes,True,Middle,40->49,Full time
Y24H6190304,Y24H6190304P03,Walking,Active,0–50,"$3,500-$3,999 ($182,000-$207,999)",5+,No bikes,True,Middle,10->19,Student
Y24H6190315,Y24H6190315P01,Vehicle Driver,Private,0–50,"$4,000-$4,499 ($208,000-$233,999)",3-4,Insufficient bikes,True,Middle,50->59,Full time
Y24H6190315,Y24H6190315P02,Vehicle Driver,Private,0–50,"$4,000-$4,499 ($208,000-$233,999)",3-4,Insufficient bikes,True,Middle,50->59,Full time
Y24H6190319,Y24H6190319P02,Vehicle Driver,Private,0–50,"$4,500-$4,999 ($234,000-$259,999)",3-4,No bikes,True,Middle,30->39,Full time
Y24H6190322,Y24H6190322P01,Vehicle Driver,Private,0–50,"$650-$799 ($33,800-$41,599)",1,No bikes,True,Middle,30->39,Part time
Y24H6190331,Y24H6190331P01,Train,Public,0–50,"$6,000-$7,999 ($312,000-$415,999)",3-4,Insufficient bikes,True,Middle,40->49,Full time
Y24H6190404,Y24H6190404P01,Vehicle Driver,Private,0–50,"$1,250-$1,499 ($65,000-$77,999)",1,No bikes,True,Middle,60->69,Full time
Y24H6190408,Y24H6190408P01,Vehicle Driver,Private,0–50,"$5,000-$5,999 ($260,000-$311,999)",2,No bikes,True,Middle,30->39,Full time
Y24H6190408,Y24H6190408P02,Vehicle Driver,Private,0–50,"$5,000-$5,999 ($260,000-$311,999)",2,No bikes,True,Middle,30->39,Full time
Y24H6200105,Y24H6200105P01,Vehicle Driver,Private,0–50,"$4,500-$4,999 ($234,000-$259,999)",2,No bikes,True,Outer,50->59,Full time
Y24H6200105,Y24H6200105P02,Vehicle Driver,Private,50–100,"$4,500-$4,999 ($234,000-$259,999)",2,No bikes,True,Outer,40->49,Full time
Y24H6200110,Y24H6200110P01,Vehicle Driver,Private,0–50,"$1,500-$1,749 ($78,000-$90,999)",2,No bikes,True,Outer,60->69,Full time
Y24H6200110,Y24H6200110P02,Vehicle Driver,Private,0–50,"$1,500-$1,749 ($78,000-$90,999)",2,No bikes,True,Outer,50->59,Full time
Y24H6200116,Y24H6200116P01,Vehicle Driver,Private,0–50,"$400-$499 ($20,800-$25,999)",2,Sufficient bikes,True,Outer,50->59,Part time
Y24H6200126,Y24H6200126P01,Vehicle Driver,Private,50–100,"$2,000-$2,499 ($104,000-$129,999)",2,No bikes,True,Outer,50->59,Full time
Y24H6200136,Y24H6200136P01,Vehicle Driver,Private,0–50,"$2,000-$2,499 ($104,000-$129,999)",2,Sufficient bikes,True,Outer,60->69,Full time
Y24H6200139,Y24H6200139P01,Vehicle Driver,Private,0–50,"$1,000-$1,249 ($52,000-$64,999)",1,No bikes,True,Outer,20->29,Part time
Y24H6200304,Y24H6200304P01,Vehicle Driver,Private,0–50,"$300-$399 ($15,600-$20,799)",3-4,Insufficient bikes,True,Middle,40->49,Part time
Y24H6200309,Y24H6200309P01,Vehicle Driver,Private,0–50,"$3,500-$3,999 ($182,000-$207,999)",3-4,No bikes,True,Middle,40->49,Full time
Y24H6200309,Y24H6200309P02,Vehicle Driver,Private,0–50,"$3,500-$3,999 ($182,000-$207,999)",3-4,No bikes,True,Middle,40->49,Full time
Y24H6200311,Y24H6200311P01,Motorcycle,Private,0–50,"$3,000-$3,499 ($156,000-$181,999)",5+,Insufficient bikes,True,Middle,50->59,Full time
Y24H6200311,Y24H6200311P05,Vehicle Passenger,Private,0–50,"$3,000-$3,499 ($156,000-$181,999)",5+,Insufficient bikes,True,Middle,10->19,Student
Y24H6200313,Y24H6200313P02,Vehicle Driver,Private,0–50,"$300-$399 ($15,600-$20,799)",2,Insufficient bikes,True,Middle,20->29,Part time
Y24H6200316,Y24H6200316P02,Vehicle Driver,Private,0–50,"$2,500-$2,999 ($130,000-$155,999)",2,No bikes,True,Middle,50->59,Full time
Y24H6200318,Y24H6200318P01,Vehicle Driver,Private,0–50,"$6,000-$7,999 ($312,000-$415,999)",3-4,Sufficient bikes,True,Middle,40->49,Full time
Y24H6200318,Y24H6200318P02,Vehicle Driver,Private,0–50,"$6,000-$7,999 ($312,000-$415,999)",3-4,Sufficient bikes,True,Middle,40->49,Full time
Y24H6200323,Y24H6200323P02,Vehicle Driver,Private,0–50,"$6,000-$7,999 ($312,000-$415,999)",3-4,Sufficient bikes,True,Middle,40->49,Full time
Y24H6200324,Y24H6200324P01,Vehicle Driver,Private,0–50,"$5,000-$5,999 ($260,000-$311,999)",2,No bikes,True,Middle,60->69,Full time
Y24H6200326,Y24H6200326P01,Vehicle Driver,Private,0–50,"$3,500-$3,999 ($182,000-$207,999)",1,No bikes,True,Middle,60->69,Full time
Y24H6200330,Y24H6200330P02,Train,Public,0–50,"$1,750-$1,999 ($91,000-$103,999)",2,No bikes,True,Middle,30->39,Full time
Y24H6200331,Y24H6200331P01,Train,Public,0–50,"$3,500-$3,999 ($182,000-$207,999)",3-4,Insufficient bikes,True,Middle,50->59,Full time
Y24H6200331,Y24H6200331P02,Vehicle Driver,Private,0–50,"$3,500-$3,999 ($182,000-$207,999)",3-4,Insufficient bikes,True,Middle,50->59,Part time
Y24H6200331,Y24H6200331P03,Vehicle Driver,Private,0–50,"$3,500-$3,999 ($182,000-$207,999)",3-4,Insufficient bikes,True,Middle,20->29,Student
Y24H6200333,Y24H6200333P01,Vehicle Driver,Private,0–50,"$300-$399 ($15,600-$20,799)",3-4,Insufficient bikes,True,Middle,50->59,Part time
Y24H6200333,Y24H6200333P02,Vehicle Driver,Private,0–50,"$300-$399 ($15,600-$20,799)",3-4,Insufficient bikes,True,Middle,50->59,Full time
Y24H6200333,Y24H6200333P03,Vehicle Driver,Private,0–50,"$300-$399 ($15,600-$20,799)",3-4,Insufficient bikes,True,Middle,20->29,Student
Y24H6200339,Y24H6200339P01,Vehicle Driver,Private,0–50,"$5,000-$5,999 ($260,000-$311,999)",2,Sufficient bikes,True,Middle,50->59,Student
Y24H6200339,Y24H6200339P02,Vehicle Driver,Private,0–50,"$5,000-$5,999 ($260,000-$311,999)",2,Sufficient bikes,True,Middle,50->59,Full time
Y24H6200340,Y24H6200340P01,Vehicle Driver,Private,0–50,"$2,500-$2,999 ($130,000-$155,999)",2,No bikes,True,Middle,60->69,Full time
Y24H6200340,Y24H6200340P02,Vehicle Driver,Private,0–50,"$2,500-$2,999 ($130,000-$155,999)",2,No bikes,True,Middle,30->39,Full time
Y24H6200405,Y24H6200405P02,Vehicle Driver,Private,0–50,"$4,000-$4,499 ($208,000-$233,999)",5+,Sufficient bikes,True,Outer,30->39,Not in labour force/Retired
Y24H6200410,Y24H6200410P01,Vehicle Driver,Private,0–50,"$1,500-$1,749 ($78,000-$90,999)",2,No bikes,True,Outer,60->69,Full time
Y24H6200430,Y24H6200430P01,Vehicle Driver,Private,0–50,"$4,500-$4,999 ($234,000-$259,999)",5+,Sufficient bikes,True,Outer,40->49,Full time
Y24H6200430,Y24H6200430P02,Vehicle Driver,Private,0–50,"$4,500-$4,999 ($234,000-$259,999)",5+,Sufficient bikes,True,Outer,40->49,Full time
Y24H6200440,Y24H6200440P01,Vehicle Driver,Private,0–50,"$4,000-$4,499 ($208,000-$233,999)",3-4,Sufficient bikes,True,Outer,40->49,Full time
Y24H6210208,Y24H6210208P02,Vehicle Driver,Private,0–50,"$3,500-$3,999 ($182,000-$207,999)",2,No bikes,True,Outer,50->59,Full time
Y24H6210211,Y24H6210211P01,Vehicle Driver,Private,0–50,"$4,000-$4,499 ($208,000-$233,999)",3-4,No bikes,True,Outer,30->39,Full time
Y24H6210212,Y24H6210212P01,Walking,Active,0–50,"$5,000-$5,999 ($260,000-$311,999)",2,No bikes,True,Outer,30->39,Full time
Y24H6210212,Y24H6210212P02,Vehicle Driver,Private,0–50,"$5,000-$5,999 ($260,000-$311,999)",2,No bikes,True,Outer,30->39,Full time
Y24H6210218,Y24H6210218P02,Vehicle Driver,Private,0–50,"$6,000-$7,999 ($312,000-$415,999)",2,Sufficient bikes,True,Outer,30->39,Full time
Y24H6210223,Y24H6210223P02,Vehicle Driver,Private,0–50,"$4,000-$4,499 ($208,000-$233,999)",2,No bikes,True,Outer,30->39,Full time
Y24H6210229,Y24H6210229P01,Vehicle Driver,Private,0–50,"$5,000-$5,999 ($260,000-$311,999)",2,No bikes,True,Outer,20->29,Full time
Y24H6210230,Y24H6210230P01,Train,Public,0–50,"$3,000-$3,499 ($156,000-$181,999)",3-4,Sufficient bikes,True,Outer,40->49,Full time
Y24H6210230,Y24H6210230P02,Vehicle Driver,Private,0–50,"$3,000-$3,499 ($156,000-$181,999)",3-4,Sufficient bikes,True,Outer,40->49,Part time
Y24H6210231,Y24H6210231P01,Vehicle Driver,Private,0–50,"$5,000-$5,999 ($260,000-$311,999)",2,No bikes,True,Outer,30->39,Full time
Y24H6210231,Y24H6210231P02,Train,Public,0–50,"$5,000-$5,999 ($260,000-$311,999)",2,No bikes,True,Outer,30->39,Full time
Y24H6210236,Y24H6210236P04,Vehicle Driver,Private,0–50,"$2,500-$2,999 ($130,000-$155,999)",3-4,No bikes,True,Outer,20->29,Full time
Y24H6210236,Y24H6210236P04,Vehicle Driver,Private,0–50,"$2,500-$2,999 ($130,000-$155,999)",3-4,No bikes,True,Outer,20->29,Full time
Y24H6210238,Y24H6210238P01,Vehicle Driver,Private,0–50,"$3,000-$3,499 ($156,000-$181,999)",3-4,Insufficient bikes,True,Outer,30->39,Part time
Y24H6210238,Y24H6210238P02,Vehicle Driver,Private,0–50,"$3,000-$3,499 ($156,000-$181,999)",3-4,Insufficient bikes,True,Outer,30->39,Full time
Y24H6210402,Y24H6210402P01,Vehicle Driver,Private,0–50,"$1,500-$1,749 ($78,000-$90,999)",1,Sufficient bikes,False,Middle,60->69,Part time
Y24H6210408,Y24H6210408P01,Vehicle Driver,Private,0–50,"$3,000-$3,499 ($156,000-$181,999)",2,Sufficient bikes,True,Middle,30->39,Full time
Y24H6210422,Y24H6210422P01,Vehicle Driver,Private,0–50,"$4,000-$4,499 ($208,000-$233,999)",2,Sufficient bikes,True,Middle,50->59,Full time
Y24H6210422,Y24H6210422P02,Vehicle Driver,Private,0–50,"$4,000-$4,499 ($208,000-$233,999)",2,Sufficient bikes,True,Middle,50->59,Part time
Y24H6210425,Y24H6210425P01,Vehicle Driver,Private,0–50,"$1,750-$1,999 ($91,000-$103,999)",5+,Sufficient bikes,True,Middle,50->59,Full time
Y24H6210428,Y24H6210428P02,Vehicle Driver,Private,0–50,"$5,000-$5,999 ($260,000-$311,999)",2,Sufficient bikes,True,Middle,40->49,Part time
Y24H6210430,Y24H6210430P01,Vehicle Driver,Private,0–50,"$2,500-$2,999 ($130,000-$155,999)",2,Sufficient bikes,True,Middle,40->49,Full time
Y24H6210430,Y24H6210430P02,Vehicle Driver,Private,0–50,"$2,500-$2,999 ($130,000-$155,999)",2,Sufficient bikes,True,Middle,40->49,Full time
Y24H6210501,Y24H6210501P01,Vehicle Driver,Private,0–50,"$2,500-$2,999 ($130,000-$155,999)",3-4,No bikes,True,Outer,30->39,Part time
Y24H6210511,Y24H6210511P01,Vehicle Driver,Private,0–50,"$1,250-$1,499 ($65,000-$77,999)",2,No bikes,True,Outer,20->29,Full time
Y24H6210511,Y24H6210511P02,Vehicle Passenger,Private,0–50,"$1,250-$1,499 ($65,000-$77,999)",2,No bikes,True,Outer,10->19,Full time
Y24H6210523,Y24H6210523P01,Vehicle Driver,Private,0–50,"$6,000-$7,999 ($312,000-$415,999)",2,No bikes,True,Outer,30->39,Full time
Y24H6210523,Y24H6210523P02,Vehicle Driver,Private,0–50,"$6,000-$7,999 ($312,000-$415,999)",2,No bikes,True,Outer,30->39,Full time
Y24H6210525,Y24H6210525P02,Vehicle Driver,Private,0–50,"$3,500-$3,999 ($182,000-$207,999)",2,No bikes,True,Outer,50->59,Full time
Y24H6220101,Y24H6220101P01,Vehicle Driver,Private,50–100,"$4,000-$4,499 ($208,000-$233,999)",5+,Sufficient bikes,True,Outer,40->49,Full time
Y24H6220119,Y24H6220119P01,Vehicle Driver,Private,0–50,"$300-$399 ($15,600-$20,799)",1,No bikes,False,Outer,30->39,Full time
Y24H6220121,Y24H6220121P01,Vehicle Driver,Private,0–50,"$800-$999 ($41,600-$51,999)",2,No bikes,True,Outer,50->59,Part time
Y24H6220408,Y24H6220408P01,Vehicle Driver,Private,0–50,"$3,000-$3,499 ($156,000-$181,999)",2,No bikes,True,Outer,30->39,Full time
Y24H6220408,Y24H6220408P02,Train,Public,0–50,"$3,000-$3,499 ($156,000-$181,999)",2,No bikes,True,Outer,30->39,Full time
Y24H6220409,Y24H6220409P01,Vehicle Driver,Private,0–50,"$3,000-$3,499 ($156,000-$181,999)",3-4,No bikes,True,Outer,40->49,Full time
Y24H6220411,Y24H6220411P01,Vehicle Driver,Private,0–50,"$3,000-$3,499 ($156,000-$181,999)",3-4,Sufficient bikes,True,Outer,40->49,Part time
Y24H6220411,Y24H6220411P02,Vehicle Driver,Private,0–50,"$3,000-$3,499 ($156,000-$181,999)",3-4,Sufficient bikes,True,Outer,40->49,Full time
Y24H6220412,Y24H6220412P01,Vehicle Driver,Private,0–50,"$1,500-$1,749 ($78,000-$90,999)",2,Sufficient bikes,True,Outer,30->39,Full time
Y24H6220419,Y24H6220419P01,Train,Public,0–50,"$2,500-$2,999 ($130,000-$155,999)",1,No bikes,True,Outer,30->39,Full time
Y24H6220429,Y24H6220429P02,Vehicle Driver,Private,0–50,"$5,000-$5,999 ($260,000-$311,999)",3-4,Sufficient bikes,True,Outer,40->49,Part time
Y24H6220436,Y24H6220436P01,Train,Public,0–50,"$1,750-$1,999 ($91,000-$103,999)",2,Insufficient bikes,True,Outer,60->69,Full time
Y24H6220501,Y24H6220501P01,Vehicle Driver,Private,0–50,"$1,750-$1,999 ($91,000-$103,999)",3-4,No bikes,True,Outer,30->39,Full time
Y24H6220501,Y24H6220501P02,Vehicle Driver,Private,0–50,"$1,750-$1,999 ($91,000-$103,999)",3-4,No bikes,True,Outer,30->39,Full time
Y24H6220503,Y24H6220503P01,Vehicle Driver,Private,0–50,"$3,500-$3,999 ($182,000-$207,999)",3-4,No bikes,True,Outer,30->39,Full time
Y24H6220505,Y24H6220505P03,Vehicle Driver,Private,0–50,"$2,500-$2,999 ($130,000-$155,999)",3-4,Insufficient bikes,True,Outer,20->29,Part time
Y24H6220506,Y24H6220506P02,Vehicle Driver,Private,0–50,"$1,250-$1,499 ($65,000-$77,999)",5+,Insufficient bikes,True,Outer,30->39,Full time
Y24H6220515,Y24H6220515P01,Vehicle Driver,Private,0–50,"$1,750-$1,999 ($91,000-$103,999)",3-4,Insufficient bikes,True,Outer,30->39,Full time
Y24H6220516,Y24H6220516P01,Vehicle Driver,Private,0–50,"$1,500-$1,749 ($78,000-$90,999)",5+,Insufficient bikes,True,Outer,30->39,Full time
Y24H6220516,Y24H6220516P02,Vehicle Driver,Private,0–50,"$1,500-$1,749 ($78,000-$90,999)",5+,Insufficient bikes,True,Outer,30->39,Full time
Y24H6220524,Y24H6220524P02,Vehicle Driver,Private,0–50,"$2,500-$2,999 ($130,000-$155,999)",5+,Insufficient bikes,True,Outer,30->39,Full time
Y24H6220531,Y24H6220531P02,Vehicle Driver,Private,0–50,"$1,250-$1,499 ($65,000-$77,999)",3-4,Insufficient bikes,True,Outer,20->29,Full time
Y24H6220536,Y24H6220536P02,Vehicle Driver,Private,0–50,"$1,500-$1,749 ($78,000-$90,999)",5+,No bikes,True,Outer,50->59,Part time
Y24H6220539,Y24H6220539P01,Vehicle Driver,Private,50–100,"$3,500-$3,999 ($182,000-$207,999)",1,No bikes,True,Outer,30->39,Full time
Y24H6230102,Y24H6230102P02,Vehicle Driver,Private,0–50,"$800-$999 ($41,600-$51,999)",3-4,No bikes,True,Middle,60->69,Full time
Y24H6230118,Y24H6230118P02,Vehicle Driver,Private,0–50,"$2,500-$2,999 ($130,000-$155,999)",3-4,No bikes,True,Middle,20->29,Full time
Y24H6230127,Y24H6230127P03,Vehicle Driver,Private,0–50,"$2,000-$2,499 ($104,000-$129,999)",3-4,No bikes,True,Middle,20->29,Part time
Y24H6230127,Y24H6230127P04,Vehicle Driver,Private,0–50,"$2,000-$2,499 ($104,000-$129,999)",3-4,No bikes,True,Middle,20->29,Student
Y24H6230130,Y24H6230130P01,Vehicle Driver,Private,0–50,"$2,000-$2,499 ($104,000-$129,999)",3-4,Insufficient bikes,True,Middle,50->59,Full time
Y24H6230130,Y24H6230130P02,Vehicle Driver,Private,0–50,"$2,000-$2,499 ($104,000-$129,999)",3-4,Insufficient bikes,True,Middle,50->59,Full time
Y24H6230130,Y24H6230130P03,Vehicle Driver,Private,0–50,"$2,000-$2,499 ($104,000-$129,999)",3-4,Insufficient bikes,True,Middle,20->29,Full time
Y24H6230130,Y24H6230130P04,Vehicle Driver,Private,0–50,"$2,000-$2,499 ($104,000-$129,999)",3-4,Insufficient bikes,True,Middle,20->29,Full time
Y24H6230132,Y24H6230132P01,Vehicle Driver,Private,0–50,"$6,000-$7,999 ($312,000-$415,999)",3-4,No bikes,True,Middle,40->49,Full time
Y24H6230140,Y24H6230140P01,Vehicle Driver,Private,0–50,"$1,500-$1,749 ($78,000-$90,999)",2,No bikes,True,Middle,50->59,Full time
Y24H6230401,Y24H6230401P03,Vehicle Driver,Private,0–50,"$4,500-$4,999 ($234,000-$259,999)",3-4,Sufficient bikes,True,Middle,20->29,Part time
Y24H6230402,Y24H6230402P01,Vehicle Passenger,Private,0–50,"$2,000-$2,499 ($104,000-$129,999)",2,No bikes,True,Middle,40->49,Full time
Y24H6230404,Y24H6230404P01,Train,Public,0–50,"$6,000-$7,999 ($312,000-$415,999)",3-4,Sufficient bikes,True,Middle,50->59,Full time
Y24H6230404,Y24H6230404P02,Vehicle Driver,Private,0–50,"$6,000-$7,999 ($312,000-$415,999)",3-4,Sufficient bikes,True,Middle,50->59,Full time
Y24H6230404,Y24H6230404P03,Train,Public,0–50,"$6,000-$7,999 ($312,000-$415,999)",3-4,Sufficient bikes,True,Middle,20->29,Full time
Y24H6230405,Y24H6230405P01,Vehicle Driver,Private,0–50,"$1,750-$1,999 ($91,000-$103,999)",2,No bikes,True,Middle,30->39,Full time
Y24H6230405,Y24H6230405P02,Train,Public,0–50,"$1,750-$1,999 ($91,000-$103,999)",2,No bikes,True,Middle,20->29,Student
Y24H6230408,Y24H6230408P02,Train,Public,0–50,"$6,000-$7,999 ($312,000-$415,999)",5+,Sufficient bikes,True,Middle,40->49,Full time
Y24H6230409,Y24H6230409P01,Vehicle Driver,Private,0–50,"$6,000-$7,999 ($312,000-$415,999)",3-4,No bikes,True,Middle,50->59,Full time
Y24H6230411,Y24H6230411P01,Vehicle Driver,Private,0–50,"$6,000-$7,999 ($312,000-$415,999)",3-4,No bikes,True,Middle,50->59,Full time
Y24H6230415,Y24H6230415P02,Vehicle Driver,Private,0–50,"$2,500-$2,999 ($130,000-$155,999)",2,No bikes,True,Middle,60->69,Full time
Y24H6230432,Y24H6230432P04,Vehicle Passenger,Private,0–50,"$2,000-$2,499 ($104,000-$129,999)",5+,Insufficient bikes,True,Middle,20->29,Full time
Y24H6230432,Y24H6230432P06,Vehicle Driver,Private,0–50,"$2,000-$2,499 ($104,000-$129,999)",5+,Insufficient bikes,True,Middle,10->19,Student
Y24H6230433,Y24H6230433P01,Vehicle Driver,Private,0–50,"$1,750-$1,999 ($91,000-$103,999)",2,No bikes,True,Middle,60->69,Full time
Y24H6230433,Y24H6230433P01,Vehicle Driver,Private,0–50,"$1,750-$1,999 ($91,000-$103,999)",2,No bikes,True,Middle,60->69,Full time
Y24H6230501,Y24H6230501P02,Vehicle Driver,Private,0–50,"$1,500-$1,749 ($78,000-$90,999)",3-4,No bikes,True,Outer,40->49,Part time
Y24H6230511,Y24H6230511P01,Vehicle Driver,Private,50–100,"$1,750-$1,999 ($91,000-$103,999)",2,No bikes,True,Outer,60->69,Full time
Y24H6230518,Y24H6230518P01,Train,Public,50–100,"$1,250-$1,499 ($65,000-$77,999)",2,Sufficient bikes,True,Outer,60->69,Full time
Y24H6230519,Y24H6230519P02,Vehicle Driver,Private,50–100,"$2,500-$2,999 ($130,000-$155,999)",3-4,Insufficient bikes,True,Outer,30->39,Full time
Y24H6230523,Y24H6230523P02,Vehicle Driver,Private,0–50,"$650-$799 ($33,800-$41,599)",2,No bikes,True,Outer,30->39,Full time
Y24H6230524,Y24H6230524P02,Vehicle Driver,Private,50–100,"$5,000-$5,999 ($260,000-$311,999)",2,No bikes,True,Outer,20->29,Part time
Y24H6230525,Y24H6230525P01,Vehicle Driver,Private,50–100,"$2,500-$2,999 ($130,000-$155,999)",2,No bikes,True,Outer,30->39,Full time
Y24H6230529,Y24H6230529P01,Vehicle Driver,Private,50–100,"$5,000-$5,999 ($260,000-$311,999)",3-4,Insufficient bikes,True,Outer,30->39,Full time
Y24H6230529,Y24H6230529P02,Vehicle Driver,Private,50–100,"$5,000-$5,999 ($260,000-$311,999)",3-4,Insufficient bikes,True,Outer,30->39,Full time
Y24H6230531,Y24H6230531P01,Vehicle Driver,Private,50–100,"$2,500-$2,999 ($130,000-$155,999)",2,No bikes,True,Outer,40->49,Student
Y24H6230531,Y24H6230531P02,Vehicle Driver,Private,0–50,"$2,500-$2,999 ($130,000-$155,999)",2,No bikes,True,Outer,40->49,Full time
Y24H6240201,Y24H6240201P01,Vehicle Driver,Private,0–50,"$2,500-$2,999 ($130,000-$155,999)",1,No bikes,True,Middle,60->69,Full time
Y24H6240233,Y24H6240233P01,Train,Public,0–50,"$3,500-$3,999 ($182,000-$207,999)",2,Sufficient bikes,True,Middle,30->39,Full time
Y24H6240238,Y24H6240238P01,Vehicle Driver,Private,0–50,"$2,500-$2,999 ($130,000-$155,999)",3-4,No bikes,True,Middle,30->39,Full time
Y24H6240240,Y24H6240240P02,Vehicle Driver,Private,0–50,"$3,500-$3,999 ($182,000-$207,999)",3-4,Insufficient bikes,True,Middle,30->39,Part time
Y24H6240240,Y24H6240240P03,Vehicle Driver,Private,0–50,"$3,500-$3,999 ($182,000-$207,999)",3-4,Insufficient bikes,True,Middle,30->39,Full time
Y24H6240404,Y24H6240404P01,Vehicle Driver,Private,0–50,"$2,500-$2,999 ($130,000-$155,999)",2,No bikes,True,Middle,30->39,Full time
Y24H6240404,Y24H6240404P02,Vehicle Driver,Private,0–50,"$2,500-$2,999 ($130,000-$155,999)",2,No bikes,True,Middle,30->39,Full time
Y24H6240410,Y24H6240410P01,Vehicle Driver,Private,0–50,"$1,750-$1,999 ($91,000-$103,999)",3-4,Sufficient bikes,True,Middle,40->49,Full time
Y24H6240415,Y24H6240415P01,Vehicle Driver,Private,100–150,"$1,250-$1,499 ($65,000-$77,999)",5+,Sufficient bikes,True,Middle,40->49,Full time
Y24H6240416,Y24H6240416P02,Vehicle Driver,Private,0–50,"$6,000-$7,999 ($312,000-$415,999)",3-4,Sufficient bikes,True,Middle,40->49,Full time
Y24H6240418,Y24H6240418P03,Vehicle Driver,Private,0–50,"$4,000-$4,499 ($208,000-$233,999)",3-4,Insufficient bikes,True,Middle,20->29,Part time
Y24H6240426,Y24H6240426P01,Vehicle Driver,Private,0–50,"$3,000-$3,499 ($156,000-$181,999)",3-4,No bikes,True,Middle,60->69,Full time
Y24H6240426,Y24H6240426P02,Vehicle Driver,Private,0–50,"$3,000-$3,499 ($156,000-$181,999)",3-4,No bikes,True,Middle,20->29,Full time
Y24H6240431,Y24H6240431P01,Vehicle Driver,Private,100–150,"$4,000-$4,499 ($208,000-$233,999)",5+,Insufficient bikes,True,Middle,40->49,Full time
Y24H6240431,Y24H6240431P02,Vehicle Driver,Private,0–50,"$4,000-$4,499 ($208,000-$233,999)",5+,Insufficient bikes,True,Middle,30->39,Part time
Y24H6240431,Y24H6240431P02,Vehicle Driver,Private,0–50,"$4,000-$4,499 ($208,000-$233,999)",5+,Insufficient bikes,True,Middle,30->39,Part time
Y24H6240431,Y24H6240431P02,Vehicle Driver,Private,0–50,"$4,000-$4,499 ($208,000-$233,999)",5+,Insufficient bikes,True,Middle,30->39,Part time
Y24H6240440,Y24H6240440P01,Vehicle Driver,Private,0–50,"$3,500-$3,999 ($182,000-$207,999)",5+,Sufficient bikes,True,Middle,30->39,Full time
Y24H6240441,Y24H6240441P01,Train,Public,0–50,"$1,250-$1,499 ($65,000-$77,999)",1,No bikes,False,Middle,20->29,Full time
Y24H6250101,Y24H6250101P02,Vehicle Driver,Private,0–50,"$3,500-$3,999 ($182,000-$207,999)",5+,Insufficient bikes,True,Outer,40->49,Full time
Y24H6250103,Y24H6250103P01,Vehicle Driver,Private,0–50,"$4,000-$4,499 ($208,000-$233,999)",3-4,Sufficient bikes,True,Outer,40->49,Full time
Y24H6250105,Y24H6250105P01,Vehicle Driver,Private,0–50,"$4,500-$4,999 ($234,000-$259,999)",5+,Insufficient bikes,True,Outer,50->59,Part time
Y24H6250105,Y24H6250105P02,Vehicle Driver,Private,0–50,"$4,500-$4,999 ($234,000-$259,999)",5+,Insufficient bikes,True,Outer,50->59,Full time
Y24H6250105,Y24H6250105P04,Vehicle Driver,Private,0–50,"$4,500-$4,999 ($234,000-$259,999)",5+,Insufficient bikes,True,Outer,10->19,Student
Y24H6250105,Y24H6250105P05,Vehicle Passenger,Private,0–50,"$4,500-$4,999 ($234,000-$259,999)",5+,Insufficient bikes,True,Outer,10->19,Student
Y24H6250125,Y24H6250125P01,Train,Public,0–50,"$5,000-$5,999 ($260,000-$311,999)",3-4,Insufficient bikes,True,Outer,40->49,Full time
Y24H6250125,Y24H6250125P02,Train,Public,0–50,"$5,000-$5,999 ($260,000-$311,999)",3-4,Insufficient bikes,True,Outer,40->49,Full time
Y24H6250401,Y24H6250401P02,Vehicle Driver,Private,0–50,"$3,000-$3,499 ($156,000-$181,999)",2,No bikes,True,Middle,30->39,Full time
Y24H6250404,Y24H6250404P01,Vehicle Driver,Private,0–50,"$2,500-$2,999 ($130,000-$155,999)",2,Sufficient bikes,True,Middle,30->39,Full time
Y24H6250412,Y24H6250412P01,Vehicle Driver,Private,0–50,"$4,000-$4,499 ($208,000-$233,999)",3-4,Insufficient bikes,True,Middle,50->59,Full time
Y24H6250412,Y24H6250412P02,Vehicle Driver,Private,0–50,"$4,000-$4,499 ($208,000-$233,999)",3-4,Insufficient bikes,True,Middle,50->59,Full time
Y24H6250416,Y24H6250416P01,Vehicle Driver,Private,0–50,"$3,000-$3,499 ($156,000-$181,999)",3-4,No bikes,True,Middle,60->69,Full time
Y24H6250416,Y24H6250416P02,Vehicle Passenger,Private,0–50,"$3,000-$3,499 ($156,000-$181,999)",3-4,No bikes,True,Middle,60->69,Full time
Y24H6250416,Y24H6250416P03,Train,Public,0–50,"$3,000-$3,499 ($156,000-$181,999)",3-4,No bikes,True,Middle,30->39,Full time
Y24H6250423,Y24H6250423P02,Vehicle Passenger,Private,0–50,"$3,500-$3,999 ($182,000-$207,999)",2,Insufficient bikes,True,Middle,10->19,Student
Y24H6250425,Y24H6250425P01,Vehicle Driver,Private,0–50,"$6,000-$7,999 ($312,000-$415,999)",2,Sufficient bikes,True,Middle,30->39,Full time
Y24H6250425,Y24H6250425P02,Vehicle Driver,Private,0–50,"$6,000-$7,999 ($312,000-$415,999)",2,Sufficient bikes,True,Middle,30->39,Full time
Y24H6250427,Y24H6250427P02,Vehicle Driver,Private,0–50,"$3,500-$3,999 ($182,000-$207,999)",2,Sufficient bikes,True,Middle,60->69,Full time
Y24H6250429,Y24H6250429P01,Vehicle Driver,Private,0–50,"$2,000-$2,499 ($104,000-$129,999)",2,No bikes,True,Middle,20->29,Full time
Y24H6250430,Y24H6250430P01,Train,Public,0–50,"$2,500-$2,999 ($130,000-$155,999)",3-4,No bikes,True,Middle,40->49,Full time
Y24H6250432,Y24H6250432P01,Vehicle Driver,Private,0–50,0,1,No bikes,True,Middle,60->69,Part time
Y24H6250438,Y24H6250438P01,Vehicle Driver,Private,0–50,"$4,000-$4,499 ($208,000-$233,999)",3-4,Insufficient bikes,True,Middle,50->59,Full time
